KIDS,KID19,ER30001,ER30002,ER32000,ER32006,ER34701,ER34702,ER34703,P19REL,P19E5,P19E6,P19E10_09,P19E15,P19E16_3,P19E26_5,P19E33_6,P19E53A,C19REL,C19B12,C19B13
1,1.1,4,48,2,2,4681,4,33,1,5,0,0,5,0,0,0,2,,,
1,1.1,4,49,1,2,8968,3,60,1,5,0,0,5,0,0,0,1,,,
1,1.1,4,50,1,2,8968,4,60,1,5,0,0,5,0,0,0,1,,,
1,1.1,4,51,2,2,4681,5,30,1,0,0,0,0,0,0,0,1,,,
1,1.1,4,52,2,2,7781,3,30,1,0,0,0,0,0,0,0,2,,,
1,1.2,7,51,2,2,4044,3,30,1,5,0,0,5,0,0,0,1,2,998,4
1,1.2,7,52,2,2,4093,3,30,1,5,0,0,5,0,0,0,1,2,3.4,4
1,1.2,7,54,2,2,4093,4,30,1,5,0,0,5,0,0,0,1,2,0,0
1,1.2,7,55,1,2,3893,3,30,1,5,0,0,5,0,0,0,1,2,0,0
1,1.1,7,56,1,2,4093,5,30,1,5,0,0,5,0,0,0,0,,,
1,1.1,7,57,1,2,4016,3,30,1,5,0,0,5,0,5,0,0,,,
1,1.2,7,58,2,2,4290,3,35,1,1,6,0,5,0,0,0,1,2,0,0
1,1.2,7,60,2,2,3893,4,30,1,5,0,0,5,0,0,0,0,2,0,0
1,1.1,7,61,2,2,4016,4,30,1,0,0,0,0,0,0,0,0,,,
1,1.1,7,63,1,2,4290,4,35,1,1,6,0,5,0,0,0,0,,,
1,1.1,7,64,2,2,4308,3,30,1,0,0,0,0,0,0,0,3,,,
1,1.1,7,66,1,2,4077,2,30,1,0,0,0,0,0,0,0,0,,,
1,1.1,7,67,2,2,4077,3,30,1,0,0,0,0,0,0,0,0,,,
1,1.1,7,68,2,2,4290,5,30,1,0,0,0,0,0,0,0,0,,,
1,1.1,7,69,1,2,4454,4,30,1,0,0,0,0,0,0,0,0,,,
1,1.2,10,36,2,2,2922,3,30,1,1,5,0,1,1,0,5,1,2,0,0
1,1.2,10,37,2,2,3172,3,30,1,5,0,5,1,5,0,0,1,2,0,0
1,1.2,10,38,2,2,3136,3,33,1,5,0,0,1,5,1,1,2,2,0,0
1,1.1,10,39,2,2,3136,5,30,1,0,0,0,0,0,0,0,0,,,
1,1.2,16,37,2,2,4578,3,30,1,1,1,0,1,5,0,5,3,2,3.7,4
1,1.2,16,41,2,2,4578,4,30,1,1,4,0,1,5,0,0,5,2,0,0
1,1.1,18,53,1,2,4822,5,60,1,0,0,0,0,0,0,0,0,,,
1,1.1,19,31,1,2,9381,2,30,1,1,2,5,5,0,0,0,5,,,
1,1.1,22,33,2,2,3989,2,60,1,5,0,0,1,5,0,0,1,,,
1,1.1,22,34,1,2,4137,3,30,1,0,0,0,0,0,0,0,3,,,
1,1.1,22,35,2,2,3989,4,60,1,0,0,0,0,0,0,0,3,,,
1,1.1,22,36,1,2,4137,4,30,1,0,0,0,0,0,0,0,5,,,
1,1.1,23,32,1,2,6758,3,30,1,1,3,0,5,0,0,5,1,,,
1,1.2,23,33,1,2,6758,4,30,1,5,0,0,5,0,0,5,1,2,3.9,4
1,1.1,23,34,2,2,6758,5,30,1,5,0,0,5,0,5,0,2,,,
1,1.1,39,34,2,2,7520,2,30,1,1,2,0,5,0,0,0,1,,,
1,1.2,40,44,2,2,6018,3,30,1,5,0,0,1,5,5,0,1,2,3.8,4
1,1.2,40,45,1,2,6018,4,30,1,1,1,0,5,0,5,0,5,2,0,0
1,1.1,41,33,1,2,7036,3,60,1,1,3,5,5,0,5,5,0,,,
1,1.2,41,36,2,2,8092,2,30,1,5,0,0,5,0,5,0,2,2,3.8,4
1,1.2,41,38,2,2,4543,4,35,1,1,6,0,1,5,5,0,1,2,4.2,5
1,1.1,41,39,1,2,5209,3,30,1,5,0,0,5,0,0,0,1,,,
1,1.2,41,40,2,2,4543,5,30,1,1,6,0,1,1,0,0,1,2,0,0
1,1.1,41,41,2,2,5209,4,30,1,5,0,0,5,0,0,0,1,,,
1,1.1,41,42,2,2,8092,3,30,1,1,4,0,1,1,0,0,5,,,
1,1.2,41,43,2,2,4624,2,30,1,5,0,5,1,5,0,0,1,2,0,0
1,1.1,41,44,1,2,7321,3,30,1,1,2,0,5,0,0,0,1,,,
1,1.1,41,45,1,2,7321,4,30,1,1,3,5,5,0,0,0,1,,,
1,1.1,41,47,1,2,7321,5,30,1,0,0,0,0,0,0,0,0,,,
1,1.1,41,49,1,2,4624,3,30,1,0,0,0,0,0,0,0,0,,,
1,1.2,45,35,2,2,2342,3,60,1,5,0,5,5,0,0,0,1,2,998,98
1,1.1,45,36,2,2,1941,2,30,1,0,0,0,0,0,0,0,5,,,
1,1.1,45,37,1,2,2189,2,30,1,0,0,0,0,0,0,0,0,,,
1,1.1,45,38,1,2,2189,3,30,1,0,0,0,0,0,0,0,0,,,
1,1.1,45,190,1,3,2232,4,60,1,5,0,0,5,0,0,0,1,,,
1,1.1,47,44,2,2,5452,3,30,1,1,6,0,1,1,1,0,1,,,
1,1.1,50,36,1,2,6567,2,30,1,1,1,0,5,0,0,0,5,,,
1,1.1,50,37,1,2,6567,3,30,1,1,5,0,5,0,0,0,2,,,
1,1.2,51,35,1,2,8925,3,33,1,1,5,0,1,1,0,0,1,2,0,0
1,1.1,51,36,1,2,8925,4,33,1,5,0,5,5,0,0,0,2,,,
1,1.1,51,37,1,2,8925,5,33,1,5,0,5,5,0,0,0,2,,,
1,1.2,53,44,2,2,7899,4,30,1,1,2,0,5,0,0,0,1,2,3.4,4
1,1.2,53,48,1,2,5717,3,30,1,1,3,0,5,0,0,0,1,2,3.5,4
1,1.2,53,49,2,2,5717,4,30,1,1,5,0,5,0,0,0,4,2,0,0
1,1.2,53,50,2,2,5717,5,30,1,5,0,0,1,1,0,0,1,2,0,0
1,1.1,53,53,2,2,9258,3,30,1,5,0,0,1,1,5,0,0,,,
1,1.1,53,56,2,2,6580,3,30,1,0,0,0,0,0,0,0,0,,,
1,1.1,57,35,2,2,1686,3,30,1,0,0,0,0,0,0,0,1,,,
1,1.1,57,186,1,3,1686,2,30,1,5,0,0,5,0,0,0,3,,,
1,1.2,60,41,1,2,6093,3,30,1,5,0,0,1,1,5,5,1,2,3.44,4
1,1.2,60,42,1,2,6093,4,30,1,5,0,0,1,1,5,0,1,2,998,98
1,1.2,60,43,2,2,5160,3,30,1,1,3,0,1,1,5,5,1,2,0,0
1,1.1,61,38,1,2,6396,3,30,1,1,1,5,5,0,0,0,2,,,
1,1.1,61,39,1,2,6396,4,30,1,1,1,0,5,0,0,0,1,,,
1,1.1,61,40,1,2,4790,3,30,1,0,0,0,0,0,0,0,2,,,
1,1.1,61,42,1,2,6396,5,30,1,0,0,0,0,0,0,0,0,,,
1,1.2,68,32,1,2,1585,4,30,1,1,1,0,5,0,0,5,2,2,0,0
1,1.1,68,33,2,2,1585,5,30,1,1,1,0,5,0,0,5,1,,,
1,1.1,84,37,2,2,4796,3,30,1,1,2,0,5,0,0,0,1,,,
1,1.1,84,38,1,2,6529,3,30,1,5,0,0,5,0,0,0,3,,,
1,1.1,84,39,2,2,6529,4,30,1,5,0,0,1,5,0,0,1,,,
1,1.1,84,40,2,2,4796,4,30,1,1,6,0,1,1,0,0,2,,,
1,1.1,84,43,2,2,6438,3,30,1,0,0,0,0,0,0,0,2,,,
1,1.1,84,44,1,2,7341,4,30,1,0,0,0,0,0,0,0,0,,,
1,1.1,84,190,1,3,7341,3,30,1,0,0,0,0,0,0,0,0,,,
1,1.2,88,38,1,2,8476,3,30,1,1,2,5,1,5,5,5,1,2,0,0
1,1.1,88,39,2,2,8476,4,30,1,1,5,0,1,5,0,0,1,,,
1,1.1,88,41,2,2,7278,3,30,1,0,0,0,0,0,0,0,2,,,
1,1.1,88,42,2,2,7278,4,30,1,0,0,0,0,0,0,0,2,,,
1,1.1,96,36,1,2,1555,3,30,1,1,5,5,5,0,5,5,1,,,
1,1.1,96,37,2,2,1555,4,30,1,0,0,0,0,0,0,0,5,,,
1,1.1,96,38,2,2,2331,3,30,1,0,0,0,0,0,0,0,0,,,
1,1.2,105,43,2,2,6536,3,30,1,5,0,0,5,0,0,5,1,2,998,4
1,1.1,105,44,1,2,6420,2,30,1,5,0,0,5,0,0,0,2,,,
1,1.1,105,45,2,2,8672,4,60,1,0,0,0,0,0,0,0,0,,,
1,1.1,105,185,2,3,6153,2,30,1,5,0,0,5,0,0,0,1,,,
1,1.1,105,198,1,3,4739,3,30,1,0,0,0,0,0,0,0,0,,,
1,1.2,113,33,2,2,874,4,30,1,1,2,0,5,0,5,0,2,2,0,0
1,1.1,113,34,2,2,874,5,30,1,1,5,5,1,1,5,5,2,,,
1,1.2,114,36,2,2,9075,3,30,1,5,0,0,5,0,5,0,1,2,3.5,4
1,1.2,114,37,1,2,9075,4,30,1,1,1,0,5,0,0,0,2,2,0,0
1,1.2,121,39,2,2,5346,3,33,1,1,1,0,5,0,0,0,1,2,998,98
1,1.2,121,40,2,2,5346,4,33,1,1,5,0,1,1,0,5,1,2,0,0
1,1.2,122,41,1,2,9566,3,30,1,5,0,5,5,0,0,0,1,2,998,4
1,1.2,122,42,2,2,4568,3,30,1,5,0,0,1,5,0,0,2,2,998,4
1,1.2,122,43,2,2,9566,4,30,1,5,0,5,1,1,5,0,1,2,998,98
1,1.1,127,38,2,2,5896,3,30,1,5,0,0,1,5,5,0,2,,,
1,1.1,127,41,2,2,5896,4,30,1,0,0,0,0,0,0,0,2,,,
1,1.1,138,35,2,2,3877,4,30,1,1,5,0,5,0,0,5,0,,,
1,1.1,138,36,1,2,3877,5,30,1,0,0,0,0,0,0,0,0,,,
1,1.2,151,40,2,2,6472,3,30,1,5,0,0,5,0,0,0,1,2,4.1,5
1,1.2,151,41,1,2,6472,4,30,1,5,0,0,5,0,0,0,3,2,0,0
1,1.1,151,42,2,2,6472,5,30,1,5,0,0,1,1,0,0,1,,,
1,1.2,151,43,1,2,6472,6,30,1,5,0,0,5,0,0,0,4,2,0,0
1,1.1,151,44,2,2,7549,3,30,1,5,0,0,1,1,0,0,4,,,
1,1.1,151,45,2,2,7357,3,30,1,0,0,0,0,0,0,0,0,,,
1,1.1,151,46,1,2,4944,3,30,1,0,0,0,0,0,0,0,2,,,
1,1.1,151,47,2,2,7549,4,30,1,0,0,0,0,0,0,0,4,,,
1,1.1,151,48,2,2,4944,4,30,1,0,0,0,0,0,0,0,0,,,
1,1.1,151,49,1,2,7357,4,30,1,0,0,0,0,0,0,0,0,,,
1,1.1,151,50,1,2,7549,5,30,1,0,0,0,0,0,0,0,0,,,
1,1.2,156,33,1,2,2964,4,30,1,5,0,0,5,0,0,5,0,2,998,98
1,1.1,156,34,1,2,3417,3,30,1,5,0,0,1,1,0,0,2,,,
1,1.1,156,35,2,2,3417,4,30,1,5,0,0,1,5,0,0,1,,,
1,1.1,165,33,1,2,738,3,30,1,0,0,0,0,0,0,0,5,,,
1,1.1,165,34,1,2,738,4,30,1,0,0,0,0,0,0,0,5,,,
1,1.2,166,34,1,2,944,3,30,1,1,1,0,5,0,0,0,1,2,4,98
1,1.2,166,35,1,2,944,4,30,1,1,1,5,5,0,0,5,2,2,0,0
1,1.1,172,41,1,2,5060,4,30,1,1,1,5,5,0,0,0,4,,,
1,1.2,172,42,1,2,8802,2,60,1,5,0,0,5,0,5,5,1,2,1.89,4
1,1.1,172,43,1,2,5060,5,30,1,1,1,0,5,0,0,5,1,,,
1,1.1,172,44,2,2,7865,3,30,1,1,5,0,1,1,0,0,2,,,
1,1.1,172,45,2,2,7865,4,30,1,0,0,0,0,0,0,0,2,,,
1,1.2,173,43,1,2,174,4,33,1,5,0,0,5,0,0,0,5,2,0,0
1,1.1,173,44,2,2,703,3,30,1,1,1,0,5,0,5,5,1,,,
1,1.2,173,45,2,2,682,3,30,1,5,0,5,5,0,0,5,5,2,0,0
1,1.1,173,46,1,2,682,4,30,1,5,0,0,5,0,0,5,5,,,
1,1.1,173,47,2,2,58,3,35,1,0,0,0,0,0,0,0,3,,,
1,1.1,173,48,2,2,703,4,30,1,0,0,0,0,0,0,0,0,,,
1,1.1,173,49,1,2,1158,3,30,1,0,0,0,0,0,0,0,0,,,
1,1.1,173,50,2,2,58,4,35,1,0,0,0,0,0,0,0,3,,,
1,1.1,174,43,2,2,1599,3,30,1,5,0,0,1,5,5,5,4,,,
1,1.1,174,44,2,2,1599,4,30,1,0,0,0,0,0,0,0,0,,,
1,1.1,174,45,2,2,1779,3,30,1,0,0,0,0,0,0,0,4,,,
1,1.1,174,46,2,2,1779,4,30,1,0,0,0,0,0,0,0,0,,,
1,1.1,180,34,2,2,2940,2,30,1,5,0,5,5,0,0,0,5,,,
1,1.1,180,35,2,2,2940,3,30,1,0,0,0,0,0,0,0,4,,,
1,1.1,180,36,1,2,3050,4,30,1,0,0,0,0,0,0,0,2,,,
1,1.1,180,37,1,2,3050,5,30,1,0,0,0,0,0,0,0,3,,,
1,1.1,180,38,1,2,3236,4,30,1,0,0,0,0,0,0,0,0,,,
1,1.1,180,175,1,3,3050,3,35,1,5,0,5,5,0,0,0,4,,,
1,1.1,190,187,1,3,4057,3,60,1,5,0,0,5,0,0,0,3,,,
1,1.1,191,32,2,2,3375,3,30,1,0,0,0,0,0,0,0,5,,,
1,1.1,197,35,1,2,9117,3,30,1,1,1,0,5,0,5,0,0,,,
1,1.1,197,36,1,2,9117,4,30,1,5,0,5,5,0,0,0,0,,,
1,1.1,197,37,2,2,9117,5,30,1,1,2,0,1,5,5,0,0,,,
1,1.1,197,38,1,2,9117,6,30,1,1,2,5,5,0,0,0,0,,,
1,1.1,197,39,1,2,9117,7,30,1,1,2,5,5,0,0,0,0,,,
1,1.1,197,40,2,2,9117,8,30,1,0,0,0,0,0,0,0,0,,,
1,1.1,197,41,2,2,7250,3,30,1,0,0,0,0,0,0,0,0,,,
1,1.1,197,47,1,2,7323,3,30,1,5,0,5,1,1,0,0,2,,,
1,1.1,197,48,2,2,7323,4,30,1,5,0,0,1,5,0,5,2,,,
1,1.1,197,49,2,2,7323,5,30,1,0,0,0,0,0,0,0,0,,,
1,1.1,197,50,1,2,7097,3,30,1,1,6,0,5,0,0,0,0,,,
1,1.1,197,51,1,2,7097,4,30,1,1,6,0,5,0,0,0,0,,,
1,1.1,197,52,2,2,7250,4,30,1,0,0,0,0,0,0,0,0,,,
1,1.1,197,53,1,2,7097,5,30,1,0,0,0,0,0,0,0,0,,,
1,1.1,197,54,1,2,9117,9,30,1,0,0,0,0,0,0,0,0,,,
1,1.1,197,55,1,2,7250,5,30,1,0,0,0,0,0,0,0,0,,,
1,1.1,197,56,2,2,7323,6,30,1,0,0,0,0,0,0,0,0,,,
1,1.1,197,57,1,2,7097,6,30,1,0,0,0,0,0,0,0,0,,,
1,1.2,200,39,2,2,1386,3,30,1,1,1,0,5,0,0,0,4,2,3,4
1,1.1,200,40,1,2,1486,3,33,1,1,1,0,5,0,0,0,1,,,
1,1.1,200,43,2,2,1486,4,33,1,1,5,5,5,0,0,0,2,,,
1,1.2,200,44,1,2,2289,2,30,1,5,0,0,1,1,0,0,0,2,998,98
1,1.2,200,47,1,2,1386,4,30,1,1,1,0,5,0,0,0,2,2,0,0
1,1.1,200,48,2,2,1386,5,30,1,0,0,0,0,0,0,0,0,,,
1,1.2,214,32,2,2,2119,4,30,1,1,1,0,5,0,5,0,1,2,3.89,5
1,1.1,220,31,1,2,2800,3,30,1,5,0,0,5,0,0,0,2,,,
1,1.1,220,32,2,2,2800,4,30,1,0,0,0,0,0,0,0,0,,,
1,1.1,223,32,2,2,744,3,30,1,1,4,0,1,5,0,0,3,,,
1,1.1,223,33,2,2,744,4,30,1,1,5,0,1,5,0,0,2,,,
1,1.1,228,33,2,2,514,3,30,1,0,0,0,0,0,0,0,1,,,
1,1.2,236,35,2,2,519,3,30,1,5,0,0,5,0,0,0,1,2,3.6,4
1,1.2,236,36,1,2,1161,3,30,1,1,2,0,5,0,0,0,1,2,4,4.5
1,1.2,236,37,1,2,1161,4,30,1,1,2,0,5,0,5,0,1,2,3.75,4.2
1,1.2,236,38,2,2,1161,5,30,1,1,2,0,5,0,5,0,1,2,0,0
1,1.2,236,39,2,2,1161,6,30,1,1,5,0,1,1,5,0,1,2,0,0
1,1.2,236,40,1,2,1038,3,30,1,1,5,0,1,1,0,5,4,2,0,0
1,1.1,236,41,1,2,1038,4,30,1,5,0,0,5,0,0,5,5,,,
1,1.1,236,42,1,2,1038,5,30,1,0,0,0,0,0,0,0,0,,,
1,1.2,242,32,2,2,915,2,30,1,5,0,0,5,0,0,0,2,2,3.6,4
1,1.2,242,33,2,2,915,3,30,1,5,0,0,5,0,0,0,5,2,0,0
1,1.1,242,34,2,2,915,4,30,1,5,0,0,5,0,0,0,0,,,
1,1.2,245,36,1,2,9003,3,30,1,1,1,0,5,0,0,0,1,2,2.5,4
1,1.1,245,37,2,2,9003,4,30,1,1,5,0,1,1,5,0,2,,,
1,1.1,246,32,2,2,690,3,30,1,0,0,0,0,0,0,0,4,,,
1,1.1,246,33,1,2,633,3,30,1,0,0,0,0,0,0,0,0,,,
1,1.2,250,35,2,2,1966,4,30,1,5,0,0,5,0,0,0,1,2,4.46,5
1,1.1,254,32,1,2,9495,3,30,1,1,5,0,5,0,0,0,1,,,
1,1.1,257,41,2,2,5491,4,30,1,5,0,0,1,5,0,0,1,,,
1,1.2,263,42,1,2,805,4,30,1,1,1,0,1,1,5,0,1,2,2.8,3.4
1,1.1,263,47,2,2,769,3,30,1,5,0,0,5,0,5,0,5,,,
1,1.2,267,32,1,2,457,3,30,1,1,5,0,5,0,0,0,1,2,0,0
1,1.2,267,33,2,2,886,3,30,1,1,6,0,1,1,5,5,3,2,0,0
1,1.2,267,34,1,2,886,4,30,1,1,5,0,1,1,5,5,2,2,0,0
1,1.2,267,35,2,2,457,4,30,1,1,3,0,5,0,0,0,2,2,0,0
1,1.1,280,38,1,2,8574,2,30,1,5,0,0,5,0,0,0,0,,,
1,1.2,284,32,1,2,3068,3,30,1,1,1,0,5,0,0,5,2,2,0,0
1,1.1,287,41,1,2,8583,3,30,1,0,0,0,0,0,0,0,2,,,
1,1.1,287,42,2,2,8500,3,30,1,0,0,0,0,0,0,0,2,,,
1,1.1,287,43,1,2,8500,5,30,1,0,0,0,0,0,0,0,3,,,
1,1.2,297,64,1,2,8006,2,30,1,1,5,0,5,0,0,0,1,2,2.7,4
1,1.2,297,65,1,2,7679,4,30,1,5,0,0,5,0,0,0,2,2,3.85,4.5
1,1.1,297,71,2,2,7679,5,30,1,5,0,5,5,0,0,0,1,,,
1,1.1,297,72,1,2,8006,3,30,1,1,5,0,5,0,0,1,2,,,
1,1.2,297,195,2,3,7679,3,30,1,5,0,0,5,0,0,0,1,2,3.5,4
1,1.2,301,44,1,2,6826,3,30,1,5,0,5,5,0,5,0,2,2,998,4
1,1.1,301,49,1,2,7715,3,30,1,1,2,0,5,0,0,0,0,,,
1,1.1,301,51,2,2,7715,4,30,1,1,3,0,5,0,0,0,0,,,
1,1.1,301,54,2,2,7715,5,30,1,1,3,0,5,0,0,0,0,,,
1,1.1,301,56,1,2,7601,3,30,1,0,0,0,0,0,0,0,0,,,
1,1.1,301,57,1,2,7715,6,30,1,0,0,0,0,0,0,0,0,,,
1,1.1,302,39,1,2,6904,3,30,1,1,5,0,1,1,0,0,2,,,
1,1.1,302,40,1,2,6904,4,30,1,1,5,0,5,0,5,0,2,,,
1,1.1,303,32,2,2,664,3,30,1,0,0,0,0,0,0,0,0,,,
1,1.2,308,38,1,2,8262,3,33,1,1,5,0,1,1,0,0,1,2,0,0
1,1.1,308,39,1,2,9138,2,30,1,5,0,0,5,0,0,0,3,,,
1,1.2,308,40,1,2,8619,3,30,1,5,0,0,5,0,0,0,1,2,0,0
1,1.2,308,41,1,2,8619,4,30,1,5,0,0,5,0,0,0,1,2,0,0
1,1.1,308,42,2,2,4786,3,30,1,1,5,0,1,1,5,0,2,,,
1,1.1,308,43,2,2,8619,5,30,1,5,0,0,5,0,0,0,1,,,
1,1.1,308,44,2,2,9138,3,30,1,0,0,0,0,0,0,0,1,,,
1,1.1,308,45,1,2,4786,4,30,1,0,0,0,0,0,0,0,2,,,
1,1.2,311,34,1,2,9447,2,30,1,1,2,0,5,0,0,0,1,2,3.5,4
1,1.2,311,35,2,2,9270,2,30,1,1,4,0,1,1,0,0,2,2,0,0
1,1.1,311,36,1,2,9270,3,30,1,1,3,0,1,1,0,0,3,,,
1,1.1,311,37,2,2,9447,3,30,1,1,5,0,1,5,0,0,2,,,
1,1.1,311,38,2,2,9270,4,30,1,0,0,0,0,0,0,0,2,,,
1,1.1,312,34,1,2,1113,2,30,1,5,0,0,5,0,0,0,0,,,
1,1.2,317,36,1,2,5897,3,30,1,1,1,0,5,0,5,5,1,2,3.12,4
1,1.2,317,37,2,2,7060,3,30,1,1,5,0,1,1,0,0,1,2,3.8,4
1,1.2,317,38,1,2,7060,4,30,1,1,5,0,1,1,1,0,1,2,0,0
1,1.2,317,39,1,2,5897,4,30,1,5,0,0,5,0,5,0,1,2,0,0
1,1.1,317,40,1,2,8303,3,30,1,1,5,0,1,5,5,0,1,,,
1,1.1,317,41,2,2,8631,3,30,1,1,5,5,1,1,0,0,2,,,
1,1.1,317,42,1,2,8631,4,30,1,1,3,0,1,1,0,5,1,,,
1,1.2,317,43,2,2,5897,5,30,1,1,2,0,1,5,5,0,2,2,0,0
1,1.2,321,33,2,2,1895,4,30,1,1,6,0,1,1,5,0,4,2,0,0
1,1.1,321,34,2,2,2880,3,30,1,1,1,0,1,5,0,0,2,,,
1,1.1,321,36,2,2,1895,5,30,1,1,5,0,5,0,5,0,2,,,
1,1.2,321,181,1,3,1895,3,30,1,1,3,0,5,0,0,0,1,2,3.9,5
1,1.1,326,38,1,2,3934,3,30,1,5,0,5,5,0,0,0,4,,,
1,1.1,326,41,2,2,3934,4,30,1,0,0,0,0,0,0,0,4,,,
1,1.1,326,42,1,2,3934,5,30,1,0,0,0,0,0,0,0,3,,,
1,1.1,327,41,2,2,5940,3,30,1,0,0,0,0,0,0,0,0,,,
1,1.1,327,42,2,2,6195,3,30,1,0,0,0,0,0,0,0,4,,,
1,1.1,327,43,2,2,6195,4,30,1,0,0,0,0,0,0,0,5,,,
1,1.1,331,35,2,2,8610,3,30,1,1,3,0,1,1,5,5,1,,,
1,1.1,331,38,2,2,8610,5,30,1,5,0,0,5,0,5,5,1,,,
1,1.1,331,40,2,2,8610,6,30,1,1,3,0,5,0,5,5,0,,,
1,1.1,331,41,1,2,8610,7,30,1,5,0,0,5,0,0,5,0,,,
1,1.1,331,42,2,2,8655,3,30,1,1,2,0,1,5,5,5,0,,,
1,1.1,331,44,1,2,8655,4,30,1,0,0,0,0,0,0,0,0,,,
1,1.1,331,46,1,2,8655,5,30,1,0,0,0,0,0,0,0,0,,,
1,1.1,331,179,2,3,8610,4,30,1,5,0,5,5,0,5,5,1,,,
1,1.1,338,32,2,2,9378,3,30,1,5,0,0,1,5,5,0,2,,,
1,1.1,338,33,2,2,9378,4,30,1,5,0,0,5,0,0,0,3,,,
1,1.1,338,34,2,2,8266,3,30,1,5,0,0,1,5,0,0,4,,,
1,1.1,338,35,2,2,8266,4,30,1,0,0,0,0,0,0,0,4,,,
1,1.1,338,36,1,2,9378,5,30,1,0,0,0,0,0,0,0,5,,,
1,1.2,343,34,1,2,3180,3,30,1,1,2,0,5,0,0,0,1,2,998,98
1,1.2,343,35,2,2,3180,4,30,1,1,6,0,1,1,5,0,1,2,998,98
1,1.1,344,39,1,2,6184,3,30,1,0,0,0,0,0,0,0,5,,,
1,1.1,344,40,2,2,7490,5,30,1,0,0,0,0,0,0,0,0,,,
1,1.1,344,41,2,2,6184,5,30,1,0,0,0,0,0,0,0,0,,,
1,1.1,350,34,1,2,45,3,30,1,0,0,0,0,0,0,0,0,,,
1,1.2,351,41,2,2,4867,4,60,1,5,0,0,5,0,5,0,0,2,0,0
1,1.1,351,44,1,2,4736,3,30,1,5,0,0,5,0,0,0,5,,,
1,1.1,351,45,2,2,4991,2,30,1,1,3,0,5,0,0,0,4,,,
1,1.1,351,46,1,2,4736,4,30,1,0,0,0,0,0,0,0,5,,,
1,1.1,351,47,2,2,4736,5,30,1,0,0,0,0,0,0,0,0,,,
1,1.1,352,34,1,2,9232,2,30,1,1,4,5,5,0,0,0,5,,,
1,1.1,352,35,2,2,9232,3,30,1,0,0,0,0,0,0,0,5,,,
1,1.1,352,36,2,2,9232,4,30,1,0,0,0,0,0,0,0,0,,,
1,1.1,354,35,2,2,3663,4,30,1,0,0,0,0,0,0,0,4,,,
1,1.1,354,36,2,2,3818,3,30,1,0,0,0,0,0,0,0,0,,,
1,1.1,354,184,2,3,3663,3,30,1,5,0,0,5,0,0,0,4,,,
1,1.1,355,34,2,2,3259,4,30,1,1,3,0,5,0,0,0,1,,,
1,1.1,355,35,1,2,3259,5,30,1,0,0,0,0,0,0,0,2,,,
1,1.1,355,36,1,2,3259,6,30,1,0,0,0,0,0,0,0,0,,,
1,1.1,355,37,2,2,2929,3,30,1,0,0,0,0,0,0,0,0,,,
1,1.2,368,33,1,2,7332,3,30,1,1,3,0,5,0,1,0,2,2,4.25,5
1,1.2,368,34,2,2,8368,3,30,1,1,1,0,5,0,0,0,2,2,4,4.5
1,1.2,368,35,1,2,8368,4,30,1,1,5,0,5,0,0,0,3,2,0,0
1,1.2,368,36,1,2,7332,4,30,1,1,1,0,5,0,0,0,1,2,0,0
1,1.2,368,37,2,2,7332,5,30,1,1,4,0,5,0,1,0,1,2,0,0
1,1.2,377,33,1,2,1924,3,30,1,1,1,5,5,0,0,0,1,2,3.8,5
1,1.2,409,38,2,2,7211,2,30,1,1,3,0,5,0,0,5,1,2,5.4,6
1,1.1,409,41,1,2,7537,3,30,1,1,3,0,1,5,0,0,1,,,
1,1.2,409,42,2,2,7211,3,30,1,1,3,5,5,0,0,0,1,2,0,0
1,1.1,409,43,2,2,7537,4,30,1,1,3,0,1,5,0,0,1,,,
1,1.1,414,41,2,2,6323,3,30,1,1,1,5,5,0,5,0,3,,,
1,1.1,414,42,2,2,6323,4,30,1,1,1,0,5,0,5,0,4,,,
1,1.1,419,41,2,2,2092,2,30,1,1,5,5,5,0,0,0,1,,,
1,1.1,419,42,1,2,1780,2,30,1,5,0,0,5,0,0,5,1,,,
1,1.1,419,43,2,2,2092,3,30,1,0,0,0,0,0,0,0,2,,,
1,1.2,419,182,1,3,2120,2,60,1,5,0,0,5,0,5,0,1,2,0,0
1,1.1,436,43,2,2,755,3,30,1,1,5,0,1,1,5,5,1,,,
1,1.1,436,44,2,2,755,4,30,1,5,0,0,1,1,0,0,4,,,
1,1.1,436,46,2,2,755,5,30,1,0,0,0,0,0,0,0,5,,,
1,1.1,436,48,1,2,182,3,30,1,0,0,0,0,0,0,0,5,,,
1,1.1,436,49,1,2,1175,3,30,1,0,0,0,0,0,0,0,0,,,
1,1.1,436,51,2,2,182,4,30,1,0,0,0,0,0,0,0,0,,,
1,1.1,440,34,2,2,9302,3,30,1,1,3,0,1,1,0,0,1,,,
1,1.1,441,32,2,2,218,3,30,1,0,0,0,0,0,0,0,1,,,
1,1.2,445,33,2,2,1524,3,30,1,5,0,5,5,0,0,5,1,2,998,98
1,1.2,445,35,1,2,2343,3,30,1,1,4,5,5,0,0,0,1,2,0,0
1,1.2,445,36,2,2,2343,4,30,1,1,1,5,5,0,0,0,1,2,0,0
1,1.1,450,34,2,2,680,3,35,1,1,1,0,5,0,0,0,1,,,
1,1.1,450,35,2,2,680,4,30,1,0,0,0,0,0,0,0,1,,,
1,1.1,450,36,1,2,989,3,30,1,1,3,0,5,0,0,0,2,,,
1,1.1,450,37,1,2,680,5,30,1,0,0,0,0,0,0,0,1,,,
1,1.2,452,42,2,2,3579,3,30,1,1,6,0,1,1,0,5,2,2,3.9,4
1,1.2,452,43,1,2,3579,4,30,1,1,5,0,1,1,0,0,2,2,0,0
1,1.1,452,44,2,2,3579,5,30,1,1,5,0,1,1,0,0,1,,,
1,1.2,452,193,2,3,3568,2,30,1,1,4,5,1,1,0,0,1,2,0,0
1,1.1,455,41,1,2,8273,3,30,1,0,0,0,0,0,0,0,0,,,
1,1.1,455,42,1,2,8273,4,30,1,0,0,0,0,0,0,0,0,,,
1,1.2,461,32,2,2,6600,3,30,1,5,0,0,5,0,5,5,1,2,3.75,4
1,1.1,465,35,1,2,3176,3,30,1,5,0,0,5,0,0,0,1,,,
1,1.1,465,36,2,2,3176,4,30,1,5,0,0,5,0,0,0,2,,,
1,1.2,473,42,2,2,6697,3,30,1,1,5,5,5,0,5,0,1,2,1.5,4
1,1.1,473,47,1,2,6661,3,30,1,1,1,0,5,0,1,5,3,,,
1,1.1,473,48,2,2,6697,4,30,1,1,6,0,1,1,5,5,0,,,
1,1.1,473,49,2,2,6661,4,30,1,1,1,0,5,0,1,5,4,,,
1,1.1,473,50,2,2,6697,5,30,1,1,5,0,5,0,5,5,0,,,
1,1.1,473,51,1,2,6661,5,30,1,1,1,0,5,0,0,0,0,,,
1,1.1,473,52,2,2,6697,6,30,1,0,0,0,0,0,0,0,0,,,
1,1.2,478,43,1,2,8820,4,30,1,1,4,0,5,0,5,0,2,2,998,4
1,1.2,478,45,1,2,7533,3,30,1,1,3,0,5,0,5,0,2,2,3.96,4
1,1.2,478,47,2,2,7533,4,30,1,1,4,0,5,0,5,0,2,2,0,0
1,1.2,478,48,1,2,7533,5,30,1,1,1,0,5,0,5,0,2,2,0,0
1,1.1,478,49,2,2,4914,3,30,1,1,5,0,5,0,0,0,1,,,
1,1.1,478,50,2,2,8806,4,30,1,5,0,5,5,0,0,0,2,,,
1,1.1,478,51,2,2,4914,4,30,1,1,5,0,5,0,0,0,1,,,
1,1.1,478,52,1,2,8806,5,30,1,0,0,0,0,0,0,0,0,,,
1,1.1,478,53,2,2,8364,3,30,1,0,0,0,0,0,0,0,0,,,
1,1.2,487,37,2,2,8401,3,30,1,5,0,0,5,0,0,0,2,2,0,0
1,1.1,487,38,2,2,8401,4,30,1,5,0,0,5,0,0,0,2,,,
1,1.1,490,34,1,2,5089,4,30,1,1,6,0,5,0,1,0,1,,,
1,1.2,490,35,2,2,5089,5,30,1,1,1,0,5,0,0,0,1,2,3.9,4.5
1,1.1,495,38,1,2,4563,2,30,1,5,0,0,5,0,0,0,1,,,
1,1.2,514,34,1,2,9082,3,30,1,5,0,0,5,0,0,0,2,2,2.4,4
1,1.2,534,34,1,2,2884,5,30,1,5,0,0,5,0,5,0,1,2,3.8,4.3
1,1.2,541,33,2,2,1223,2,30,1,1,1,0,5,0,0,0,1,2,3.85,4.75
1,1.2,541,35,2,2,334,4,30,1,1,5,0,1,5,5,0,2,2,998,4
1,1.2,541,36,2,2,1223,3,30,1,1,6,0,1,1,5,0,1,2,0,0
1,1.2,541,37,1,2,334,5,30,1,1,1,0,5,0,5,0,2,2,0,0
1,1.1,544,33,1,2,636,3,30,1,0,0,0,0,0,0,0,0,,,
1,1.1,548,44,1,2,5806,3,30,1,1,5,5,5,0,0,0,0,,,
1,1.1,548,45,2,2,5806,4,30,1,1,3,0,5,0,5,0,3,,,
1,1.1,556,48,1,2,4261,5,60,1,1,4,0,1,1,0,0,1,,,
1,1.1,556,49,1,2,4439,3,35,1,1,4,0,5,0,0,0,5,,,
1,1.1,556,184,2,3,4261,6,60,1,5,0,0,5,0,0,0,1,,,
1,1.2,557,35,2,2,485,3,30,1,1,5,5,5,0,0,0,1,2,3.4,98
1,1.2,557,36,2,2,665,2,30,1,5,0,5,5,0,0,0,2,2,0,0
1,1.1,557,37,1,2,443,3,30,1,0,0,0,0,0,0,0,0,,,
1,1.1,563,51,1,2,3167,2,30,1,5,0,0,5,0,0,0,1,,,
1,1.2,563,52,2,2,3255,3,33,1,5,0,5,5,0,0,0,1,2,2.8,4
1,1.1,563,53,2,2,2930,4,30,1,5,0,0,5,0,0,0,1,,,
1,1.1,563,57,1,2,3289,3,30,1,1,3,0,5,0,0,0,4,,,
1,1.1,563,58,2,2,3289,4,30,1,0,0,0,0,0,0,0,4,,,
1,1.1,564,37,1,2,3444,3,30,1,5,0,0,5,0,0,0,1,,,
1,1.1,564,38,1,2,3444,4,30,1,5,0,0,5,0,0,0,5,,,
1,1.1,564,39,2,2,3444,5,30,1,5,0,0,5,0,0,0,1,,,
1,1.1,564,40,1,2,3063,3,65,1,0,0,0,0,0,0,0,0,,,
1,1.1,564,174,1,3,3063,4,65,1,0,0,0,0,0,0,0,0,,,
1,1.2,565,35,2,2,3971,3,30,1,5,0,0,5,0,0,0,1,2,3.6,4
1,1.1,565,36,2,2,3971,4,30,1,5,0,0,5,0,0,0,1,,,
1,1.1,565,37,1,2,3917,3,30,1,0,0,0,0,0,0,0,3,,,
1,1.2,569,34,1,2,1378,2,30,1,5,0,0,1,1,0,0,5,2,0,0
1,1.1,569,35,2,2,1384,3,30,1,1,6,0,5,0,0,0,2,,,
1,1.1,569,36,1,2,1384,4,30,1,1,5,0,5,0,0,0,2,,,
1,1.1,569,37,2,2,1378,3,30,1,0,0,0,0,0,0,0,0,,,
1,1.1,569,38,2,2,1378,4,30,1,0,0,0,0,0,0,0,0,,,
1,1.1,570,38,1,2,3972,3,30,1,5,0,0,5,0,0,0,2,,,
1,1.1,570,39,1,2,3972,4,30,1,5,0,0,5,0,0,0,2,,,
1,1.1,570,40,1,2,3972,5,30,1,5,0,0,5,0,0,0,1,,,
1,1.1,570,41,2,2,3972,6,30,1,0,0,0,0,0,0,0,3,,,
1,1.1,570,42,2,2,3942,3,30,1,0,0,0,0,0,0,0,5,,,
1,1.1,573,38,1,2,2947,2,30,1,0,0,0,0,0,0,0,4,,,
1,1.2,577,33,2,2,14,3,30,1,5,0,0,5,0,0,0,1,2,998,4
1,1.1,577,34,2,2,14,4,30,1,5,0,0,5,0,0,0,0,,,
1,1.1,577,35,1,2,14,5,30,1,0,0,0,0,0,0,0,0,,,
1,1.1,581,30,1,2,128,3,30,1,5,0,0,5,0,0,0,3,,,
1,1.2,582,35,1,2,6111,2,30,1,1,3,0,5,0,0,0,1,2,998,98
1,1.2,582,36,1,2,6111,3,30,1,1,5,0,5,0,0,0,1,2,0,0
1,1.2,582,37,2,2,7648,2,30,1,5,0,0,1,1,0,0,1,2,0,0
1,1.2,582,38,1,2,7648,3,30,1,5,0,0,5,0,0,0,1,2,0,0
1,1.2,595,32,1,2,217,2,30,1,5,0,0,5,0,0,0,5,2,3.8,5
1,1.2,596,41,1,2,4812,3,30,1,5,0,0,5,0,0,0,5,2,0,0
1,1.1,596,42,1,2,8626,3,30,1,1,1,0,5,0,0,0,1,,,
1,1.1,596,43,1,2,8626,4,30,1,0,0,0,0,0,0,0,1,,,
1,1.1,596,45,2,2,8626,5,30,1,0,0,0,0,0,0,0,0,,,
1,1.2,597,39,2,2,5963,2,30,1,5,0,0,5,0,0,0,1,2,998,4
1,1.2,602,36,2,2,2458,2,30,1,1,5,0,5,0,5,5,1,2,998,4
1,1.2,602,38,1,2,1531,3,30,1,1,1,5,5,0,5,0,4,2,0,0
1,1.1,602,40,2,2,2004,3,30,1,1,3,0,1,5,0,0,3,,,
1,1.1,602,41,1,2,2004,4,30,1,0,0,0,0,0,0,0,4,,,
1,1.2,605,33,2,2,1606,3,30,1,5,0,0,5,0,5,5,1,2,998,98
1,1.1,607,45,1,2,8365,2,30,1,1,1,0,5,0,0,0,1,,,
1,1.2,607,47,1,2,6538,3,30,1,5,0,5,5,0,0,0,5,2,0,0
1,1.1,607,48,1,2,8365,3,30,1,5,0,0,5,0,0,0,1,,,
1,1.2,607,49,1,2,6538,4,30,1,1,2,5,5,0,0,0,4,2,0,0
1,1.2,607,50,2,2,6538,5,30,1,1,2,5,5,0,0,0,3,2,0,0
1,1.1,607,52,1,2,6538,6,30,1,0,0,0,0,0,0,0,2,,,
1,1.1,607,53,2,2,7398,3,30,1,0,0,0,0,0,0,0,5,,,
1,1.2,608,40,2,2,5273,2,30,1,5,0,0,1,1,5,0,2,2,0,0
1,1.2,608,41,2,2,6268,3,30,1,1,6,0,5,0,0,0,2,2,0,0
1,1.2,608,42,1,2,6268,4,30,1,1,2,0,5,0,0,0,4,2,0,0
1,1.2,608,43,2,2,6268,5,30,1,1,2,0,5,0,0,0,2,2,0,0
1,1.1,608,44,1,2,6268,6,30,1,1,2,0,5,0,0,0,0,,,
1,1.1,608,45,1,2,5321,3,33,1,1,4,0,5,0,0,0,3,,,
1,1.1,608,46,2,2,6268,7,30,1,0,0,0,0,0,0,0,0,,,
1,1.1,616,32,1,2,3979,3,30,1,5,0,0,5,0,0,0,0,,,
1,1.1,616,33,1,2,3979,4,30,1,5,0,0,5,0,0,0,0,,,
1,1.2,620,44,2,2,7082,3,30,1,1,2,0,1,5,0,0,5,2,0,0
1,1.1,620,46,2,2,7082,4,30,1,1,2,0,1,5,0,0,5,,,
1,1.1,620,48,2,2,8653,3,30,1,0,0,0,0,0,0,0,0,,,
1,1.2,624,31,1,2,1961,3,30,1,5,0,0,5,0,0,0,0,2,0,0
1,1.1,624,32,2,2,1961,4,30,1,0,0,0,0,0,0,0,0,,,
1,1.1,624,33,2,2,1500,7,30,1,0,0,0,0,0,0,0,0,,,
1,1.2,624,180,1,3,1500,3,30,1,5,0,5,1,1,0,0,2,2,0,0
1,1.1,626,55,2,2,5117,2,30,1,1,3,0,5,0,0,5,1,,,
1,1.1,628,187,1,3,7277,3,30,1,1,4,0,5,0,0,5,5,,,
1,1.1,630,34,1,2,9328,3,30,1,0,0,0,0,0,0,0,0,,,
1,1.2,632,32,2,2,3021,4,35,1,5,0,0,5,0,0,0,1,2,998,4
1,1.1,633,44,2,2,5426,3,30,1,1,3,0,1,1,0,0,1,,,
1,1.2,634,38,1,2,7486,4,30,1,1,2,0,5,0,0,0,1,2,7.5,98
1,1.2,634,39,1,2,6107,2,30,1,5,0,0,5,0,0,0,0,2,0,0
1,1.1,634,40,1,2,7486,5,60,1,1,2,0,5,0,0,0,5,,,
1,1.1,634,41,2,2,6787,3,30,1,0,0,0,0,0,0,0,0,,,
1,1.1,634,42,2,2,6107,3,30,1,0,0,0,0,0,0,0,0,,,
1,1.1,636,34,2,2,1269,2,30,1,0,0,0,0,0,0,0,0,,,
1,1.1,639,33,1,2,5444,3,30,1,5,0,0,5,0,0,0,0,,,
1,1.1,639,34,1,2,5444,4,30,1,0,0,0,0,0,0,0,0,,,
1,1.2,641,33,1,2,437,3,30,1,5,0,0,5,0,5,5,1,2,4,4
1,1.2,641,34,2,2,437,4,30,1,5,0,5,5,0,5,5,1,2,4,4
1,1.1,644,32,2,2,292,3,30,1,1,3,0,1,5,0,0,0,,,
1,1.1,644,33,1,2,292,4,30,1,0,0,0,0,0,0,0,0,,,
1,1.1,647,36,1,2,9517,3,30,1,5,0,5,5,0,0,0,1,,,
1,1.2,647,37,1,2,6409,2,30,1,1,2,0,5,0,0,0,1,2,0,0
1,1.2,647,38,2,2,4945,2,30,1,1,2,0,1,1,0,5,2,2,998,98
1,1.1,647,39,1,2,6409,3,30,1,1,2,0,5,0,0,0,1,,,
1,1.1,647,42,2,2,4945,3,30,1,5,0,0,5,0,0,5,5,,,
1,1.1,652,41,1,2,4374,3,30,1,5,0,5,5,0,0,0,5,,,
1,1.1,652,42,1,2,4105,3,30,1,0,0,0,0,0,0,0,0,,,
1,1.1,652,43,1,2,4374,4,30,1,0,0,0,0,0,0,0,5,,,
1,1.1,652,44,1,2,4105,4,30,1,0,0,0,0,0,0,0,0,,,
1,1.1,652,45,1,2,4374,5,30,1,0,0,0,0,0,0,0,5,,,
1,1.1,654,35,1,2,962,6,30,1,5,0,0,5,0,5,0,1,,,
1,1.2,654,37,2,2,962,5,30,1,5,0,0,5,0,0,0,5,2,0,0
1,1.2,656,39,1,2,2066,3,30,1,1,4,5,5,0,0,5,2,2,0,0
1,1.1,656,40,2,2,2066,4,30,1,0,0,0,0,0,0,0,2,,,
1,1.1,664,38,2,2,7625,3,30,1,1,2,0,1,5,5,0,1,,,
1,1.1,664,39,1,2,9107,3,30,1,0,0,0,0,0,0,0,5,,,
1,1.1,664,40,1,2,9107,4,30,1,0,0,0,0,0,0,0,0,,,
1,1.1,671,31,2,2,269,3,30,1,1,1,0,5,0,0,0,2,,,
1,1.1,671,32,2,2,269,4,30,1,0,0,0,0,0,0,0,4,,,
1,1.2,672,31,2,2,3314,3,35,1,1,5,5,5,0,1,0,1,2,998,98
1,1.1,672,32,1,2,3161,2,30,1,5,0,0,5,0,0,0,1,,,
1,1.2,672,33,1,2,3001,2,30,1,1,3,0,5,0,5,0,2,2,0,0
1,1.1,672,34,2,2,3314,4,35,1,1,6,5,5,0,0,5,2,,,
1,1.1,672,35,2,2,3161,3,30,1,5,0,0,5,0,0,0,1,,,
1,1.1,672,36,1,2,3097,4,30,1,0,0,0,0,0,0,0,0,,,
1,1.1,672,37,2,2,3314,5,30,1,0,0,0,0,0,0,0,1,,,
1,1.1,672,38,2,2,3097,6,30,1,0,0,0,0,0,0,0,0,,,
1,1.1,672,39,2,2,3161,5,30,1,0,0,0,0,0,0,0,0,,,
1,1.1,672,186,1,3,3161,4,30,1,0,0,0,0,0,0,0,2,,,
1,1.1,677,38,1,2,1718,3,30,,,,,,,,,,2,3.34,4
1,1.2,677,39,2,2,1424,3,95,1,5,0,0,1,1,0,0,1,2,998,4
1,1.1,677,40,2,2,1718,4,30,,,,,,,,,,2,3.8,4
1,1.1,677,41,2,2,1718,5,30,,,,,,,,,,2,0,0
1,1.2,677,43,2,2,1927,2,30,1,1,5,0,1,1,0,0,1,2,0,0
1,1.2,677,45,2,2,1927,3,30,1,1,2,5,1,5,5,0,0,2,0,0
1,1.1,677,47,2,2,1718,9,30,1,0,0,0,0,0,0,0,5,,,
1,1.1,686,38,1,2,3765,3,30,1,0,0,0,0,0,0,0,0,,,
1,1.1,687,36,2,2,9204,4,60,1,0,0,0,0,0,0,0,3,,,
1,1.1,687,37,1,2,9204,5,60,1,0,0,0,0,0,0,0,3,,,
1,1.1,687,38,2,2,9204,6,60,1,0,0,0,0,0,0,0,3,,,
1,1.1,691,38,1,2,9164,3,30,1,0,0,0,0,0,0,0,0,,,
1,1.1,698,40,2,2,6176,3,30,1,1,6,0,1,1,0,0,2,,,
1,1.1,698,41,2,2,6617,3,30,1,5,0,0,5,0,0,1,5,,,
1,1.1,698,42,1,2,6617,4,30,1,5,0,0,5,0,0,1,5,,,
1,1.1,698,43,2,2,6617,5,30,1,0,0,0,0,0,0,0,5,,,
1,1.1,698,44,1,2,6176,4,30,1,0,0,0,0,0,0,0,1,,,
1,1.1,699,46,2,2,3593,4,30,1,0,0,0,0,0,0,0,1,,,
1,1.1,702,33,1,2,3505,3,30,1,5,0,0,5,0,0,0,3,,,
1,1.1,706,33,1,2,7849,3,30,1,5,0,0,5,0,5,0,1,,,
1,1.1,706,35,1,2,8649,3,30,1,5,0,0,5,0,0,0,5,,,
1,1.1,706,37,2,2,8649,4,30,1,0,0,0,0,0,0,0,4,,,
1,1.1,707,34,1,2,5557,3,30,1,5,0,0,5,0,0,0,1,,,
1,1.1,707,35,2,2,5557,4,30,1,0,0,0,0,0,0,0,1,,,
1,1.2,709,46,2,2,8356,3,30,1,1,5,0,1,1,0,0,1,2,998,98
1,1.2,709,51,1,2,4905,3,30,1,5,0,0,5,0,0,0,5,2,0,0
1,1.2,709,53,1,2,4905,4,30,1,5,0,0,5,0,0,0,1,2,0,0
1,1.1,709,54,1,2,4905,5,30,1,0,0,0,0,0,0,0,3,,,
1,1.1,711,32,2,2,4110,3,30,1,5,0,0,5,0,5,0,0,,,
1,1.1,711,33,2,2,4110,4,30,1,0,0,0,0,0,0,0,5,,,
1,1.2,712,35,2,2,996,3,30,1,1,6,0,1,1,0,0,1,2,998,98
1,1.2,712,36,1,2,996,4,30,1,1,2,0,1,5,1,0,1,2,0,0
1,1.2,712,37,1,2,996,5,30,1,1,1,0,5,0,1,0,2,2,0,0
1,1.2,712,38,2,2,203,3,30,1,1,5,5,1,1,0,0,1,2,0,0
1,1.1,712,39,1,2,996,6,30,1,1,2,0,5,0,5,0,1,,,
1,1.2,712,40,1,2,203,4,30,1,1,2,5,5,0,0,0,2,2,0,0
1,1.1,712,176,1,3,996,7,30,1,1,3,0,5,0,1,0,1,,,
1,1.1,712,177,2,3,996,8,30,1,0,0,0,0,0,0,0,2,,,
1,1.1,725,32,2,2,1373,3,30,1,0,0,0,0,0,0,0,3,,,
1,1.2,727,32,1,2,2418,4,60,1,5,0,0,5,0,5,0,5,2,0,0
1,1.1,728,35,2,2,2555,3,30,1,1,1,0,1,1,0,0,1,,,
1,1.1,728,36,1,2,2555,4,30,1,0,0,0,0,0,0,0,5,,,
1,1.1,729,47,2,2,5716,3,30,1,1,1,0,5,0,0,0,3,,,
1,1.1,729,48,1,2,5288,3,30,1,1,1,0,5,0,0,0,2,,,
1,1.1,729,49,1,2,5716,4,30,1,1,6,5,5,0,0,0,0,,,
1,1.1,729,52,2,2,4567,3,33,1,5,0,0,5,0,0,0,5,,,
1,1.1,729,54,1,2,5625,2,30,1,0,0,0,0,0,0,0,0,,,
1,1.1,729,55,2,2,4567,4,30,1,0,0,0,0,0,0,0,0,,,
1,1.1,729,56,2,2,5716,5,30,1,0,0,0,0,0,0,0,4,,,
1,1.1,729,57,2,2,5625,3,30,1,0,0,0,0,0,0,0,0,,,
1,1.1,729,58,1,2,4567,5,30,1,0,0,0,0,0,0,0,0,,,
1,1.1,729,59,1,2,5716,6,30,1,0,0,0,0,0,0,0,0,,,
1,1.1,729,60,1,2,5716,7,30,1,0,0,0,0,0,0,0,0,,,
1,1.2,734,39,2,2,529,3,30,1,1,5,5,1,1,0,5,1,2,998,98
1,1.2,749,38,2,2,483,4,30,1,1,4,0,5,0,0,0,1,2,998,98
1,1.2,749,39,2,2,483,5,30,1,1,2,0,5,0,0,0,1,2,4.1,4.5
1,1.1,749,46,1,2,1149,3,30,1,0,0,0,0,0,0,0,0,,,
1,1.2,751,42,2,2,4033,2,30,1,5,0,0,5,0,0,0,2,2,2,4
1,1.2,751,43,1,2,3983,5,30,1,1,5,0,1,1,0,0,2,2,4,4
1,1.2,751,44,1,2,4222,2,30,1,5,0,0,5,0,5,0,1,2,2.67,5
1,1.2,751,45,2,2,3988,2,30,1,5,0,0,5,0,0,5,1,2,0,0
1,1.2,751,46,1,2,3983,6,30,1,1,5,0,1,1,0,0,1,2,0,0
1,1.2,751,47,2,2,4222,3,30,1,1,5,0,5,0,0,0,1,2,998,4
1,1.2,751,49,2,2,4222,4,30,1,1,3,0,5,0,0,0,1,2,0,0
1,1.1,762,34,1,2,5105,3,30,1,5,0,0,5,0,0,0,4,,,
1,1.1,762,35,1,2,5105,4,30,1,5,0,0,5,0,0,0,2,,,
1,1.1,762,36,1,2,5105,5,30,1,0,0,0,0,0,0,0,0,,,
1,1.1,769,49,2,2,5369,3,30,1,0,0,0,0,0,0,0,4,,,
1,1.1,769,51,1,2,5369,4,30,1,0,0,0,0,0,0,0,4,,,
1,1.1,769,52,1,2,9508,3,30,1,0,0,0,0,0,0,0,0,,,
1,1.1,771,33,1,2,310,3,30,1,1,5,0,5,0,0,0,3,,,
1,1.1,774,33,2,2,6025,3,30,1,5,0,0,5,0,0,0,3,,,
1,1.1,774,34,2,2,6025,4,30,1,0,0,0,0,0,0,0,5,,,
1,1.2,775,32,2,2,8466,3,30,1,1,1,0,5,0,0,0,1,2,3.1,4
1,1.1,777,35,2,2,1476,3,30,1,0,0,0,0,0,0,0,5,,,
1,1.1,779,39,2,2,2472,3,30,1,5,0,0,5,0,5,0,4,,,
1,1.1,779,43,2,2,1714,3,30,1,0,0,0,0,0,0,0,2,,,
1,1.2,780,34,2,2,1798,4,30,1,1,2,0,5,0,0,0,1,2,998,5
1,1.2,780,35,2,2,2605,3,30,1,1,1,0,1,5,5,0,2,2,0,0
1,1.1,780,36,1,2,2605,4,30,1,1,1,0,5,0,5,0,5,,,
1,1.2,783,35,2,2,1473,3,30,1,1,2,5,5,0,5,0,1,2,3.5,4
1,1.2,783,36,2,2,1399,3,30,1,5,0,5,5,0,5,5,1,2,3.3,4
1,1.2,783,173,1,3,2763,3,30,1,5,0,0,5,0,0,0,1,2,998,98
1,1.1,796,37,1,2,3481,3,30,1,1,4,0,5,0,0,0,2,,,
1,1.1,796,38,2,2,3540,3,30,1,5,0,0,5,0,0,0,2,,,
1,1.1,796,39,2,2,3481,4,30,1,5,0,0,1,5,0,0,2,,,
1,1.2,798,30,1,2,343,3,30,1,5,0,0,5,0,0,0,5,2,0,0
1,1.1,798,32,1,2,343,4,30,1,5,0,0,5,0,0,0,5,,,
1,1.1,821,174,2,3,2939,3,30,1,0,0,0,0,0,0,0,0,,,
1,1.2,823,36,1,2,3233,3,30,1,1,2,0,5,0,5,0,5,2,0,0
1,1.1,823,38,1,2,3233,4,30,1,0,0,0,0,0,0,0,5,,,
1,1.1,823,39,1,2,3233,5,30,1,0,0,0,0,0,0,0,0,,,
1,1.2,826,36,2,2,6357,4,30,1,5,0,0,5,0,0,0,3,2,998,98
1,1.2,826,37,2,2,6357,5,30,1,5,0,0,5,0,5,0,2,2,0,0
1,1.2,828,31,2,2,4023,2,30,1,5,0,0,5,0,0,0,1,2,0,0
1,1.1,833,39,2,2,5219,3,30,1,1,5,0,1,1,5,0,1,,,
1,1.1,833,40,2,2,8767,4,30,1,5,0,0,5,0,0,5,1,,,
1,1.2,833,41,2,2,8766,4,30,1,5,0,0,5,0,0,0,2,2,0,0
1,1.1,833,43,2,2,5219,4,30,1,1,5,0,1,1,5,0,1,,,
1,1.1,833,44,1,2,8766,5,30,1,5,0,0,5,0,0,0,2,,,
1,1.1,833,45,1,2,7821,3,96,1,0,0,0,0,0,0,0,3,,,
1,1.2,838,32,2,2,1052,3,30,1,1,1,5,5,0,5,5,1,2,3.8,4
1,1.2,840,50,1,2,8258,3,30,1,5,0,5,5,0,0,0,2,2,2,2
1,1.2,840,51,1,2,6089,5,30,1,1,4,0,5,0,0,5,1,2,0,0
1,1.1,840,58,2,2,7094,2,30,1,0,0,0,0,0,0,0,0,,,
1,1.2,845,32,1,2,1637,3,60,1,1,3,0,5,0,0,0,2,2,3.1,4
1,1.2,846,49,1,2,7289,2,30,1,5,0,5,5,0,0,0,4,2,0,0
1,1.1,846,50,2,2,6613,4,60,1,1,3,0,1,1,0,0,0,,,
1,1.2,846,193,1,3,6947,3,30,1,1,1,5,5,0,0,0,1,2,3.2,4
1,1.1,846,194,1,3,6613,3,60,1,5,0,0,5,0,0,0,1,,,
1,1.1,848,32,1,2,4161,3,30,1,5,0,0,5,0,0,0,2,,,
1,1.2,855,34,2,2,745,3,30,1,1,5,0,5,0,0,5,5,2,0,0
1,1.1,855,35,1,2,745,4,30,1,5,0,0,5,0,0,5,5,,,
1,1.1,855,36,2,2,745,5,30,1,0,0,0,0,0,0,0,5,,,
1,1.1,856,39,2,2,5149,3,33,1,1,1,0,5,0,0,0,1,,,
1,1.1,856,40,2,2,5149,4,33,1,5,0,0,5,0,0,0,1,,,
1,1.1,856,41,1,2,5149,5,30,1,1,4,5,1,1,5,0,4,,,
1,1.1,856,43,2,2,6304,3,30,1,1,3,0,5,0,0,0,5,,,
1,1.1,856,44,2,2,5821,3,30,1,0,0,0,0,0,0,0,5,,,
1,1.2,860,30,1,2,2553,3,30,1,1,6,0,5,0,0,5,1,2,4,4.1
1,1.2,863,38,2,2,4979,3,30,1,5,0,5,5,0,0,5,1,2,998,4
1,1.1,863,43,2,2,8143,3,30,1,0,0,0,0,0,0,0,0,,,
1,1.1,866,35,2,2,2919,3,30,1,0,0,0,0,0,0,0,0,,,
1,1.1,866,36,2,2,3407,3,30,1,0,0,0,0,0,0,0,0,,,
1,1.1,868,39,2,2,8080,3,30,1,0,0,0,0,0,0,0,0,,,
1,1.1,875,42,1,2,8333,4,30,1,0,0,0,0,0,0,0,1,,,
1,1.1,875,43,2,2,8333,5,30,1,0,0,0,0,0,0,0,4,,,
1,1.2,878,32,1,2,2495,3,30,1,1,1,0,5,0,5,0,1,2,3.5,4.2
1,1.1,878,33,2,2,2495,4,30,1,1,6,0,1,1,5,0,1,,,
1,1.1,878,34,2,2,2172,3,30,1,5,0,0,1,5,0,0,1,,,
1,1.2,894,35,1,2,1744,4,30,1,5,0,0,5,0,0,0,1,2,3.2,4
1,1.2,894,36,1,2,2241,3,30,1,5,0,0,5,0,5,5,2,2,4,5
1,1.2,894,38,2,2,2241,4,30,1,5,0,5,5,0,5,0,4,2,0,0
1,1.2,897,36,1,2,56,3,30,1,5,0,0,5,0,0,0,2,2,2.5,4
1,1.2,897,37,2,2,104,2,30,1,1,1,5,5,0,0,0,0,2,3.5,98
1,1.2,897,38,1,2,50,2,30,1,1,1,5,5,0,5,5,2,2,0,0
1,1.2,897,39,2,2,13,3,30,1,5,0,0,5,0,5,0,1,2,0,0
1,1.1,897,40,2,2,13,4,30,1,0,0,0,0,0,0,0,2,,,
1,1.1,897,41,2,2,13,5,30,1,0,0,0,0,0,0,0,2,,,
1,1.1,899,36,2,2,2264,3,30,1,1,3,0,1,5,0,0,2,,,
1,1.2,906,33,2,2,8054,3,30,1,1,5,0,1,1,0,0,5,2,0,0
1,1.1,906,34,1,2,8054,4,30,1,5,0,0,5,0,0,0,3,,,
1,1.1,908,38,1,2,6811,3,30,1,5,0,0,5,0,0,0,2,,,
1,1.1,908,39,1,2,6811,4,30,1,0,0,0,0,0,0,0,3,,,
1,1.1,908,40,2,2,6523,4,30,1,0,0,0,0,0,0,0,5,,,
1,1.1,908,41,2,2,6523,5,30,1,0,0,0,0,0,0,0,5,,,
1,1.1,910,39,2,2,1660,4,30,1,1,2,0,1,5,5,0,2,,,
1,1.1,910,43,1,2,1654,5,30,1,0,0,0,0,0,0,0,5,,,
1,1.1,915,37,2,2,39,2,30,1,0,0,0,0,0,0,0,2,,,
1,1.1,916,38,1,2,8489,2,30,1,5,0,0,5,0,0,0,0,,,
1,1.1,916,39,1,2,8190,3,30,1,1,4,0,5,0,0,0,2,,,
1,1.1,916,40,1,2,8489,3,30,1,0,0,0,0,0,0,0,0,,,
1,1.1,916,41,2,2,5083,3,30,1,0,0,0,0,0,0,0,5,,,
1,1.1,916,42,2,2,8190,4,30,1,0,0,0,0,0,0,0,3,,,
1,1.1,930,30,1,2,6504,4,30,1,0,0,0,0,0,0,0,0,,,
1,1.1,930,174,1,3,6504,3,35,1,5,0,5,5,0,0,0,1,,,
1,1.1,931,34,2,2,1003,3,30,1,5,0,0,5,0,0,0,1,,,
1,1.1,931,35,2,2,1003,4,30,1,1,6,5,1,1,0,0,1,,,
1,1.2,934,38,2,2,5416,3,30,1,5,0,0,1,5,0,0,1,2,0,0
1,1.1,934,39,1,2,5416,4,30,1,5,0,0,5,0,0,0,5,,,
1,1.2,939,36,2,2,2853,3,30,1,1,1,0,5,0,5,0,1,2,4.93,5
1,1.2,939,37,2,2,2853,4,30,1,1,5,0,5,0,5,0,1,2,3.4,4
1,1.1,941,42,1,2,5161,3,30,1,1,3,0,5,0,5,0,3,,,
1,1.1,941,43,2,2,5161,4,30,1,0,0,0,0,0,0,0,3,,,
1,1.1,941,45,2,2,5161,5,30,1,0,0,0,0,0,0,0,2,,,
1,1.1,941,46,2,2,4798,3,30,1,0,0,0,0,0,0,0,0,,,
1,1.1,941,47,1,2,4798,4,30,1,0,0,0,0,0,0,0,0,,,
1,1.2,946,31,1,2,7142,3,30,1,5,0,0,1,1,0,0,3,2,0,0
1,1.1,946,33,2,2,7142,4,30,1,0,0,0,0,0,0,0,3,,,
1,1.2,948,35,2,2,4570,3,30,1,1,2,5,5,0,0,0,1,2,0,0
1,1.2,948,37,1,2,4570,4,30,1,1,2,5,5,0,5,0,1,2,0,0
1,1.1,948,38,1,2,4570,5,30,1,1,5,0,5,0,5,0,1,,,
1,1.2,951,33,2,2,249,3,30,1,5,0,0,5,0,0,0,1,2,3.7,4
1,1.1,951,34,1,2,793,4,30,1,0,0,0,0,0,0,0,0,,,
1,1.1,952,34,1,2,8542,3,30,1,0,0,0,0,0,0,0,0,,,
1,1.1,952,35,2,2,8542,4,30,1,0,0,0,0,0,0,0,0,,,
1,1.1,958,35,2,2,9486,3,30,1,0,0,0,0,0,0,0,0,,,
1,1.2,961,42,1,2,5788,2,30,1,1,1,0,1,1,5,0,4,2,0,0
1,1.1,961,43,1,2,5844,2,30,1,5,0,5,1,1,5,0,5,,,
1,1.1,961,44,2,2,5844,4,30,1,0,0,0,0,0,0,0,0,,,
1,1.1,961,189,1,3,5844,3,30,1,0,0,0,0,0,0,0,0,,,
1,1.1,967,32,2,2,226,3,30,1,5,0,0,5,0,0,5,2,,,
1,1.1,967,33,2,2,226,4,30,1,5,0,0,5,0,0,5,3,,,
1,1.2,982,34,1,2,6188,3,30,1,5,0,0,5,0,0,0,1,2,0,0
1,1.2,984,34,2,2,7131,3,30,1,1,6,0,1,1,0,0,4,2,0,0
1,1.1,984,35,2,2,9125,3,30,1,5,0,0,1,5,0,0,5,,,
1,1.1,988,33,2,2,8,3,30,1,1,1,0,5,0,0,5,2,,,
1,1.1,988,34,1,2,8,4,30,1,1,4,0,1,5,0,5,4,,,
1,1.2,990,32,2,2,3766,3,30,1,1,1,0,5,0,0,0,1,2,0,0
1,1.1,990,33,2,2,3766,4,30,1,1,6,0,1,1,5,0,2,,,
1,1.1,991,36,2,2,5325,4,30,1,5,0,0,5,0,0,5,1,,,
1,1.1,991,37,2,2,5325,5,30,1,5,0,0,5,0,0,0,1,,,
1,1.1,1012,33,2,2,2322,3,30,1,1,2,0,1,5,5,0,5,,,
1,1.1,1012,36,1,2,2322,4,30,1,1,2,0,5,0,5,0,5,,,
1,1.1,1012,37,1,2,2322,5,30,1,1,2,0,5,0,5,0,5,,,
1,1.1,1012,38,1,2,1994,3,30,1,1,6,0,1,1,0,5,5,,,
1,1.1,1012,39,1,2,1994,4,30,1,5,0,0,5,0,0,5,0,,,
1,1.1,1012,40,1,2,2322,6,30,1,1,2,0,5,0,5,0,5,,,
1,1.1,1012,41,2,2,1994,5,30,1,0,0,0,0,0,0,0,0,,,
1,1.1,1012,42,1,2,1994,6,30,1,0,0,0,0,0,0,0,0,,,
1,1.2,1028,43,2,2,8616,3,33,1,5,0,0,5,0,5,0,1,2,998,4
1,1.2,1028,44,1,2,8757,2,30,1,5,0,0,5,0,0,0,2,2,0,0
1,1.2,1028,45,2,2,8616,4,33,1,5,0,0,5,0,5,0,1,2,0,0
1,1.2,1028,46,2,2,8425,3,33,1,5,0,0,5,0,5,0,1,2,0,0
1,1.1,1028,47,2,2,8425,4,33,1,5,0,0,5,0,5,0,2,,,
1,1.1,1028,204,2,3,8264,2,30,1,0,0,0,0,0,0,0,5,,,
1,1.2,1033,32,2,2,9032,2,30,1,5,0,5,5,0,5,0,2,2,3.5,4
1,1.2,1033,33,1,2,6186,3,30,1,5,0,5,1,5,0,5,5,2,0,0
1,1.2,1036,34,1,2,2618,4,30,1,5,0,0,5,0,0,0,1,2,3.7,4
1,1.2,1036,35,2,2,2618,5,30,1,5,0,5,5,0,0,5,1,2,3.2,4
1,1.2,1036,36,2,2,2618,6,30,1,5,0,5,1,5,0,5,1,2,0,0
1,1.1,1037,46,2,2,8768,3,30,1,0,0,0,0,0,0,0,2,,,
1,1.2,1038,35,2,2,3821,3,30,1,1,6,0,1,5,5,0,1,2,0,0
1,1.2,1038,36,2,2,3821,4,30,1,5,0,0,1,5,0,0,2,2,0,0
1,1.2,1043,39,1,2,1772,3,33,1,1,6,0,1,1,5,5,5,2,3.2,4
1,1.1,1043,40,2,2,2128,3,35,1,1,4,0,5,0,0,0,1,,,
1,1.1,1043,41,1,2,1978,2,30,1,0,0,0,0,0,0,0,5,,,
1,1.1,1048,41,2,2,5437,3,35,1,1,6,0,5,0,0,0,1,,,
1,1.2,1048,44,2,2,6995,3,33,1,1,2,0,5,0,0,5,2,2,3.65,4
1,1.1,1048,45,1,2,5437,4,35,1,1,6,5,5,0,0,0,1,,,
1,1.2,1048,48,1,2,6582,3,30,1,1,1,0,5,0,0,0,5,2,2.5,4
1,1.1,1048,51,1,2,5437,5,35,1,1,1,0,5,0,0,0,1,,,
1,1.2,1048,53,2,2,6582,4,30,1,1,1,0,1,1,0,0,2,2,0,0
1,1.1,1048,57,2,2,8603,2,30,1,1,5,5,5,0,5,0,2,,,
1,1.1,1048,58,1,2,9314,3,30,1,5,0,0,5,0,0,0,0,,,
1,1.1,1048,59,2,2,9314,4,30,1,5,0,5,5,0,0,0,2,,,
1,1.1,1048,61,2,2,8603,3,30,1,1,4,5,5,0,0,0,2,,,
1,1.1,1048,63,1,2,7095,3,30,1,0,0,0,0,0,0,0,0,,,
1,1.1,1048,64,2,2,4975,3,30,1,0,0,0,0,0,0,0,5,,,
1,1.1,1048,251,2,3,5439,3,35,1,1,4,0,1,5,0,0,0,,,
1,1.1,1048,276,2,3,8603,4,30,1,0,0,0,0,0,0,0,0,,,
1,1.2,1051,49,2,2,6574,3,30,1,1,1,0,5,0,0,0,1,2,4,4.5
1,1.2,1051,50,2,2,6574,4,30,1,1,5,0,1,1,0,5,1,2,0,0
1,1.2,1051,188,1,3,6296,4,60,1,5,0,5,5,0,0,0,1,2,998,98
1,1.1,1055,33,1,2,1769,4,30,1,1,4,0,5,0,0,0,5,,,
1,1.1,1055,34,2,2,1548,3,30,1,0,0,0,0,0,0,0,2,,,
1,1.1,1055,35,1,2,1769,5,30,1,0,0,0,0,0,0,0,5,,,
1,1.1,1055,36,1,2,1769,6,30,1,0,0,0,0,0,0,0,5,,,
1,1.1,1055,37,1,2,1769,7,30,1,0,0,0,0,0,0,0,0,,,
1,1.2,1060,34,2,2,2636,4,33,1,1,3,0,1,1,1,0,1,2,3.4,4
1,1.1,1060,35,1,2,1828,3,30,1,1,6,0,1,1,5,5,4,,,
1,1.1,1060,36,1,2,1828,4,30,1,1,5,0,1,1,5,0,5,,,
1,1.1,1060,37,2,2,1828,5,30,1,1,4,0,1,5,5,5,5,,,
1,1.1,1062,32,2,2,474,3,30,1,0,0,0,0,0,0,0,0,,,
1,1.1,1064,39,1,2,1177,4,30,1,1,1,0,1,5,0,0,1,,,
1,1.1,1066,38,1,2,1011,3,33,1,5,0,0,5,0,0,0,1,,,
1,1.2,1066,39,2,2,773,3,33,1,1,1,5,5,0,0,5,1,2,998,4
1,1.1,1068,35,2,2,6039,3,33,1,0,0,0,0,0,0,0,4,,,
1,1.2,1070,32,1,2,463,2,30,1,1,1,0,5,0,0,0,2,2,3,5
1,1.2,1070,33,2,2,463,3,30,1,5,0,0,5,0,0,0,5,2,0,0
1,1.1,1070,172,2,3,463,4,30,1,5,0,0,5,0,0,0,3,,,
1,1.2,1072,33,1,2,6012,3,30,1,1,1,0,5,0,0,0,3,2,3.75,4
1,1.1,1072,35,1,2,6325,3,30,1,0,0,0,0,0,0,0,3,,,
1,1.2,1074,36,1,2,927,3,30,1,1,5,5,1,1,5,0,1,2,0,0
1,1.2,1074,37,1,2,927,4,30,1,1,5,0,5,0,5,0,2,2,0,0
1,1.1,1077,35,1,2,1873,3,30,1,0,0,0,0,0,0,0,0,,,
1,1.1,1077,36,1,2,1873,4,30,1,0,0,0,0,0,0,0,0,,,
1,1.1,1079,34,1,2,8101,2,30,1,5,0,0,5,0,0,5,2,,,
1,1.2,1080,31,2,2,1185,3,30,1,1,3,0,1,1,0,0,1,2,3.7,4
1,1.2,1081,33,2,2,884,3,30,1,1,5,0,1,1,0,0,1,2,0,0
1,1.2,1081,34,2,2,884,4,30,1,5,0,0,5,0,0,0,2,2,0,0
1,1.1,1081,35,1,2,251,3,30,1,0,0,0,0,0,0,0,3,,,
1,1.1,1081,36,2,2,251,4,30,1,0,0,0,0,0,0,0,0,,,
1,1.1,1084,38,2,2,1267,3,30,1,0,0,0,0,0,0,0,0,,,
1,1.1,1087,32,1,2,6905,3,30,1,5,0,0,5,0,0,0,1,,,
1,1.1,1087,33,2,2,6905,4,30,1,0,0,0,0,0,0,0,2,,,
1,1.1,1088,40,2,2,6646,3,30,1,1,4,0,5,0,0,0,2,,,
1,1.1,1088,41,2,2,6646,4,30,1,1,5,0,5,0,0,0,3,,,
1,1.2,1088,42,2,2,7187,4,30,1,5,0,0,5,0,0,0,1,2,3.8,4.2
1,1.2,1088,43,2,2,7187,5,30,1,5,0,0,5,0,0,0,1,2,0,0
1,1.1,1088,44,1,2,7543,3,30,1,1,2,0,5,0,0,0,2,,,
1,1.1,1088,45,1,2,6646,5,30,1,1,3,0,1,5,0,0,4,,,
1,1.1,1088,46,2,2,7543,4,30,1,1,2,0,5,0,0,0,5,,,
1,1.2,1088,186,2,3,9421,3,30,1,5,0,0,5,0,0,0,1,2,0,0
1,1.1,1088,188,2,3,9421,4,30,1,5,0,0,5,0,0,0,5,,,
1,1.1,1089,32,1,2,3309,3,30,1,5,0,0,5,0,0,0,1,,,
1,1.2,1089,33,2,2,3309,4,30,1,5,0,0,5,0,0,0,1,2,3,4
1,1.2,1089,173,1,3,3309,5,30,1,5,0,0,5,0,0,0,2,2,0,0
1,1.1,1093,36,1,2,8297,3,30,1,0,0,0,0,0,0,0,0,,,
1,1.2,1094,34,2,2,894,4,30,1,1,2,0,5,0,0,0,1,2,0,0
1,1.1,1094,35,2,2,450,3,30,1,5,0,0,5,0,5,0,1,,,
1,1.2,1097,32,2,2,140,3,30,1,5,0,0,5,0,0,5,1,2,3.4,4
1,1.1,1097,34,2,2,140,4,30,1,1,4,5,5,0,0,0,1,,,
1,1.1,1100,36,2,2,5558,3,60,1,0,0,0,0,0,0,0,0,,,
1,1.1,1121,37,2,2,5734,3,30,1,0,0,0,0,0,0,0,5,,,
1,1.1,1125,33,1,2,6605,3,33,1,5,0,0,5,0,0,0,4,,,
1,1.1,1125,34,1,2,6605,4,33,1,5,0,0,5,0,0,0,5,,,
1,1.1,1125,35,1,2,6605,5,30,1,0,0,0,0,0,0,0,0,,,
1,1.1,1125,36,2,2,6605,6,30,1,0,0,0,0,0,0,0,5,,,
1,1.1,1125,37,2,2,8836,2,30,1,0,0,0,0,0,0,0,4,,,
1,1.2,1127,33,2,2,3553,2,30,1,5,0,0,5,0,5,5,1,2,4,4
1,1.2,1127,34,1,2,3553,3,30,1,5,0,5,1,5,0,0,1,2,3,4
1,1.2,1127,35,1,2,3785,3,30,1,1,5,0,1,1,0,0,1,2,0,0
1,1.2,1129,48,2,2,5773,3,30,1,5,0,0,5,0,0,0,1,2,0,0
1,1.2,1129,49,1,2,5773,4,30,1,5,0,0,5,0,0,0,1,2,0,0
1,1.1,1131,35,2,2,4984,4,30,1,5,0,0,1,5,0,0,5,,,
1,1.1,1131,36,2,2,4984,5,30,1,5,0,5,1,5,0,5,5,,,
1,1.1,1131,37,1,2,4984,6,30,1,0,0,0,0,0,0,0,5,,,
1,1.1,1131,38,2,2,4984,7,30,1,0,0,0,0,0,0,0,5,,,
1,1.1,1131,39,2,2,4984,8,30,1,0,0,0,0,0,0,0,5,,,
1,1.2,1141,39,1,2,800,6,60,1,1,2,0,5,0,0,0,4,2,0,0
1,1.1,1141,40,1,2,595,3,30,1,5,0,5,5,0,0,1,2,,,
1,1.1,1141,41,1,2,595,4,30,1,0,0,0,0,0,0,0,3,,,
1,1.1,1141,42,1,2,419,3,30,1,0,0,0,0,0,0,0,2,,,
1,1.1,1141,43,2,2,595,5,30,1,0,0,0,0,0,0,0,2,,,
1,1.2,1144,40,2,2,3947,3,30,1,1,1,0,5,0,5,0,5,2,0,0
1,1.1,1144,41,1,2,3903,2,30,1,1,2,0,5,0,0,0,2,,,
1,1.2,1144,42,1,2,3947,4,30,1,1,1,5,5,0,0,0,5,2,0,0
1,1.2,1149,31,1,2,7382,2,30,1,1,6,5,1,1,0,0,1,2,0,0
1,1.1,1150,30,1,2,619,2,30,1,0,0,0,0,0,0,0,2,,,
1,1.2,1152,40,2,2,1528,3,30,1,1,1,0,1,5,5,1,2,2,3.4,4
1,1.2,1152,41,1,2,1389,3,30,1,1,4,0,5,0,5,5,1,2,3.35,4
1,1.2,1152,42,2,2,1409,3,30,1,1,2,0,5,0,1,0,1,2,4.35,5
1,1.2,1152,43,1,2,1636,3,30,1,1,3,0,1,1,5,0,2,2,3,5
1,1.2,1152,44,2,2,1528,4,30,1,5,0,0,1,1,1,0,2,2,0,0
1,1.2,1152,45,1,2,2116,2,30,1,1,5,5,5,0,5,0,1,2,0,0
1,1.2,1152,46,2,2,1635,2,30,1,1,5,0,1,1,5,0,1,2,0,0
1,1.1,1152,47,1,2,1635,3,30,1,1,3,0,5,0,5,0,2,,,
1,1.1,1152,48,1,2,1636,4,30,1,1,5,0,5,0,0,0,1,,,
1,1.2,1152,49,1,2,2116,3,30,1,1,6,0,1,1,1,0,5,2,0,0
1,1.1,1152,50,1,2,1635,4,30,1,1,4,0,5,0,5,0,2,,,
1,1.2,1152,51,1,2,1802,3,30,1,5,0,0,5,0,5,0,3,2,0,0
1,1.1,1152,52,2,2,1635,5,30,1,1,4,0,5,0,0,0,2,,,
1,1.1,1152,53,1,2,1802,4,30,1,5,0,0,5,0,5,0,3,,,
1,1.1,1152,54,2,2,1389,4,30,1,5,0,0,5,0,5,1,2,,,
1,1.1,1152,55,1,2,1802,5,30,1,0,0,0,0,0,0,0,4,,,
1,1.2,1162,37,2,2,1357,3,30,1,5,0,0,1,5,0,0,1,2,997,4
1,1.2,1162,38,1,2,1357,4,30,1,5,0,0,5,0,0,0,1,2,997,4
1,1.1,1162,39,2,2,346,3,30,1,1,5,0,5,0,0,0,1,,,
1,1.1,1162,40,1,2,346,4,30,1,1,4,0,5,0,0,0,1,,,
1,1.2,1163,49,1,2,5718,4,30,1,5,0,0,5,0,5,0,2,2,4,4
1,1.2,1163,50,2,2,5526,4,30,1,1,1,0,5,0,5,0,2,2,4.25,5
1,1.2,1163,51,2,2,5526,5,30,1,1,5,0,5,0,0,0,1,2,0,0
1,1.2,1163,52,2,2,4763,3,30,1,1,5,0,1,1,5,5,4,2,0,0
1,1.1,1163,53,2,2,7226,3,30,1,5,0,0,5,0,0,0,0,,,
1,1.1,1163,54,1,2,7226,4,30,1,5,0,0,5,0,0,0,0,,,
1,1.1,1163,55,1,2,5526,6,30,1,1,5,0,1,1,0,0,1,,,
1,1.1,1163,56,2,2,5396,3,30,1,1,3,0,1,5,0,0,1,,,
1,1.1,1163,57,2,2,4763,4,30,1,1,5,0,1,1,0,5,4,,,
1,1.1,1163,58,2,2,4725,3,30,1,5,0,0,1,5,0,0,3,,,
1,1.1,1163,59,1,2,4725,4,30,1,0,0,0,0,0,0,0,5,,,
1,1.1,1163,62,2,2,7226,5,30,1,0,0,0,0,0,0,0,0,,,
1,1.1,1163,63,1,2,5396,4,30,1,0,0,0,0,0,0,0,1,,,
1,1.1,1163,64,1,2,4763,5,30,1,0,0,0,0,0,0,0,5,,,
1,1.1,1163,66,2,2,5396,5,30,1,0,0,0,0,0,0,0,0,,,
1,1.1,1163,67,2,2,4763,6,30,1,0,0,0,0,0,0,0,0,,,
1,1.1,1163,69,2,2,5322,3,30,1,0,0,0,0,0,0,0,0,,,
1,1.2,1164,35,2,2,7090,3,30,1,5,0,0,1,5,0,0,2,2,0,0
1,1.2,1164,38,2,2,7090,4,30,1,5,0,0,5,0,0,0,2,2,0,0
1,1.1,1164,39,1,2,7090,5,30,1,5,0,0,5,0,0,0,2,,,
1,1.1,1164,41,2,2,8896,3,30,1,0,0,0,0,0,0,0,5,,,
1,1.2,1166,38,2,2,4481,3,60,1,5,0,0,5,0,0,0,1,2,998,98
1,1.2,1166,39,2,2,4481,4,60,1,5,0,0,5,0,0,0,1,2,3.7,4
1,1.2,1166,40,1,2,4184,3,30,1,5,0,0,5,0,0,0,0,2,998,98
1,1.1,1167,48,2,2,4187,2,30,1,5,0,0,5,0,0,5,1,,,
1,1.1,1167,49,1,2,4035,2,30,1,1,4,0,5,0,0,0,2,,,
1,1.1,1167,50,1,2,4035,3,30,1,5,0,0,5,0,0,0,3,,,
1,1.1,1167,51,1,2,4248,2,30,1,0,0,0,0,0,0,0,5,,,
1,1.1,1168,45,1,2,6777,4,30,1,5,0,0,1,5,0,0,2,,,
1,1.1,1168,46,1,2,6777,5,30,1,5,0,0,5,0,0,0,2,,,
1,1.2,1168,47,1,2,5216,5,30,1,5,0,0,5,0,0,0,2,2,3.5,4
1,1.2,1168,48,2,2,5319,3,30,1,5,0,0,5,0,0,0,1,2,998,98
1,1.2,1168,49,2,2,5336,2,30,1,5,0,0,5,0,0,0,1,2,2.3,4
1,1.1,1168,50,1,2,6777,6,30,1,5,0,0,5,0,0,0,2,,,
1,1.1,1168,51,1,2,6777,7,30,1,5,0,0,1,5,0,0,2,,,
1,1.2,1168,52,2,2,6491,2,30,1,5,0,0,1,5,0,0,1,2,998,98
1,1.2,1168,53,1,2,6491,3,30,1,5,0,0,5,0,0,0,1,2,0,0
1,1.2,1168,54,2,2,6491,4,30,1,5,0,0,5,0,0,0,1,2,0,0
1,1.2,1168,55,2,2,6491,5,30,1,5,0,0,5,0,0,0,1,2,0,0
1,1.1,1168,57,1,2,5336,3,30,1,5,0,0,5,0,0,0,0,,,
1,1.1,1168,59,1,2,5275,3,33,1,5,0,5,5,0,0,0,5,,,
1,1.2,1168,60,2,2,5319,4,30,1,1,5,0,1,1,0,0,2,2,0,0
1,1.1,1168,61,2,2,5216,6,30,1,5,0,0,5,0,0,0,1,,,
1,1.1,1168,63,2,2,5216,7,30,1,5,0,0,5,0,0,0,1,,,
1,1.1,1168,65,1,2,6491,6,30,1,5,0,0,5,0,0,0,0,,,
1,1.1,1168,66,2,2,5336,4,30,1,0,0,0,0,0,0,0,0,,,
1,1.1,1168,67,1,2,5336,5,30,1,0,0,0,0,0,0,0,0,,,
1,1.1,1168,70,1,2,6491,7,30,1,0,0,0,0,0,0,0,2,,,
1,1.1,1184,47,2,2,5268,2,30,1,5,0,5,5,0,0,0,2,,,
1,1.1,1184,48,2,2,5268,3,30,1,5,0,0,5,0,0,0,1,,,
1,1.2,1200,35,1,2,8210,3,30,1,5,0,5,5,0,0,0,1,2,3.87,4
1,1.2,1200,36,1,2,7404,3,33,1,1,1,5,5,0,5,0,2,2,998,4
1,1.2,1200,37,2,2,8210,5,30,1,1,3,0,5,0,5,0,1,2,0,0
1,1.2,1200,179,2,3,8210,4,30,1,1,1,0,5,0,5,5,1,2,998,4
1,1.1,1213,34,1,2,766,3,30,1,0,0,0,0,0,0,0,4,,,
1,1.1,1213,35,1,2,766,4,30,1,0,0,0,0,0,0,0,5,,,
1,1.1,1213,36,2,2,766,5,30,1,0,0,0,0,0,0,0,5,,,
1,1.1,1221,38,1,2,3896,3,30,1,1,2,0,5,0,5,0,4,,,
1,1.1,1221,180,1,3,3896,2,30,1,1,6,0,1,1,5,0,1,,,
1,1.2,1222,38,2,2,3592,3,30,1,1,2,0,5,0,5,0,3,2,4,4
1,1.2,1222,39,2,2,3592,4,30,1,1,2,0,5,0,0,0,1,2,4,4
1,1.2,1222,40,2,2,3592,5,30,1,1,3,0,5,0,0,0,1,2,3.9,4
1,1.1,1222,41,2,2,3798,3,30,1,5,0,5,5,0,0,0,0,,,
1,1.2,1222,42,2,2,3569,2,30,1,5,0,5,5,0,5,0,0,2,0,0
1,1.1,1222,43,1,2,3674,3,30,1,5,0,0,5,0,0,5,1,,,
1,1.1,1222,44,1,2,3468,3,30,1,5,0,0,5,0,0,0,5,,,
1,1.1,1222,45,2,2,3468,4,30,1,5,0,0,1,5,0,1,0,,,
1,1.1,1222,46,2,2,3569,3,30,1,5,0,5,5,0,0,0,0,,,
1,1.1,1222,47,1,2,3674,4,30,1,5,0,0,5,0,0,5,1,,,
1,1.1,1222,48,1,2,3780,3,30,1,0,0,0,0,0,0,0,5,,,
1,1.1,1222,49,1,2,3798,4,30,1,0,0,0,0,0,0,0,0,,,
1,1.1,1222,50,2,2,3859,3,30,1,0,0,0,0,0,0,0,0,,,
1,1.1,1222,212,2,3,3780,4,30,1,0,0,0,0,0,0,0,0,,,
1,1.1,1225,32,2,2,4083,3,30,1,0,0,0,0,0,0,0,0,,,
1,1.1,1225,33,2,2,4083,4,30,1,0,0,0,0,0,0,0,0,,,
1,1.2,1236,34,2,2,709,4,30,1,5,0,0,5,0,0,0,1,2,3.98,4
1,1.1,1236,35,2,2,821,5,30,1,5,0,0,5,0,0,5,0,,,
1,1.2,1236,175,2,3,821,4,30,1,5,0,0,5,0,0,5,0,2,0,0
1,1.1,1242,43,1,2,8203,4,30,1,1,4,5,1,1,1,5,5,,,
1,1.1,1242,44,2,2,5063,3,30,1,1,6,0,1,1,5,5,3,,,
1,1.1,1242,46,2,2,5063,4,30,1,0,0,0,0,0,0,0,3,,,
1,1.1,1242,47,2,2,5046,3,30,1,0,0,0,0,0,0,0,0,,,
1,1.1,1242,48,2,2,5063,5,30,1,0,0,0,0,0,0,0,0,,,
1,1.2,1255,32,2,2,617,2,30,1,5,0,0,5,0,0,0,1,2,3.9,98
1,1.2,1255,33,2,2,617,3,30,1,5,0,0,1,5,0,0,2,2,4,4.5
1,1.1,1255,34,2,2,971,3,30,1,1,6,0,5,0,5,5,1,,,
1,1.2,1255,35,2,2,617,4,30,1,1,6,0,5,0,0,0,2,2,0,0
1,1.2,1256,30,2,2,1032,3,30,1,1,1,0,5,0,5,0,2,2,0,0
1,1.1,1260,45,2,2,8361,3,30,1,5,0,0,5,0,5,0,1,,,
1,1.1,1260,46,2,2,8361,4,30,1,5,0,0,5,0,5,0,1,,,
1,1.2,1266,32,1,2,2075,5,35,1,1,2,0,5,0,0,0,1,2,0,0
1,1.2,1266,33,2,2,2601,2,33,1,5,0,0,5,0,0,0,1,2,0,0
1,1.2,1266,34,2,2,2075,3,35,1,1,5,0,5,0,0,0,0,2,0,0
1,1.2,1266,35,2,2,2075,4,35,1,1,4,5,5,0,0,0,0,2,0,0
1,1.1,1267,33,1,2,277,4,30,1,1,1,0,5,0,0,0,3,,,
1,1.2,1269,37,2,2,4998,5,30,1,5,0,0,1,5,5,0,1,2,4,5
1,1.2,1269,38,1,2,6633,4,30,1,5,0,0,1,1,0,0,5,2,0,0
1,1.1,1269,39,1,2,4998,6,30,1,0,0,0,0,0,0,0,0,,,
1,1.2,1270,34,1,2,920,3,30,1,1,2,0,5,0,5,0,1,2,0,0
1,1.2,1270,35,1,2,920,4,30,1,1,4,0,5,0,5,0,2,2,0,0
1,1.1,1274,34,1,2,8570,3,30,1,0,0,0,0,0,0,0,0,,,
1,1.1,1281,37,1,2,3357,3,30,1,0,0,0,0,0,0,0,2,,,
1,1.1,1281,38,1,2,3200,3,30,1,0,0,0,0,0,0,0,0,,,
1,1.2,1282,37,1,2,2754,3,30,1,1,5,5,1,1,0,0,1,2,998,98
1,1.1,1282,38,2,2,2754,4,30,1,1,1,5,1,5,0,5,1,,,
1,1.1,1282,39,1,2,1369,3,30,1,1,2,0,5,0,0,0,3,,,
1,1.1,1282,40,2,2,1369,4,30,1,1,2,0,5,0,0,0,4,,,
1,1.1,1282,41,2,2,2701,3,30,1,0,0,0,0,0,0,0,0,,,
1,1.1,1282,42,1,2,1369,5,30,1,0,0,0,0,0,0,0,0,,,
1,1.2,1284,36,2,2,9359,3,30,1,5,0,0,1,5,5,0,1,2,4.1,4.3
1,1.1,1285,35,2,2,2018,2,30,1,0,0,0,0,0,0,0,5,,,
1,1.1,1285,36,1,2,2346,3,30,1,0,0,0,0,0,0,0,0,,,
1,1.2,1288,32,1,2,644,3,30,1,1,1,5,5,0,5,0,1,2,3,4.2
1,1.2,1288,33,2,2,644,4,30,1,1,5,5,5,0,5,0,1,2,0,0
1,1.1,1288,34,1,2,644,5,30,1,1,1,0,5,0,5,5,1,,,
1,1.1,1290,37,1,2,7084,4,30,1,1,2,0,5,0,5,0,0,,,
1,1.1,1292,36,2,2,8963,4,30,1,0,0,0,0,0,0,0,4,,,
1,1.1,1292,182,2,3,8963,3,30,1,5,0,0,5,0,0,1,5,,,
1,1.2,1301,32,2,2,320,3,60,1,5,0,5,5,0,0,0,1,2,3,3
1,1.2,1301,33,1,2,320,4,60,1,1,5,5,5,0,0,0,1,2,997,3
1,1.2,1301,34,1,2,420,3,35,1,1,4,0,5,0,0,0,0,2,0,0
1,1.2,1301,35,2,2,420,4,30,1,5,0,0,5,0,0,0,1,2,0,0
1,1.1,1301,36,1,2,420,5,30,1,0,0,0,0,0,0,0,0,,,
1,1.2,1302,38,2,2,6993,3,35,1,1,6,0,1,5,0,0,5,2,0,0
1,1.1,1302,42,2,2,6993,4,30,1,1,6,5,1,1,0,0,3,,,
1,1.1,1302,43,1,2,7156,3,30,1,0,0,0,0,0,0,0,1,,,
1,1.1,1302,44,1,2,8528,3,30,1,0,0,0,0,0,0,0,0,,,
1,1.1,1302,45,2,2,8528,4,30,1,0,0,0,0,0,0,0,0,,,
1,1.1,1302,46,2,2,7156,4,30,1,0,0,0,0,0,0,0,2,,,
1,1.1,1302,47,2,2,9267,3,30,1,0,0,0,0,0,0,0,0,,,
1,1.1,1302,48,1,2,6993,5,30,1,0,0,0,0,0,0,0,0,,,
1,1.1,1306,33,2,2,6337,3,30,1,5,0,0,1,1,1,0,1,,,
1,1.2,1314,32,1,2,1257,3,30,1,5,0,5,5,0,0,0,1,2,2.6,4
1,1.2,1314,33,2,2,340,3,30,1,1,2,0,5,0,5,5,1,2,3.7,4
1,1.2,1314,34,2,2,1257,4,30,1,1,5,0,1,1,1,0,1,2,3,4
1,1.2,1314,35,1,2,340,4,30,1,1,5,0,5,0,5,0,1,2,0,0
1,1.1,1315,41,2,2,8551,3,33,1,1,1,0,5,0,0,5,5,,,
1,1.1,1315,42,1,2,6034,3,30,1,0,0,0,0,0,0,0,5,,,
1,1.1,1315,43,1,2,8551,4,30,1,0,0,0,0,0,0,0,2,,,
1,1.1,1315,44,1,2,8551,5,30,1,0,0,0,0,0,0,0,3,,,
1,1.1,1315,46,2,2,5002,3,30,1,0,0,0,0,0,0,0,0,,,
1,1.2,1335,63,1,2,9034,3,30,1,1,5,0,1,1,1,0,1,2,2.8,4
1,1.2,1335,65,2,2,4520,3,30,1,1,5,0,5,0,0,0,1,2,2.4,4
1,1.2,1335,68,1,2,6882,2,30,1,1,1,0,5,0,5,5,1,2,3.1,4
1,1.2,1335,69,1,2,6896,3,30,1,1,4,5,1,1,0,0,1,2,2.65,4
1,1.1,1335,70,2,2,7329,3,30,1,1,3,0,5,0,5,5,1,,,
1,1.2,1335,71,2,2,6896,4,30,1,1,1,5,5,0,0,0,1,2,0,0
1,1.1,1335,72,2,2,7329,4,30,1,1,2,0,5,0,5,5,1,,,
1,1.1,1335,73,2,2,9069,4,30,1,1,6,0,1,1,5,0,1,,,
1,1.1,1335,76,2,2,6842,2,30,1,1,5,5,1,1,5,5,1,,,
1,1.2,1335,77,2,2,6882,3,30,1,5,0,0,1,1,5,0,1,2,0,0
1,1.1,1335,78,1,2,6360,3,30,1,5,0,0,5,0,0,0,2,,,
1,1.2,1335,79,1,2,7149,3,30,1,1,3,0,5,0,0,0,2,2,0,0
1,1.2,1335,80,2,2,6790,3,33,1,5,0,5,5,0,0,0,0,2,0,0
1,1.1,1335,82,2,2,6842,3,30,1,1,3,0,1,5,0,1,2,,,
1,1.2,1335,83,1,2,6882,4,30,1,1,2,0,5,0,5,5,1,2,0,0
1,1.2,1335,84,2,2,6360,4,30,1,5,0,0,5,0,5,0,2,2,0,0
1,1.1,1335,85,1,2,9069,5,30,1,1,1,0,1,5,0,5,1,,,
1,1.2,1335,87,2,2,6790,4,33,1,5,0,5,5,0,0,0,0,2,0,0
1,1.1,1335,88,1,2,6585,3,30,1,0,0,0,0,0,0,0,0,,,
1,1.1,1335,89,1,2,7149,4,30,1,0,0,0,0,0,0,0,0,,,
1,1.1,1335,90,1,2,7149,5,30,1,0,0,0,0,0,0,0,0,,,
1,1.1,1335,93,1,2,6737,3,30,1,0,0,0,0,0,0,0,2,,,
1,1.1,1335,94,2,2,4760,3,30,1,0,0,0,0,0,0,0,5,,,
1,1.1,1335,95,2,2,6790,5,30,1,0,0,0,0,0,0,0,0,,,
1,1.1,1335,96,2,2,6790,6,30,1,0,0,0,0,0,0,0,0,,,
1,1.1,1335,97,1,2,6737,4,30,1,0,0,0,0,0,0,0,0,,,
1,1.1,1335,98,1,2,6631,3,30,1,0,0,0,0,0,0,0,0,,,
1,1.1,1335,99,1,2,6434,3,30,1,0,0,0,0,0,0,0,5,,,
1,1.2,1336,38,2,2,6524,3,30,1,5,0,0,5,0,0,0,1,2,0,0
1,1.2,1336,39,2,2,6524,4,30,1,5,0,0,5,0,0,5,1,2,0,0
1,1.1,1336,40,1,2,6524,5,30,1,5,0,5,5,0,5,5,1,,,
1,1.1,1336,41,2,2,6524,6,30,1,5,0,0,1,5,5,0,1,,,
1,1.1,1336,197,1,3,6524,7,30,1,0,0,0,0,0,0,0,2,,,
1,1.2,1338,31,1,2,2260,4,30,1,5,0,0,5,0,0,0,1,2,998,4
1,1.2,1342,33,2,2,263,3,30,1,5,0,0,5,0,0,0,1,2,2.3,4
1,1.2,1342,34,1,2,263,4,30,1,5,0,0,5,0,0,0,3,2,0,0
1,1.2,1345,38,1,2,2059,4,30,1,1,5,0,5,0,5,0,1,2,3.98,4
1,1.2,1345,39,1,2,2059,5,30,1,1,6,0,1,1,5,0,1,2,998,4
1,1.1,1351,38,1,2,2076,3,30,1,0,0,0,0,0,0,0,0,,,
1,1.2,1353,39,1,2,9474,3,30,1,1,5,0,5,0,5,5,2,2,2.8,4
1,1.1,1353,43,1,2,9474,4,30,1,1,4,0,5,0,0,0,5,,,
1,1.1,1355,35,2,2,4293,5,30,1,1,1,5,5,0,0,0,1,,,
1,1.2,1358,31,2,2,4661,2,30,1,5,0,0,5,0,5,0,2,2,0,0
1,1.2,1368,33,1,2,1277,2,30,1,5,0,0,1,1,0,0,1,2,0,0
1,1.1,1368,34,1,2,1277,4,30,1,5,0,0,5,0,0,0,1,,,
1,1.1,1368,35,2,2,1030,2,30,1,1,6,0,5,0,0,0,1,,,
1,1.1,1368,36,2,2,1030,3,30,1,0,0,0,0,0,0,0,3,,,
1,1.1,1368,37,2,2,1172,4,65,1,0,0,0,0,0,0,0,0,,,
1,1.1,1368,187,1,3,940,2,30,1,5,0,5,1,1,0,0,5,,,
1,1.2,1376,33,2,2,2080,2,30,1,1,4,5,1,1,1,0,1,2,998,98
1,1.1,1376,34,2,2,2009,3,33,1,1,2,0,1,5,5,5,2,,,
1,1.2,1376,35,2,2,1721,3,30,1,1,5,0,1,1,0,0,4,2,0,0
1,1.1,1376,36,1,2,1721,4,30,1,0,0,0,0,0,0,0,4,,,
1,1.1,1377,34,2,2,1530,3,30,1,0,0,0,0,0,0,0,2,,,
1,1.1,1377,35,1,2,2321,3,30,1,0,0,0,0,0,0,0,2,,,
1,1.1,1377,36,2,2,2321,4,30,1,0,0,0,0,0,0,0,1,,,
1,1.1,1383,41,2,2,5226,2,30,1,0,0,0,0,0,0,0,2,,,
1,1.1,1383,42,2,2,8892,2,30,1,0,0,0,0,0,0,0,2,,,
1,1.1,1383,43,2,2,5226,3,30,1,0,0,0,0,0,0,0,4,,,
1,1.1,1387,34,2,2,7950,3,30,1,5,0,5,1,5,0,0,2,,,
1,1.1,1387,36,1,2,7950,4,30,1,0,0,0,0,0,0,0,5,,,
1,1.2,1391,36,1,2,8408,3,30,1,5,0,0,5,0,0,0,1,2,3.6,98
1,1.2,1394,41,2,2,4532,5,30,1,1,3,0,5,0,0,0,1,2,3.1,4
1,1.1,1394,42,1,2,6043,3,65,1,5,0,0,5,0,0,0,1,,,
1,1.1,1394,43,2,2,5604,2,30,1,5,0,0,5,0,0,0,1,,,
1,1.2,1394,44,2,2,4534,2,30,1,5,0,0,1,5,0,1,1,2,0,0
1,1.2,1394,45,1,2,4626,3,30,1,5,0,0,5,0,0,0,1,2,0,0
1,1.1,1394,46,2,2,4626,4,30,1,1,6,0,5,0,0,0,1,,,
1,1.1,1397,39,1,2,6545,3,30,1,1,6,0,5,0,0,0,1,,,
1,1.1,1397,40,2,2,8075,4,30,1,0,0,0,0,0,0,0,0,,,
1,1.1,1397,41,1,2,7230,4,30,1,0,0,0,0,0,0,0,0,,,
1,1.2,1397,184,1,3,8075,3,30,1,1,5,0,1,1,0,0,1,2,0,0
1,1.1,1398,34,2,2,5177,2,30,1,0,0,0,0,0,0,0,5,,,
1,1.1,1399,41,2,2,8452,3,30,1,1,1,0,1,5,0,0,1,,,
1,1.1,1399,42,1,2,6916,3,30,1,1,6,5,1,1,0,5,1,,,
1,1.1,1399,43,2,2,7452,3,30,1,1,5,0,1,1,0,0,2,,,
1,1.1,1399,44,2,2,8452,4,30,1,1,1,0,1,5,0,0,2,,,
1,1.1,1399,45,1,2,7452,4,30,1,0,0,0,0,0,0,0,5,,,
1,1.1,1399,46,1,2,8664,3,30,1,0,0,0,0,0,0,0,0,,,
1,1.1,1399,47,2,2,8664,4,30,1,0,0,0,0,0,0,0,0,,,
1,1.1,1399,48,2,2,7561,3,30,1,0,0,0,0,0,0,0,0,,,
1,1.2,1406,36,1,2,9220,3,30,1,5,0,0,5,0,0,5,1,2,3.2,4
1,1.1,1406,37,1,2,9220,4,30,1,5,0,0,5,0,0,5,1,,,
1,1.1,1406,38,2,2,9220,5,30,1,5,0,0,1,5,0,0,2,,,
1,1.2,1407,34,2,2,6033,3,33,1,1,6,0,5,0,5,0,3,2,0,0
1,1.1,1407,35,2,2,6033,4,30,1,0,0,0,0,0,0,0,4,,,
1,1.2,1411,48,1,2,6351,3,30,1,1,5,0,5,0,0,0,5,2,998,98
1,1.2,1411,49,2,2,6351,4,30,1,1,4,0,5,0,0,0,4,2,0,0
1,1.2,1426,44,2,2,3018,4,30,1,1,6,0,1,1,1,0,1,2,998,98
1,1.1,1426,45,2,2,2911,3,30,1,5,0,0,5,0,0,0,3,,,
1,1.1,1426,46,2,2,2911,4,30,1,5,0,0,5,0,0,1,0,,,
1,1.1,1426,47,1,2,3189,2,30,1,5,0,0,5,0,0,0,3,,,
1,1.1,1426,48,2,2,3018,5,30,1,5,0,0,1,5,0,0,4,,,
1,1.1,1426,49,2,2,2911,5,30,1,5,0,0,5,0,0,0,0,,,
1,1.1,1426,50,1,2,3189,3,30,1,5,0,0,5,0,0,0,3,,,
1,1.1,1426,52,2,2,2901,4,30,1,5,0,0,1,5,5,0,1,,,
1,1.1,1426,53,2,2,3031,2,30,1,5,0,0,1,5,0,0,2,,,
1,1.1,1426,54,2,2,3031,3,30,1,5,0,0,1,5,0,0,2,,,
1,1.1,1426,55,2,2,3189,4,30,1,0,0,0,0,0,0,0,2,,,
1,1.1,1426,56,2,2,3013,3,30,1,0,0,0,0,0,0,0,2,,,
1,1.2,1434,40,2,2,7259,3,30,1,1,2,0,5,0,5,0,1,2,998,4
1,1.2,1434,41,2,2,4780,5,30,1,1,5,0,5,0,5,5,1,2,998,98
1,1.1,1434,42,2,2,5106,3,30,1,1,3,0,5,0,5,5,1,,,
1,1.2,1434,44,2,2,7259,4,30,1,1,6,0,1,1,5,0,1,2,0,0
1,1.1,1434,45,2,2,5106,4,30,1,1,1,0,1,5,5,5,1,,,
1,1.2,1434,47,1,2,7259,5,30,1,1,2,0,1,5,5,0,1,2,0,0
1,1.2,1438,40,2,2,8494,2,30,1,5,0,0,5,0,0,0,1,2,3.2,4
1,1.1,1438,42,2,2,8070,4,30,1,5,0,0,1,5,0,0,1,,,
1,1.1,1438,43,2,2,6740,2,30,1,5,0,5,5,0,0,0,2,,,
1,1.1,1438,44,2,2,5782,3,30,1,0,0,0,0,0,0,0,0,,,
1,1.2,1445,39,2,2,1784,3,30,1,5,0,0,1,1,0,0,1,2,0,0
1,1.1,1445,40,1,2,1784,4,30,1,5,0,0,1,1,0,0,3,,,
1,1.1,1445,41,1,2,1992,3,30,1,1,4,0,5,0,5,5,3,,,
1,1.1,1445,42,2,2,1784,5,30,1,0,0,0,0,0,0,0,0,,,
1,1.1,1445,178,1,3,1992,4,30,1,1,3,5,5,0,5,5,3,,,
1,1.1,1454,33,2,2,3507,3,30,1,1,1,5,1,5,1,5,1,,,
1,1.1,1454,34,1,2,3507,4,30,1,1,1,0,5,0,5,5,2,,,
1,1.1,1454,35,1,2,3792,3,30,1,5,0,0,5,0,0,0,3,,,
1,1.1,1454,36,1,2,3792,4,30,1,0,0,0,0,0,0,0,4,,,
1,1.1,1454,37,1,2,3831,3,30,1,0,0,0,0,0,0,0,0,,,
1,1.1,1454,38,2,2,3831,4,30,1,0,0,0,0,0,0,0,0,,,
1,1.1,1454,39,2,2,3792,5,30,1,0,0,0,0,0,0,0,0,,,
1,1.1,1459,34,1,2,4311,3,30,1,5,0,0,5,0,0,0,3,,,
1,1.1,1460,31,1,2,1592,3,30,1,1,3,0,5,0,5,0,2,,,
1,1.1,1460,32,1,2,1592,4,30,1,5,0,0,5,0,0,0,5,,,
1,1.2,1462,33,2,2,1583,3,30,1,1,4,5,1,1,0,0,1,2,998,98
1,1.2,1473,33,2,2,8634,3,30,1,5,0,0,5,0,5,0,1,2,4.2,5
1,1.2,1473,34,2,2,7872,3,30,1,5,0,0,5,0,0,5,1,2,998,4
1,1.2,1473,35,1,2,8634,4,30,1,5,0,0,5,0,0,5,1,2,0,0
1,1.1,1473,36,2,2,7872,4,30,1,5,0,0,1,5,0,0,2,,,
1,1.1,1475,175,2,3,2967,3,30,1,5,0,0,5,0,5,0,0,,,
1,1.1,1475,176,1,3,2967,4,30,1,5,0,0,5,0,5,0,0,,,
1,1.2,1480,36,1,2,1877,4,33,1,1,5,0,5,0,0,0,1,2,4.2,5
1,1.2,1485,37,1,2,1868,2,30,1,5,0,0,5,0,0,0,1,2,2.67,4
1,1.2,1485,38,1,2,2413,4,33,1,1,3,0,5,0,0,0,3,2,0,0
1,1.2,1485,39,1,2,2413,5,33,1,1,3,0,5,0,0,0,5,2,0,0
1,1.1,1485,40,1,2,2146,3,30,1,0,0,0,0,0,0,0,0,,,
1,1.2,1485,180,2,3,2413,3,33,1,1,4,0,5,0,0,0,2,2,3,4.3
1,1.2,1496,33,2,2,219,3,30,1,1,3,0,5,0,5,5,1,2,4.3,5
1,1.2,1496,35,2,2,219,4,30,1,1,2,0,5,0,5,5,1,2,4,5
1,1.2,1496,36,1,2,219,5,30,1,1,3,0,1,1,0,5,1,2,0,0
1,1.2,1498,42,2,2,7740,3,30,1,5,0,0,5,0,0,0,1,2,3.4,4
1,1.1,1498,44,1,2,4927,3,30,1,0,0,0,0,0,0,0,5,,,
1,1.1,1498,45,2,2,9133,5,60,1,0,0,0,0,0,0,0,2,,,
1,1.1,1498,46,1,2,4927,4,30,1,0,0,0,0,0,0,0,5,,,
1,1.1,1498,47,2,2,7154,3,30,1,0,0,0,0,0,0,0,0,,,
1,1.2,1501,33,1,2,2686,4,30,1,5,0,5,5,0,0,0,1,2,2.35,4
1,1.2,1520,33,2,2,2021,2,30,1,5,0,5,1,5,5,0,5,2,0,0
1,1.1,1520,34,1,2,2886,4,30,1,5,0,0,5,0,0,0,2,,,
1,1.2,1522,46,2,2,5318,3,30,1,1,6,0,1,5,0,0,3,2,0,0
1,1.2,1522,47,1,2,5318,4,30,1,1,5,0,5,0,1,0,4,2,0,0
1,1.1,1533,36,2,2,3009,5,30,1,1,5,5,5,0,0,0,2,,,
1,1.2,1533,37,1,2,3009,6,30,1,1,3,5,1,5,5,0,4,2,0.1,0.1
1,1.2,1533,38,2,2,3009,7,30,1,1,5,5,1,1,5,0,0,2,0,0
1,1.2,1537,30,2,2,2767,3,30,1,1,5,0,1,1,0,0,1,2,0,0
1,1.1,1542,43,2,2,7615,2,30,1,1,2,5,5,0,5,0,1,,,
1,1.1,1542,44,1,2,7615,4,30,1,0,0,0,0,0,0,0,2,,,
1,1.1,1542,45,1,2,5151,3,30,1,0,0,0,0,0,0,0,5,,,
1,1.1,1542,46,2,2,6301,3,30,1,0,0,0,0,0,0,0,5,,,
1,1.1,1542,48,1,2,5933,3,30,1,0,0,0,0,0,0,0,0,,,
1,1.1,1542,49,1,2,6320,3,30,1,0,0,0,0,0,0,0,0,,,
1,1.1,1547,34,1,2,4436,3,30,1,5,0,5,1,5,0,0,5,,,
1,1.1,1547,35,1,2,4436,4,30,1,5,0,0,1,5,0,0,2,,,
1,1.1,1547,36,2,2,4436,5,30,1,5,0,5,1,5,0,0,2,,,
1,1.2,1551,38,1,2,8762,3,60,1,1,6,0,1,1,5,0,0,2,0,0
1,1.2,1551,40,1,2,6544,3,30,1,5,0,0,5,0,5,0,1,2,0,0
1,1.2,1551,41,1,2,6544,4,30,1,5,0,0,5,0,5,0,2,2,0,0
1,1.1,1551,42,1,2,7829,2,30,1,5,0,0,5,0,0,0,0,,,
1,1.1,1551,44,2,2,7829,3,30,1,5,0,0,5,0,0,0,0,,,
1,1.1,1551,45,2,2,8009,3,30,1,5,0,0,5,0,5,0,3,,,
1,1.1,1551,46,1,2,6544,5,30,1,0,0,0,0,0,0,0,5,,,
1,1.1,1551,47,2,2,8009,4,30,1,0,0,0,0,0,0,0,5,,,
1,1.2,1565,40,1,2,3895,3,30,1,5,0,0,5,0,0,0,1,2,3,6
1,1.1,1565,41,1,2,3915,3,30,1,1,1,5,1,5,5,5,2,,,
1,1.1,1565,42,1,2,3915,4,30,1,5,0,0,1,5,5,0,4,,,
1,1.1,1570,33,2,2,481,2,30,1,5,0,0,5,0,0,0,0,,,
1,1.2,1570,184,2,3,183,3,30,1,5,0,0,1,5,0,0,1,2,2.8,4
1,1.2,1570,185,2,3,183,4,30,1,1,6,0,1,1,0,0,1,2,0,0
1,1.1,1571,42,1,2,6972,2,30,1,5,0,5,5,0,0,0,1,,,
1,1.2,1571,43,1,2,4980,2,30,1,5,0,5,5,0,0,0,2,2,2,4
1,1.2,1571,45,1,2,4980,3,30,1,5,0,0,5,0,0,0,4,2,2.8,4
1,1.1,1571,46,1,2,6972,4,30,1,5,0,0,1,1,0,0,1,,,
1,1.1,1571,47,1,2,6972,5,30,1,5,0,0,5,0,5,0,1,,,
1,1.2,1571,48,1,2,4980,4,30,1,5,0,5,5,0,0,0,2,2,0,0
1,1.1,1572,48,2,2,5581,3,30,1,5,0,0,5,0,0,0,1,,,
1,1.2,1572,50,2,2,7347,2,30,1,5,0,0,5,0,0,0,1,2,3.8,4
1,1.2,1572,51,1,2,6404,2,30,1,5,0,0,5,0,0,0,1,2,0,0
1,1.1,1572,52,1,2,6946,3,30,1,5,0,0,5,0,0,0,0,,,
1,1.1,1572,53,1,2,6404,3,30,1,5,0,0,5,0,1,0,1,,,
1,1.2,1572,54,1,2,6115,2,30,1,5,0,0,5,0,5,0,2,2,0,0
1,1.1,1572,56,1,2,6085,3,30,1,0,0,0,0,0,0,0,0,,,
1,1.1,1572,57,1,2,6946,4,30,1,0,0,0,0,0,0,0,0,,,
1,1.1,1572,60,1,2,6085,5,30,1,0,0,0,0,0,0,0,0,,,
1,1.2,1577,33,1,2,1218,4,30,1,1,6,5,1,1,5,5,1,2,0,0
1,1.2,1579,44,2,2,5931,3,30,1,1,6,5,1,1,1,1,1,2,4,4
1,1.2,1579,46,1,2,5931,4,30,1,1,6,0,1,1,5,0,1,2,4,4
1,1.2,1579,49,1,2,8141,3,30,1,1,2,0,1,1,0,5,1,2,0,0
1,1.1,1579,50,2,2,7177,3,30,1,1,1,0,1,5,0,0,2,,,
1,1.2,1579,51,2,2,5021,3,30,1,1,3,0,1,5,5,0,1,2,0,0
1,1.1,1579,52,2,2,7177,4,30,1,1,2,5,1,5,0,0,2,,,
1,1.2,1579,54,1,2,5931,5,30,1,1,5,0,1,1,5,0,1,2,0,0
1,1.2,1579,55,1,2,5021,4,30,1,5,0,0,5,0,5,0,2,2,0,0
1,1.1,1579,56,2,2,5931,6,30,1,1,3,0,1,5,0,0,2,,,
1,1.1,1579,57,1,2,8141,4,30,1,1,1,0,5,0,0,0,3,,,
1,1.2,1579,58,1,2,5021,5,30,1,5,0,0,5,0,5,0,2,2,0,0
1,1.1,1579,59,1,2,5021,6,30,1,5,0,0,5,0,0,0,2,,,
1,1.1,1579,60,1,2,6053,2,30,1,1,2,0,5,0,0,0,4,,,
1,1.1,1579,61,2,2,5826,5,30,1,1,6,5,1,1,0,5,1,,,
1,1.1,1579,62,2,2,7177,5,30,1,0,0,0,0,0,0,0,3,,,
1,1.1,1579,63,1,2,6053,3,30,1,0,0,0,0,0,0,0,4,,,
1,1.1,1579,64,2,2,5826,6,30,1,0,0,0,0,0,0,0,1,,,
1,1.1,1579,65,1,2,6991,3,30,1,0,0,0,0,0,0,0,0,,,
1,1.1,1579,66,2,2,8141,5,30,1,0,0,0,0,0,0,0,0,,,
1,1.1,1579,67,1,2,5021,7,30,1,0,0,0,0,0,0,0,2,,,
1,1.1,1579,68,2,2,5826,7,30,1,0,0,0,0,0,0,0,1,,,
1,1.2,1583,33,2,2,7174,4,35,1,5,0,5,5,0,5,0,1,2,3.8,4
1,1.2,1583,34,2,2,5507,2,30,1,5,0,5,5,0,0,0,1,2,0,0
1,1.2,1583,35,1,2,5507,3,30,1,5,0,0,5,0,0,0,2,2,0,0
1,1.1,1583,38,2,2,8147,4,30,1,0,0,0,0,0,0,0,0,,,
1,1.1,1590,33,1,2,1078,3,30,1,1,1,0,5,0,5,0,1,,,
1,1.1,1590,34,1,2,1078,4,30,1,1,1,0,5,0,0,0,2,,,
1,1.1,1591,41,1,2,8105,3,30,1,0,0,0,0,0,0,0,0,,,
1,1.1,1611,39,1,2,5621,4,30,1,1,5,0,1,1,0,0,1,,,
1,1.1,1611,40,1,2,5621,5,30,1,5,0,0,5,0,0,0,2,,,
1,1.1,1613,46,1,2,7955,2,30,1,5,0,0,5,0,0,0,1,,,
1,1.1,1613,49,1,2,7955,3,30,1,5,0,0,5,0,0,0,1,,,
1,1.1,1624,38,1,2,3939,3,30,1,0,0,0,0,0,0,0,4,,,
1,1.1,1624,39,2,2,3939,6,30,1,0,0,0,0,0,0,0,0,,,
1,1.1,1627,33,2,2,55,4,30,1,5,0,0,5,0,0,0,1,,,
1,1.1,1630,35,2,2,5039,3,30,1,0,0,0,0,0,0,0,0,,,
1,1.2,1633,30,2,2,1991,3,30,1,1,1,0,5,0,0,0,5,2,3.76,4
1,1.2,1633,31,1,2,2297,2,30,1,1,2,0,5,0,0,0,1,2,3,4
1,1.1,1633,32,1,2,2334,3,35,1,5,0,0,5,0,0,0,2,,,
1,1.1,1633,33,1,2,2304,3,30,1,0,0,0,0,0,0,0,2,,,
1,1.1,1633,34,1,2,2334,4,30,1,0,0,0,0,0,0,0,2,,,
1,1.1,1634,34,2,2,321,3,30,1,0,0,0,0,0,0,0,4,,,
1,1.1,1634,35,2,2,321,4,30,1,0,0,0,0,0,0,0,4,,,
1,1.2,1635,32,2,2,758,3,30,1,5,0,0,5,0,5,0,5,2,0,0
1,1.1,1644,34,2,2,4504,4,30,1,0,0,0,0,0,0,0,0,,,
1,1.1,1644,176,2,3,4504,3,30,1,0,0,0,0,0,0,0,1,,,
1,1.1,1648,34,2,2,6994,3,30,1,1,4,1,5,0,5,5,1,,,
1,1.1,1648,35,1,2,6994,4,30,1,0,0,0,0,0,0,0,1,,,
1,1.1,1648,36,2,2,6994,5,30,1,0,0,0,0,0,0,0,0,,,
1,1.1,1648,37,2,2,8402,3,30,1,0,0,0,0,0,0,0,4,,,
1,1.2,1652,36,1,2,5645,3,30,1,1,4,0,1,5,0,0,1,2,3.3,4
1,1.2,1652,38,1,2,4989,4,30,1,5,0,0,5,0,0,0,2,2,3.35,4
1,1.2,1652,39,2,2,5645,4,30,1,1,1,0,1,5,0,5,1,2,0,0
1,1.2,1652,40,2,2,6302,3,30,1,1,5,0,1,5,5,5,1,2,0,0
1,1.2,1652,41,2,2,6302,4,30,1,1,6,0,1,1,0,5,3,2,0,0
1,1.1,1652,42,2,2,6302,5,30,1,1,3,0,1,5,0,5,4,,,
1,1.1,1654,33,1,2,3594,3,30,1,0,0,0,0,0,0,0,5,,,
1,1.1,1654,34,1,2,3594,4,30,1,0,0,0,0,0,0,0,0,,,
1,1.2,1655,36,2,2,761,2,30,1,1,5,5,1,5,0,0,1,2,0,0
1,1.1,1663,53,2,2,4599,3,30,1,0,0,0,0,0,0,0,5,,,
1,1.1,1663,55,2,2,4599,4,30,1,0,0,0,0,0,0,0,4,,,
1,1.2,1682,36,2,2,3261,3,30,1,1,1,0,5,0,0,0,1,2,3.7,4.2
1,1.2,1682,37,1,2,3261,4,30,1,1,5,0,1,1,0,0,1,2,0,0
1,1.1,1682,38,1,2,3249,2,30,1,5,0,0,5,0,0,0,4,,,
1,1.1,1684,39,1,2,8394,2,30,1,5,0,5,5,0,0,0,1,,,
1,1.1,1684,44,2,2,6519,3,30,1,5,0,0,5,0,0,0,0,,,
1,1.1,1684,45,1,2,4686,3,30,1,5,0,0,5,0,0,0,3,,,
1,1.1,1684,47,1,2,4686,4,30,1,0,0,0,0,0,0,0,4,,,
1,1.1,1687,33,1,2,1645,3,30,1,0,0,0,0,0,0,0,0,,,
1,1.2,1692,44,2,2,8939,3,60,1,1,6,5,1,1,0,0,1,2,0,0
1,1.2,1692,45,1,2,8939,4,60,1,1,1,5,5,0,0,0,1,2,0,0
1,1.1,1692,47,1,2,8944,2,30,1,0,0,0,0,0,0,0,1,,,
1,1.1,1695,59,1,2,6248,3,30,1,5,0,0,5,0,0,0,1,,,
1,1.2,1695,60,2,2,5132,3,33,1,1,1,0,5,0,1,0,1,2,3.75,4
1,1.2,1695,61,2,2,8030,3,30,1,1,1,0,5,0,0,0,1,2,3.4,4
1,1.2,1695,62,1,2,8417,3,30,1,1,1,0,5,0,0,0,1,2,3.83,4
1,1.2,1695,65,1,2,5132,4,30,1,1,1,0,5,0,0,0,1,2,0,0
1,1.1,1695,66,1,2,6575,3,30,1,1,2,0,1,1,5,0,3,,,
1,1.2,1695,67,1,2,8211,3,30,1,1,3,0,5,0,0,0,1,2,0,0
1,1.1,1695,68,2,2,9170,3,33,1,1,5,0,1,5,0,0,1,,,
1,1.1,1695,69,1,2,5132,5,30,1,1,1,0,5,0,5,0,2,,,
1,1.2,1695,70,2,2,8030,4,30,1,1,1,0,5,0,0,0,1,2,0,0
1,1.1,1695,71,2,2,8030,5,30,1,1,3,0,5,0,0,0,1,,,
1,1.2,1695,72,2,2,8417,4,30,1,1,1,0,1,5,0,0,1,2,0,0
1,1.2,1695,74,2,2,8211,4,30,1,5,0,0,5,0,0,0,1,2,0,0
1,1.1,1695,77,2,2,5132,6,30,1,1,1,0,5,0,0,0,1,,,
1,1.1,1695,84,1,2,8480,3,30,1,0,0,0,0,0,0,0,0,,,
1,1.1,1695,87,2,2,8480,4,30,1,0,0,0,0,0,0,0,0,,,
1,1.1,1695,89,2,2,8985,4,30,1,0,0,0,0,0,0,0,4,,,
1,1.1,1695,90,1,2,8985,5,30,1,0,0,0,0,0,0,0,0,,,
1,1.2,1695,253,2,3,7626,3,30,1,5,0,0,5,0,0,0,2,2,0,0
1,1.2,1695,254,1,3,7626,4,30,1,5,0,0,5,0,0,0,2,2,0,0
1,1.1,1695,255,2,3,7626,5,30,1,1,4,0,5,0,0,0,2,,,
1,1.1,1695,281,1,3,9170,4,33,1,0,0,0,0,0,0,0,2,,,
1,1.2,1697,54,2,2,5758,3,30,1,5,0,5,5,0,0,0,1,2,1,4
1,1.2,1697,55,2,2,7795,4,30,1,5,0,0,5,0,5,0,1,2,3.13,4
1,1.2,1697,56,2,2,7581,2,30,1,1,1,0,1,5,0,5,1,2,0,0
1,1.1,1697,57,1,2,8684,3,30,1,1,1,0,5,0,5,0,4,,,
1,1.1,1697,58,2,2,5758,4,30,1,5,0,0,1,5,0,0,1,,,
1,1.1,1697,60,2,2,8684,4,30,1,0,0,0,0,0,0,0,3,,,
1,1.1,1700,45,2,2,6584,3,30,1,0,0,0,0,0,0,0,2,,,
1,1.1,1700,46,2,2,6584,4,30,1,0,0,0,0,0,0,0,5,,,
1,1.1,1700,47,2,2,6584,5,30,1,0,0,0,0,0,0,0,0,,,
1,1.2,1709,33,2,2,3258,4,30,1,5,0,5,5,0,1,0,1,2,998,4
1,1.1,1709,34,2,2,3202,2,30,1,5,0,0,1,5,5,0,3,,,
1,1.1,1720,36,2,2,8399,2,30,1,1,1,0,1,1,0,0,1,,,
1,1.1,1720,39,1,2,8399,3,30,1,1,1,0,5,0,0,0,4,,,
1,1.2,1722,47,1,2,1685,2,30,1,5,0,0,5,0,0,0,1,2,0,0
1,1.1,1722,50,2,2,1538,5,60,1,0,0,0,0,0,0,0,5,,,
1,1.1,1723,36,2,2,7839,2,30,1,0,0,0,0,0,0,0,3,,,
1,1.1,1723,37,1,2,8501,6,30,1,0,0,0,0,0,0,0,1,,,
1,1.1,1723,38,1,2,8501,7,30,1,0,0,0,0,0,0,0,0,,,
1,1.1,1723,179,1,3,4997,4,60,1,1,1,5,5,0,0,0,3,,,
1,1.2,1726,34,2,2,1391,3,30,1,1,1,0,1,5,0,5,1,2,4.04,5
1,1.2,1726,35,2,2,1391,4,30,1,1,5,0,1,1,5,5,1,2,4.25,5
1,1.2,1726,36,2,2,1391,5,30,1,1,5,0,1,5,5,0,2,2,0,0
1,1.1,1726,37,1,2,1773,3,30,1,0,0,0,0,0,0,0,5,,,
1,1.2,1731,37,1,2,5744,2,30,1,1,1,0,1,1,0,0,3,2,0,0
1,1.2,1731,38,1,2,5744,3,30,1,5,0,0,1,1,5,0,1,2,0,0
1,1.2,1731,39,2,2,5744,4,30,1,5,0,5,5,0,0,0,3,2,0,0
1,1.1,1731,40,2,2,7708,3,30,1,0,0,0,0,0,0,0,5,,,
1,1.1,1731,41,2,2,4994,3,30,1,0,0,0,0,0,0,0,0,,,
1,1.1,1732,32,1,2,5509,2,30,1,5,0,0,5,0,0,0,0,,,
1,1.2,1739,32,2,2,6014,3,30,1,1,1,5,1,5,1,0,1,2,2.5,5
1,1.2,1739,33,1,2,6014,4,30,1,1,1,0,5,0,0,5,1,2,3.8,4
1,1.1,1740,33,1,2,7832,3,30,1,1,1,0,5,0,0,0,2,,,
1,1.1,1740,34,1,2,7832,4,30,1,1,2,0,5,0,0,0,5,,,
1,1.1,1740,36,1,2,7832,5,30,1,0,0,0,0,0,0,0,0,,,
1,1.2,1751,31,2,2,165,3,30,1,1,1,0,5,0,5,0,2,2,3.5,4
1,1.2,1762,55,1,2,6792,2,30,1,1,1,5,5,0,0,0,1,2,1.1,4
1,1.2,1762,57,2,2,5289,2,30,1,5,0,0,5,0,0,0,1,2,0,0
1,1.2,1762,58,2,2,5730,2,30,1,5,0,0,5,0,5,0,1,2,0,0
1,1.1,1762,59,1,2,8302,4,30,1,1,4,0,1,1,5,0,2,,,
1,1.2,1762,60,2,2,5922,2,30,1,5,0,0,1,5,0,0,0,2,0,0
1,1.1,1762,62,1,2,6761,2,30,1,0,0,0,0,0,0,0,0,,,
1,1.1,1762,63,1,2,6761,3,30,1,0,0,0,0,0,0,0,0,,,
1,1.1,1762,65,1,2,5923,8,60,1,0,0,0,0,0,0,0,5,,,
1,1.1,1762,226,1,3,8302,5,30,1,5,0,0,5,0,5,0,2,,,
1,1.2,1763,41,2,2,3691,2,30,1,5,0,0,5,0,5,0,1,2,3.45,4
1,1.2,1763,42,1,2,3664,3,35,1,5,0,0,5,0,0,0,1,2,0,0
1,1.1,1763,43,1,2,3769,3,30,1,1,5,0,1,1,5,0,2,,,
1,1.2,1763,44,1,2,3496,3,30,1,5,0,0,5,0,0,0,1,2,0,0
1,1.2,1763,45,1,2,3496,4,30,1,5,0,0,5,0,0,0,1,2,0,0
1,1.2,1763,46,2,2,3787,2,30,1,1,6,0,1,1,0,0,2,2,0,0
1,1.1,1763,47,1,2,3769,4,30,1,1,5,0,1,1,0,0,2,,,
1,1.1,1763,48,2,2,3787,3,30,1,5,0,0,5,0,0,0,0,,,
1,1.1,1763,49,1,2,3769,5,30,1,0,0,0,0,0,0,0,2,,,
1,1.1,1763,50,1,2,3787,4,30,1,0,0,0,0,0,0,0,0,,,
1,1.1,1767,35,2,2,746,5,30,1,0,0,0,0,0,0,0,4,,,
1,1.1,1767,36,2,2,87,3,30,1,0,0,0,0,0,0,0,5,,,
1,1.2,1774,33,2,2,4338,3,30,1,5,0,0,1,5,0,0,1,2,4,4
1,1.2,1774,34,1,2,3874,4,30,1,5,0,5,5,0,0,0,4,2,3.6,4
1,1.1,1775,40,2,2,2188,3,33,1,1,6,5,1,1,5,0,1,,,
1,1.1,1775,41,1,2,2188,4,33,1,1,3,0,5,0,0,0,4,,,
1,1.1,1775,42,1,2,1475,3,30,1,0,0,0,0,0,0,0,1,,,
1,1.1,1775,44,1,2,1600,3,30,1,0,0,0,0,0,0,0,2,,,
1,1.1,1775,45,1,2,1475,4,30,1,0,0,0,0,0,0,0,5,,,
1,1.1,1775,47,2,2,1475,5,30,1,0,0,0,0,0,0,0,0,,,
1,1.1,1775,48,1,2,1600,4,30,1,0,0,0,0,0,0,0,0,,,
1,1.1,1782,36,2,2,2688,3,30,1,0,0,0,0,0,0,0,0,,,
1,1.1,1782,37,2,2,1767,3,30,1,0,0,0,0,0,0,0,0,,,
1,1.1,1782,38,1,2,2867,3,30,1,0,0,0,0,0,0,0,0,,,
1,1.1,1783,31,2,2,6081,3,30,1,0,0,0,0,0,0,0,0,,,
1,1.1,1784,36,2,2,3501,3,30,1,1,5,0,1,5,0,5,2,,,
1,1.1,1784,37,2,2,3501,4,30,1,1,5,0,1,5,0,5,2,,,
1,1.1,1784,38,2,2,3554,3,30,1,0,0,0,0,0,0,0,0,,,
1,1.2,1786,51,2,2,8818,3,30,1,1,3,0,5,0,5,0,1,2,3.4,4
1,1.2,1786,52,2,2,7994,2,30,1,5,0,0,5,0,0,0,2,2,998,98
1,1.1,1786,53,1,2,8818,4,30,1,1,6,0,5,0,1,0,1,,,
1,1.2,1786,56,2,2,5809,3,30,1,1,5,0,1,1,1,5,3,2,0,0
1,1.1,1786,58,1,2,7994,3,30,1,5,0,0,5,0,0,0,2,,,
1,1.1,1786,59,1,2,6658,3,30,1,1,2,0,5,0,0,0,5,,,
1,1.1,1786,60,2,2,8818,6,30,1,1,5,0,1,5,5,0,2,,,
1,1.2,1787,38,2,2,4803,2,30,1,1,5,0,5,0,0,0,0,2,0,0
1,1.2,1787,40,2,2,5265,3,30,1,1,3,0,5,0,5,5,1,2,0,0
1,1.2,1787,42,1,2,5265,4,30,1,5,0,0,5,0,0,0,3,2,0,0
1,1.1,1787,43,1,2,4803,3,30,1,5,0,5,1,5,0,0,0,,,
1,1.1,1787,44,1,2,5265,5,30,1,5,0,0,5,0,0,0,3,,,
1,1.1,1787,45,2,2,5372,3,30,1,5,0,0,1,5,0,0,2,,,
1,1.1,1787,47,2,2,5372,4,30,1,0,0,0,0,0,0,0,0,,,
1,1.1,1787,48,1,2,5265,6,30,1,0,0,0,0,0,0,0,5,,,
1,1.2,1787,195,1,3,5099,4,30,1,1,1,0,5,0,0,0,0,2,998,4
1,1.1,1802,42,1,2,5548,3,30,1,0,0,0,0,0,0,0,0,,,
1,1.1,1805,35,2,2,1985,3,30,1,1,3,0,1,5,5,0,1,,,
1,1.1,1807,42,2,2,6236,3,30,1,1,4,0,1,1,1,5,1,,,
1,1.1,1807,43,1,2,6236,4,30,1,0,0,0,0,0,0,0,2,,,
1,1.2,1810,47,1,2,6900,3,30,1,5,0,0,5,0,0,0,1,2,998,4
1,1.2,1810,48,1,2,6900,4,30,1,5,0,0,5,0,0,0,1,2,0,0
1,1.2,1810,49,1,2,6900,5,30,1,5,0,0,5,0,0,0,2,2,0,0
1,1.1,1810,50,2,2,6900,6,30,1,5,0,0,5,0,0,0,5,,,
1,1.1,1810,51,1,2,7675,3,30,1,0,0,0,0,0,0,0,2,,,
1,1.2,1813,33,1,2,2117,3,30,1,1,3,0,5,0,0,0,5,2,0,0
1,1.1,1817,36,1,2,1273,3,30,1,1,2,0,5,0,0,0,5,,,
1,1.2,1821,32,2,2,497,3,30,1,1,5,0,1,1,5,0,1,2,3,4
1,1.2,1821,33,2,2,497,4,30,1,1,2,0,5,0,5,0,1,2,4,4
1,1.2,1823,35,2,2,917,2,30,1,1,5,0,1,1,0,1,1,2,3.6,4
1,1.1,1823,36,2,2,668,4,95,1,0,0,0,0,0,0,0,3,,,
1,1.1,1831,36,2,2,1085,2,30,1,1,3,0,1,1,5,0,5,,,
1,1.1,1831,38,1,2,1085,3,30,1,1,2,0,1,1,5,0,5,,,
1,1.1,1831,39,2,2,1085,4,30,1,1,2,0,1,5,5,0,5,,,
1,1.2,1837,37,1,2,6031,2,30,1,1,5,0,5,0,0,0,2,2,0,0
1,1.2,1839,40,2,2,3982,3,30,1,1,1,0,5,0,0,0,1,2,4.6,4.8
1,1.2,1839,41,1,2,3982,4,30,1,1,5,0,1,5,0,0,1,2,4.3,4.6
1,1.2,1839,42,2,2,3982,5,30,1,1,2,0,5,0,5,0,1,2,4,4
1,1.2,1839,43,1,2,4349,3,30,1,1,6,0,1,1,0,0,3,2,0,0
1,1.2,1839,44,1,2,3921,4,35,1,5,0,0,5,0,0,0,1,2,0,0
1,1.2,1839,45,1,2,3921,5,30,1,5,0,0,5,0,0,0,2,2,0,0
1,1.1,1839,46,2,2,3938,5,30,1,0,0,0,0,0,0,0,5,,,
1,1.1,1839,47,2,2,3938,6,30,1,0,0,0,0,0,0,0,5,,,
1,1.1,1839,48,2,2,3921,6,30,1,0,0,0,0,0,0,0,0,,,
1,1.2,1839,180,1,3,3938,3,30,1,5,0,5,5,0,0,0,5,2,0,0
1,1.2,1839,181,1,3,3938,4,30,1,5,0,0,5,0,0,0,2,2,0,0
1,1.1,1839,183,1,3,4348,2,30,1,5,0,5,5,0,0,0,5,,,
1,1.2,1841,43,2,2,6011,3,30,1,1,5,0,1,1,0,5,1,2,0,0
1,1.1,1841,45,1,2,6011,4,30,1,1,3,0,1,1,0,5,2,,,
1,1.1,1841,46,1,2,5831,4,70,1,0,0,0,0,0,0,0,0,,,
1,1.2,1850,37,1,2,3534,3,30,1,1,5,0,1,1,0,0,2,2,0,0
1,1.1,1850,38,2,2,3534,4,30,1,5,0,0,5,0,0,0,2,,,
1,1.1,1850,40,2,2,3534,5,30,1,0,0,0,0,0,0,0,2,,,
1,1.1,1859,34,2,2,3497,3,30,1,1,3,0,1,1,0,0,5,,,
1,1.1,1859,35,2,2,3497,4,30,1,0,0,0,0,0,0,0,5,,,
1,1.1,1862,34,2,2,2153,3,30,1,5,0,0,5,0,0,0,3,,,
1,1.1,1878,35,2,2,2980,2,30,1,5,0,0,5,0,0,0,1,,,
1,1.2,1878,37,2,2,2980,3,30,1,1,3,0,5,0,0,0,3,2,0,0
1,1.1,1880,38,2,2,9191,3,33,1,1,1,0,5,0,1,5,1,,,
1,1.2,1880,39,1,2,8212,2,30,1,1,5,0,1,1,0,0,2,2,0,0
1,1.1,1887,42,2,2,4893,4,30,1,5,0,0,5,0,0,0,5,,,
1,1.2,1887,48,2,2,7639,3,30,1,5,0,0,5,0,5,0,1,2,0,0
1,1.1,1887,50,2,2,7639,4,30,1,5,0,0,1,5,5,0,2,,,
1,1.1,1887,51,2,2,6702,3,30,1,1,2,0,1,5,5,0,2,,,
1,1.1,1887,52,2,2,6702,4,30,1,0,0,0,0,0,0,0,2,,,
1,1.1,1887,55,1,2,6702,5,30,1,0,0,0,0,0,0,0,0,,,
1,1.1,1893,40,2,2,4959,4,30,1,5,0,0,1,5,0,0,0,,,
1,1.1,1905,35,1,2,724,3,30,1,0,0,0,0,0,0,0,0,,,
1,1.1,1908,35,1,2,4888,3,30,1,0,0,0,0,0,0,0,2,,,
1,1.1,1911,38,2,2,6923,3,30,1,5,0,0,1,5,0,0,5,,,
1,1.1,1911,39,1,2,6923,4,30,1,0,0,0,0,0,0,0,4,,,
1,1.1,1911,40,2,2,9091,3,30,1,0,0,0,0,0,0,0,0,,,
1,1.1,1914,35,2,2,1678,3,30,1,5,0,0,1,5,0,5,5,,,
1,1.1,1914,37,1,2,1678,4,30,1,0,0,0,0,0,0,0,5,,,
1,1.1,1915,33,1,2,3092,3,30,1,0,0,0,0,0,0,0,5,,,
1,1.1,1917,38,1,2,6751,4,60,1,5,0,0,5,0,0,0,5,,,
1,1.1,1917,39,2,2,6751,6,60,1,5,0,0,5,0,0,0,5,,,
1,1.1,1919,50,1,2,5077,3,30,1,0,0,0,0,0,0,0,5,,,
1,1.1,1919,51,1,2,5658,3,30,1,0,0,0,0,0,0,0,0,,,
1,1.1,1919,52,1,2,5077,4,30,1,0,0,0,0,0,0,0,0,,,
1,1.1,1925,33,1,2,9238,3,30,1,0,0,0,0,0,0,0,3,,,
1,1.1,1925,35,1,2,9238,4,30,1,0,0,0,0,0,0,0,0,,,
1,1.2,1932,37,2,2,390,4,60,1,5,0,5,5,0,0,0,1,2,4.08,98
1,1.2,1935,30,1,2,3633,3,30,1,5,0,5,5,0,0,0,1,2,2.4,4
1,1.2,1935,31,1,2,3633,4,30,1,5,0,5,5,0,0,0,1,2,2.5,4
1,1.1,1935,32,2,2,3633,5,30,1,5,0,5,5,0,0,0,1,,,
1,1.1,1939,35,1,2,4259,3,30,1,1,2,0,5,0,1,5,2,,,
1,1.1,1939,36,2,2,4259,4,30,1,1,5,0,1,1,1,5,1,,,
1,1.1,1939,37,1,2,4357,3,30,1,5,0,0,1,1,5,5,2,,,
1,1.1,1939,38,2,2,4357,4,30,1,0,0,0,0,0,0,0,0,,,
1,1.1,1954,35,1,2,3677,3,30,1,5,0,0,5,0,0,0,1,,,
1,1.2,1954,36,1,2,3465,2,30,1,1,3,0,5,0,0,5,5,2,0,0
1,1.2,1954,37,2,2,3465,3,30,1,1,3,0,5,0,0,5,5,2,0,0
1,1.1,1954,38,1,2,3755,2,30,1,0,0,0,0,0,0,0,3,,,
1,1.1,1954,39,1,2,3465,4,30,1,0,0,0,0,0,0,0,5,,,
1,1.1,1954,40,1,2,3660,2,30,1,0,0,0,0,0,0,0,5,,,
1,1.2,1955,33,1,2,4431,3,30,1,1,2,0,1,1,5,0,1,2,0,0
1,1.2,1956,32,2,2,8718,3,30,1,5,0,0,5,0,0,0,1,2,2.9,5
1,1.2,1956,33,1,2,8718,4,30,1,1,2,0,1,1,0,0,2,2,0,0
1,1.1,1960,33,2,2,9014,3,30,1,1,1,0,5,0,5,0,1,,,
1,1.1,1960,34,2,2,9014,4,30,1,1,2,0,5,0,0,0,1,,,
1,1.1,1960,35,2,2,9014,5,30,1,1,5,0,5,0,0,5,1,,,
1,1.1,1960,36,2,2,9005,3,30,1,1,5,0,1,1,5,0,1,,,
1,1.1,1960,37,2,2,9005,4,30,1,1,5,0,1,1,5,0,0,,,
1,1.1,1960,38,2,2,9005,5,30,1,0,0,0,0,0,0,0,0,,,
1,1.2,1961,32,2,2,3127,3,30,1,1,1,0,5,0,0,0,1,2,3.6,4
1,1.2,1961,33,1,2,3127,4,30,1,1,1,0,5,0,0,0,4,2,0,0
1,1.1,1961,34,1,2,3127,5,30,1,1,4,0,1,1,0,0,4,,,
1,1.2,1964,38,1,2,3452,4,30,1,1,3,0,5,0,0,5,1,2,3.1,5
1,1.2,1964,40,2,2,3452,5,30,1,1,6,0,1,1,5,5,1,2,0,0
1,1.1,1967,32,1,2,1035,3,30,1,0,0,0,0,0,0,0,0,,,
1,1.1,1967,33,1,2,1035,4,30,1,0,0,0,0,0,0,0,0,,,
1,1.1,1970,34,2,2,6353,2,30,1,5,0,0,5,0,0,0,1,,,
1,1.1,1970,35,1,2,7864,3,30,1,5,0,0,5,0,0,0,3,,,
1,1.1,1970,36,1,2,7864,4,30,1,5,0,0,5,0,0,0,3,,,
1,1.1,1970,37,1,2,7864,5,30,1,5,0,0,5,0,0,0,4,,,
1,1.1,1971,36,1,2,4170,5,30,1,0,0,0,0,0,0,0,5,,,
1,1.1,1971,37,2,2,4170,6,30,1,0,0,0,0,0,0,0,0,,,
1,1.1,1972,33,2,2,1179,3,30,1,1,6,0,1,1,5,0,5,,,
1,1.1,1972,34,1,2,1179,4,30,1,1,4,0,5,0,0,5,2,,,
1,1.1,1972,35,1,2,401,3,30,1,0,0,0,0,0,0,0,4,,,
1,1.1,1972,180,2,3,1179,5,30,1,1,6,0,5,0,0,0,3,,,
1,1.1,1975,38,1,2,504,3,30,1,0,0,0,0,0,0,0,0,,,
1,1.1,1988,32,2,2,1114,3,30,1,1,2,0,5,0,0,0,1,,,
1,1.1,1988,33,1,2,1114,4,30,1,1,1,0,5,0,0,0,4,,,
1,1.2,1988,34,2,2,774,3,30,1,1,3,0,1,1,0,0,3,2,0,0
1,1.2,1988,35,1,2,774,4,30,1,5,0,0,5,0,0,0,2,2,0,0
1,1.1,1994,38,1,2,6132,2,30,1,5,0,0,5,0,0,0,1,,,
1,1.1,1994,39,2,2,6838,5,30,1,5,0,0,5,0,0,0,4,,,
1,1.2,1994,182,2,3,6838,3,30,1,5,0,0,5,0,5,0,4,2,2.8,4
1,1.2,1994,183,1,3,6838,4,30,1,5,0,0,5,0,5,0,2,2,2.9,4
1,1.2,2000,31,1,2,2,4,30,1,1,5,0,5,0,0,5,1,2,0,0
1,1.2,2003,32,1,2,444,3,30,1,1,1,0,5,0,0,0,2,2,0,0
1,1.1,2003,33,1,2,434,3,30,1,0,0,0,0,0,0,0,0,,,
1,1.1,2003,34,1,2,444,4,30,1,0,0,0,0,0,0,0,0,,,
1,1.2,2004,38,2,2,5489,3,30,1,1,5,0,5,0,5,0,1,2,3.2,4
1,1.2,2004,39,1,2,5489,4,30,1,1,2,0,5,0,5,5,3,2,0,0
1,1.1,2004,42,1,2,8639,2,30,1,1,1,0,5,0,0,0,1,,,
1,1.1,2004,44,2,2,8639,3,30,1,1,1,0,1,5,0,0,1,,,
1,1.1,2004,45,2,2,8639,4,30,1,0,0,0,0,0,0,0,0,,,
1,1.1,2006,31,1,2,4281,2,30,1,5,0,0,5,0,0,5,5,,,
1,1.2,2012,37,2,2,6148,3,30,1,1,2,5,1,1,5,5,1,2,0,0
1,1.2,2016,34,2,2,5978,2,30,1,1,4,0,1,1,0,0,1,2,0,0
1,1.1,2016,35,2,2,7299,3,33,1,5,0,0,5,0,0,5,5,,,
1,1.1,2016,36,2,2,8654,2,30,1,1,2,0,1,1,0,0,1,,,
1,1.1,2016,37,2,2,8654,3,30,1,0,0,0,0,0,0,0,4,,,
1,1.1,2016,185,1,3,5978,3,30,1,5,0,5,5,0,0,0,1,,,
1,1.1,2016,188,1,3,8407,3,30,1,0,0,0,0,0,0,0,2,,,
1,1.2,2017,34,2,2,3318,3,30,1,1,5,0,1,1,0,0,1,2,2.75,4
1,1.2,2017,36,2,2,3304,2,30,1,5,0,0,1,5,0,0,1,2,3.5,4
1,1.2,2017,37,1,2,3304,3,30,1,5,0,0,5,0,0,0,1,2,2.5,4
1,1.2,2017,38,1,2,3071,3,30,1,1,5,0,1,1,5,0,2,2,998,4
1,1.1,2017,39,1,2,3304,4,30,1,5,0,0,1,5,0,0,2,,,
1,1.2,2017,40,1,2,3318,4,30,1,1,2,5,5,0,0,0,1,2,998,98
1,1.1,2017,41,1,2,3318,5,30,1,1,3,0,5,0,0,0,1,,,
1,1.1,2017,42,2,2,3071,4,30,1,1,4,0,5,0,0,0,3,,,
1,1.2,2019,33,1,2,5639,2,30,1,1,1,5,5,0,0,0,1,2,997,98
1,1.1,2019,34,2,2,5916,3,30,1,5,0,5,5,0,5,0,4,,,
1,1.1,2026,31,2,2,547,4,30,1,0,0,0,0,0,0,0,2,,,
1,1.1,2026,32,1,2,547,5,60,1,0,0,0,0,0,0,0,5,,,
1,1.2,2028,34,2,2,175,4,30,1,5,0,5,5,0,5,0,1,2,998,98
1,1.1,2030,42,1,2,6535,3,35,1,5,0,0,5,0,0,0,1,,,
1,1.2,2030,44,1,2,5991,3,30,1,1,6,0,1,1,0,0,1,2,0,0
1,1.2,2030,45,1,2,5991,4,30,1,1,6,5,1,1,0,0,4,2,0,0
1,1.2,2030,47,1,2,5991,5,30,1,1,5,0,1,1,0,0,4,2,0,0
1,1.1,2030,50,1,2,5157,3,30,1,0,0,0,0,0,0,0,3,,,
1,1.1,2030,52,2,2,6535,4,30,1,0,0,0,0,0,0,0,0,,,
1,1.2,2032,46,2,2,5462,4,33,1,1,5,0,5,0,5,0,1,2,3.9,4
1,1.2,2032,49,1,2,6885,2,30,1,5,0,0,1,1,0,0,1,2,0,0
1,1.1,2032,51,1,2,8661,3,30,1,1,2,0,1,5,0,0,5,,,
1,1.1,2032,54,1,2,8661,4,30,1,1,3,0,5,0,0,5,1,,,
1,1.1,2032,55,1,2,5462,5,30,1,1,3,0,5,0,0,0,3,,,
1,1.1,2032,56,1,2,5462,6,30,1,1,3,0,5,0,0,0,4,,,
1,1.1,2032,57,2,2,7136,2,30,1,5,0,0,5,0,0,0,5,,,
1,1.1,2032,58,2,2,7136,3,30,1,0,0,0,0,0,0,0,5,,,
1,1.1,2032,63,1,2,5566,2,30,1,0,0,0,0,0,0,0,0,,,
1,1.1,2032,64,2,2,5462,7,30,1,0,0,0,0,0,0,0,4,,,
1,1.1,2032,65,1,2,8661,5,30,1,0,0,0,0,0,0,0,3,,,
1,1.1,2032,66,1,2,4964,3,30,1,0,0,0,0,0,0,0,2,,,
1,1.1,2032,67,1,2,4964,4,30,1,0,0,0,0,0,0,0,0,,,
1,1.2,2032,182,1,3,6885,4,60,1,5,0,0,5,0,5,0,1,2,998,4
1,1.1,2032,194,2,3,6885,3,60,1,5,0,0,5,0,0,0,1,,,
1,1.2,2034,36,1,2,3671,3,33,1,5,0,0,5,0,0,0,4,2,0,0
1,1.1,2034,37,1,2,3671,4,30,1,5,0,0,5,0,0,0,2,,,
1,1.1,2034,38,2,2,3754,3,30,1,0,0,0,0,0,0,0,0,,,
1,1.1,2050,34,1,2,3574,3,30,1,0,0,0,0,0,0,0,0,,,
1,1.2,2051,38,1,2,1711,3,30,1,1,5,0,5,0,0,0,2,2,3,4
1,1.2,2051,39,1,2,1711,4,30,1,1,3,0,5,0,0,0,3,2,0,0
1,1.1,2053,34,2,2,8018,3,30,1,0,0,0,0,0,0,0,5,,,
1,1.1,2053,35,1,2,8034,3,30,1,0,0,0,0,0,0,0,2,,,
1,1.1,2053,36,1,2,8034,4,30,1,0,0,0,0,0,0,0,0,,,
1,1.1,2053,37,1,2,8034,5,30,1,0,0,0,0,0,0,0,0,,,
1,1.2,2055,36,1,2,4696,2,30,1,5,0,0,5,0,0,0,1,2,998,98
1,1.1,2055,38,1,2,6733,3,30,1,0,0,0,0,0,0,0,0,,,
1,1.1,2055,39,1,2,6733,4,30,1,0,0,0,0,0,0,0,0,,,
1,1.2,2056,37,2,2,2104,3,30,1,5,0,0,5,0,0,0,1,2,3.5,4
1,1.2,2056,40,2,2,1757,2,30,1,5,0,0,5,0,0,0,1,2,3.9,4
1,1.1,2056,41,1,2,1757,3,30,1,5,0,5,5,0,0,0,2,,,
1,1.2,2059,35,2,2,4009,4,30,1,1,3,1,1,1,5,0,1,2,3.75,4
1,1.2,2059,36,1,2,4370,2,30,1,1,1,5,5,0,0,0,5,2,0,0
1,1.1,2059,37,2,2,4009,5,30,1,1,3,0,1,5,1,0,1,,,
1,1.1,2059,38,2,2,4370,3,30,1,1,2,0,5,0,0,0,2,,,
1,1.2,2061,34,1,2,7870,3,30,1,5,0,0,5,0,0,0,1,2,4.7,5
1,1.1,2061,35,1,2,8444,3,30,1,0,0,0,0,0,0,0,5,,,
1,1.1,2061,37,1,2,8444,4,30,1,0,0,0,0,0,0,0,0,,,
1,1.1,2061,38,1,2,8444,5,30,1,0,0,0,0,0,0,0,0,,,
1,1.2,2062,41,1,2,3609,3,33,1,1,1,0,5,0,0,0,1,2,2.3,4.5
1,1.2,2062,42,1,2,3825,4,33,1,1,5,0,5,0,0,0,2,2,3.6,4.3
1,1.1,2062,43,2,2,3623,3,30,1,1,5,0,1,1,0,0,1,,,
1,1.1,2062,44,2,2,3673,3,30,1,1,6,0,1,1,0,0,1,,,
1,1.1,2062,45,2,2,3623,4,30,1,1,2,0,5,0,0,0,1,,,
1,1.1,2062,46,2,2,3617,3,30,1,5,0,0,5,0,0,0,2,,,
1,1.1,2062,47,1,2,3673,4,30,1,1,5,0,5,0,0,0,1,,,
1,1.1,2062,48,1,2,3617,4,30,1,0,0,0,0,0,0,0,4,,,
1,1.1,2062,49,2,2,3623,5,30,1,0,0,0,0,0,0,0,5,,,
1,1.2,2073,36,2,2,7519,3,30,1,1,3,0,1,5,5,0,1,2,3.1,4
1,1.1,2073,39,2,2,7938,4,30,1,0,0,0,0,0,0,0,0,,,
1,1.1,2073,175,1,3,7938,3,30,1,0,0,0,0,0,0,0,0,,,
1,1.1,2088,34,1,2,8114,3,30,1,0,0,0,0,0,0,0,0,,,
1,1.2,2106,35,1,2,2307,2,30,1,5,0,0,5,0,0,0,1,2,998,5
1,1.1,2106,36,1,2,1722,3,30,1,0,0,0,0,0,0,0,0,,,
1,1.1,2108,37,1,2,5946,2,30,1,1,5,0,5,0,0,0,1,,,
1,1.1,2108,39,2,2,5946,3,30,1,0,0,0,0,0,0,0,2,,,
1,1.1,2108,40,2,2,7011,3,30,1,0,0,0,0,0,0,0,0,,,
1,1.1,2119,45,1,2,5523,2,30,1,5,0,0,5,0,5,0,4,,,
1,1.1,2119,46,2,2,5523,3,30,1,5,0,5,5,0,0,0,3,,,
1,1.1,2119,47,2,2,6684,3,30,1,1,3,0,1,1,5,0,0,,,
1,1.1,2119,48,1,2,6684,4,30,1,0,0,0,0,0,0,0,0,,,
1,1.1,2119,49,1,2,6684,5,30,1,0,0,0,0,0,0,0,0,,,
1,1.1,2119,50,1,2,6684,6,30,1,0,0,0,0,0,0,0,0,,,
1,1.2,2124,33,1,2,370,3,30,1,1,2,0,5,0,0,0,2,2,3.8,4
1,1.2,2124,34,2,2,301,4,30,1,5,0,0,5,0,5,0,1,2,2.9,4
1,1.2,2124,35,2,2,585,3,30,1,5,0,0,5,0,0,5,1,2,4,98
1,1.1,2124,36,2,2,370,4,30,1,1,6,0,1,1,5,0,2,,,
1,1.2,2124,37,1,2,585,4,30,1,5,0,5,1,5,0,5,1,2,0,0
1,1.1,2127,33,1,2,5390,4,30,1,5,0,0,5,0,0,0,1,,,
1,1.1,2130,32,1,2,189,3,30,1,1,6,0,1,1,5,0,1,,,
1,1.2,2130,33,2,2,189,4,30,1,1,6,0,1,1,0,0,1,2,0,0
1,1.1,2132,34,2,2,9339,3,30,1,1,2,0,5,0,0,0,2,,,
1,1.1,2132,35,2,2,9339,4,30,1,1,3,0,1,1,5,0,1,,,
1,1.2,2133,36,2,2,2552,3,30,1,1,5,0,1,1,0,5,1,2,3.5,4
1,1.2,2133,37,1,2,2149,3,30,1,1,1,0,5,0,5,5,2,2,3.2,4.5
1,1.2,2133,38,2,2,1698,2,30,1,1,1,5,1,5,5,5,1,2,998,4
1,1.2,2133,39,1,2,2552,4,30,1,1,2,0,5,0,0,5,1,2,0,0
1,1.1,2133,40,1,2,2552,5,30,1,1,4,0,5,0,0,5,1,,,
1,1.2,2133,41,2,2,2149,4,30,1,1,2,0,1,5,1,5,2,2,0,0
1,1.2,2133,42,1,2,1698,3,30,1,1,6,0,1,1,0,0,2,2,0,0
1,1.2,2133,43,1,2,2715,3,30,1,1,6,0,1,1,5,0,5,2,0,0
1,1.1,2133,44,2,2,2149,5,30,1,1,5,0,1,1,0,5,4,,,
1,1.1,2133,45,1,2,2715,4,30,1,1,6,0,1,1,5,0,5,,,
1,1.1,2133,46,2,2,2552,6,30,1,5,0,0,1,5,0,5,3,,,
1,1.1,2133,47,1,2,2715,8,30,1,1,5,0,1,1,5,0,1,,,
1,1.1,2137,36,1,2,9585,3,30,1,5,0,5,5,0,0,5,2,,,
1,1.1,2137,37,2,2,9585,4,30,1,5,0,0,1,5,1,0,2,,,
1,1.1,2138,37,1,2,8607,3,30,1,0,0,0,0,0,0,0,0,,,
1,1.1,2138,38,2,2,8607,4,30,1,0,0,0,0,0,0,0,0,,,
1,1.1,2146,36,1,2,6283,2,30,1,0,0,0,0,0,0,0,5,,,
1,1.1,2146,204,2,3,5719,5,30,1,5,0,0,5,0,0,0,1,,,
1,1.1,2146,205,1,3,5719,6,30,1,0,0,0,0,0,0,0,3,,,
1,1.1,2146,208,1,3,5719,7,30,1,0,0,0,0,0,0,0,2,,,
1,1.1,2150,32,2,2,8149,2,30,1,5,0,5,5,0,0,0,2,,,
1,1.1,2151,44,1,2,8774,3,30,1,5,0,0,5,0,0,0,5,,,
1,1.1,2151,45,2,2,8329,3,30,1,1,1,0,1,5,0,0,5,,,
1,1.1,2151,46,2,2,6542,3,30,1,1,1,0,5,0,0,0,2,,,
1,1.1,2151,47,1,2,8774,4,30,1,1,2,0,5,0,0,0,5,,,
1,1.1,2151,48,1,2,8774,5,30,1,5,0,5,5,0,0,0,5,,,
1,1.1,2151,49,1,2,8329,4,30,1,1,5,0,1,1,5,0,5,,,
1,1.1,2151,50,2,2,5438,3,30,1,0,0,0,0,0,0,0,0,,,
1,1.1,2164,65,2,2,7738,2,30,1,0,0,0,0,0,0,0,4,,,
1,1.2,2181,45,1,2,6685,2,30,1,5,0,0,5,0,0,0,1,2,3.2,4
1,1.2,2181,47,1,2,8110,4,30,1,5,0,5,1,5,0,0,2,2,998,4
1,1.2,2181,50,2,2,6685,3,30,1,5,0,0,5,0,0,0,1,2,0,0
1,1.2,2181,51,2,2,5715,4,30,1,5,0,5,1,5,0,0,1,2,0,0
1,1.1,2181,53,2,2,6040,2,30,1,5,0,0,5,0,0,0,2,,,
1,1.1,2181,54,1,2,8110,5,30,1,5,0,5,5,0,0,0,4,,,
1,1.1,2181,55,1,2,8239,3,30,1,0,0,0,0,0,0,0,0,,,
1,1.1,2186,35,1,2,2481,2,30,1,5,0,0,5,0,0,0,2,,,
1,1.1,2186,36,1,2,2481,3,30,1,0,0,0,0,0,0,0,5,,,
1,1.1,2191,53,1,2,4106,3,30,1,0,0,0,0,0,0,0,4,,,
1,1.1,2192,31,1,2,669,3,30,1,5,0,5,5,0,0,0,1,,,
1,1.2,2195,31,1,2,7205,3,30,1,1,3,0,5,0,0,5,1,2,3.6,4
1,1.2,2195,32,1,2,7205,4,30,1,1,4,0,5,0,0,5,1,2,998,98
1,1.2,2195,33,1,2,6251,3,30,1,5,0,0,5,0,5,0,0,2,0,0
1,1.1,2195,34,1,2,5807,3,30,1,5,0,0,5,0,0,0,1,,,
1,1.1,2195,35,2,2,7205,5,30,1,1,2,0,1,5,0,5,1,,,
1,1.1,2195,36,2,2,6251,4,30,1,5,0,0,1,5,0,0,0,,,
1,1.1,2195,37,1,2,6251,5,30,1,5,0,0,5,0,1,0,0,,,
1,1.1,2195,38,2,2,5807,4,30,1,5,0,0,5,0,0,0,1,,,
1,1.1,2195,39,2,2,7205,6,30,1,1,3,0,5,0,0,5,1,,,
1,1.1,2195,40,2,2,8519,4,30,1,0,0,0,0,0,0,0,0,,,
1,1.2,2195,194,1,3,5807,2,30,1,5,0,0,5,0,0,0,1,2,0,0
1,1.1,2196,36,2,2,4531,5,30,1,0,0,0,0,0,0,0,0,,,
1,1.1,2196,37,1,2,4531,6,30,1,0,0,0,0,0,0,0,0,,,
1,1.1,2196,189,2,3,4531,4,30,1,0,0,0,0,0,0,0,0,,,
1,1.2,2198,38,1,2,4549,3,33,1,5,0,0,5,0,0,0,1,2,3.5,4
1,1.1,2198,39,1,2,6202,2,30,1,5,0,0,5,0,0,0,0,,,
1,1.1,2198,40,2,2,4875,3,30,1,5,0,0,1,5,0,0,2,,,
1,1.1,2198,41,2,2,4549,4,30,1,0,0,0,0,0,0,0,5,,,
1,1.1,2198,42,2,2,4549,5,30,1,0,0,0,0,0,0,0,4,,,
1,1.1,2198,43,1,2,4875,4,30,1,0,0,0,0,0,0,0,0,,,
1,1.1,2199,38,2,2,3801,4,30,1,5,0,0,5,0,0,0,1,,,
1,1.1,2199,39,2,2,3801,5,30,1,5,0,0,5,0,0,0,1,,,
1,1.2,2201,32,1,2,5261,4,30,1,5,0,0,5,0,0,0,1,2,3.4,4
1,1.1,2210,37,1,2,233,3,30,1,0,0,0,0,0,0,0,5,,,
1,1.1,2210,38,2,2,233,4,30,1,0,0,0,0,0,0,0,2,,,
1,1.1,2210,39,2,2,233,5,30,1,0,0,0,0,0,0,0,0,,,
1,1.1,2219,35,1,2,139,3,30,1,1,1,5,5,0,0,0,2,,,
1,1.2,2224,49,1,2,5565,5,30,1,1,1,0,5,0,5,5,1,2,0,0
1,1.2,2225,37,2,2,4778,3,30,1,1,5,0,5,0,0,5,1,2,0,0
1,1.1,2225,38,2,2,4633,3,30,1,0,0,0,0,0,0,0,1,,,
1,1.1,2225,39,2,2,6679,2,30,1,0,0,0,0,0,0,0,5,,,
1,1.1,2225,40,2,2,5903,3,30,1,0,0,0,0,0,0,0,0,,,
1,1.1,2225,41,2,2,4633,4,30,1,0,0,0,0,0,0,0,0,,,
1,1.1,2228,39,2,2,3986,3,35,1,1,5,0,1,1,0,0,1,,,
1,1.1,2229,32,2,2,596,3,30,1,5,0,0,1,5,5,5,2,,,
1,1.1,2229,33,2,2,596,4,30,1,0,0,0,0,0,0,0,2,,,
1,1.2,2237,35,1,2,943,4,30,1,5,0,0,5,0,0,0,1,2,0,0
1,1.2,2237,36,1,2,943,5,30,1,5,0,0,5,0,5,0,1,2,0,0
1,1.1,2240,35,1,2,7706,2,30,1,0,0,0,0,0,0,0,5,,,
1,1.2,2243,35,2,2,6010,4,30,1,1,2,0,5,0,0,0,1,2,4.1,4.4
1,1.2,2244,32,2,2,8292,3,33,1,1,4,0,5,0,0,0,2,2,0,0
1,1.1,2244,33,1,2,7559,3,30,1,0,0,0,0,0,0,0,0,,,
1,1.2,2248,37,1,2,5836,2,30,1,5,0,0,5,0,0,5,3,2,0.01,4
1,1.2,2248,38,1,2,5836,3,30,1,5,0,0,5,0,0,5,1,2,3.1,4
1,1.2,2248,41,2,2,6287,3,33,1,1,5,0,5,0,5,5,2,2,0,0
1,1.1,2248,42,2,2,6287,4,30,1,0,0,0,0,0,0,0,4,,,
1,1.2,2250,47,1,2,6712,3,30,1,5,0,5,5,0,0,0,1,2,2.4,4
1,1.2,2250,48,1,2,6376,3,30,1,5,0,0,1,1,0,0,1,2,998,98
1,1.2,2250,49,2,2,9084,3,30,1,5,0,0,1,5,0,0,1,2,998,6
1,1.2,2250,50,1,2,9084,4,30,1,5,0,0,1,5,0,0,2,2,0,0
1,1.1,2250,53,1,2,6712,4,30,1,5,0,0,5,0,0,0,1,,,
1,1.2,2250,54,2,2,6376,4,30,1,1,5,0,5,0,5,0,1,2,0,0
1,1.1,2250,56,2,2,6376,5,30,1,5,0,5,5,0,5,0,2,,,
1,1.1,2250,60,2,2,6376,6,30,1,5,0,0,5,0,5,0,3,,,
1,1.1,2250,61,2,2,9084,5,30,1,5,0,0,1,5,0,0,2,,,
1,1.1,2250,64,1,2,6376,7,30,1,0,0,0,0,0,0,0,4,,,
1,1.1,2250,66,2,2,6024,3,30,1,0,0,0,0,0,0,0,0,,,
1,1.1,2250,67,1,2,7147,3,30,1,0,0,0,0,0,0,0,0,,,
1,1.2,2252,33,1,2,842,3,30,1,5,0,0,5,0,0,0,2,2,0,0
1,1.1,2252,34,2,2,842,4,30,1,0,0,0,0,0,0,0,1,,,
1,1.1,2253,35,2,2,3586,3,30,1,0,0,0,0,0,0,0,0,,,
1,1.2,2256,35,1,2,5283,5,30,1,1,5,0,5,0,0,0,1,2,4,4
1,1.1,2260,37,1,2,8353,2,30,1,1,3,0,5,0,0,0,1,,,
1,1.1,2260,38,2,2,5739,3,30,1,5,0,0,1,1,0,5,2,,,
1,1.1,2260,39,2,2,5739,4,30,1,1,5,0,1,1,0,5,2,,,
1,1.1,2260,40,1,2,5739,5,30,1,5,0,0,5,0,0,5,5,,,
1,1.1,2260,41,2,2,8353,3,30,1,5,0,0,5,0,0,0,1,,,
1,1.1,2260,42,1,2,5739,6,30,1,5,0,0,5,0,0,5,5,,,
1,1.1,2260,43,1,2,6293,3,30,1,1,3,0,5,0,0,0,3,,,
1,1.1,2260,44,1,2,6293,4,30,1,0,0,0,0,0,0,0,5,,,
1,1.2,2261,36,1,2,1811,3,30,1,5,0,5,5,0,0,0,1,2,2.4,4
1,1.1,2261,42,2,2,1997,3,30,1,5,0,0,1,5,0,0,3,,,
1,1.1,2261,43,2,2,1997,4,30,1,0,0,0,0,0,0,0,3,,,
1,1.1,2261,44,1,2,1851,3,30,1,0,0,0,0,0,0,0,0,,,
1,1.2,2263,31,2,2,2706,3,30,1,1,1,0,5,0,0,0,1,2,4.22,5
1,1.1,2271,39,2,2,1734,3,30,1,1,5,0,1,1,0,0,1,,,
1,1.1,2271,40,1,2,1734,4,30,1,1,1,0,5,0,0,0,2,,,
1,1.1,2271,41,2,2,1734,5,30,1,0,0,0,0,0,0,0,1,,,
1,1.1,2271,179,1,3,1734,6,30,1,0,0,0,0,0,0,0,0,,,
1,1.1,2276,186,1,3,8481,3,30,1,0,0,0,0,0,0,0,3,,,
1,1.1,2277,39,2,2,3779,2,30,1,5,0,0,5,0,0,0,0,,,
1,1.2,2278,46,2,2,5799,3,30,1,1,2,0,1,5,5,0,1,2,4.87,5
1,1.2,2278,49,1,2,5799,4,30,1,1,3,0,5,0,0,0,1,2,0,0
1,1.2,2280,50,1,2,6652,3,30,1,1,6,0,1,1,5,5,1,2,0,0
1,1.1,2280,51,1,2,7475,3,30,1,5,0,0,5,0,5,0,5,,,
1,1.1,2280,52,2,2,6652,4,30,1,5,0,0,5,0,5,5,4,,,
1,1.1,2280,53,1,2,5328,3,30,1,1,6,5,1,1,5,0,2,,,
1,1.1,2280,54,2,2,7475,4,30,1,5,0,0,1,5,0,0,2,,,
1,1.1,2280,55,1,2,6652,5,30,1,1,2,0,5,0,5,5,4,,,
1,1.1,2280,56,2,2,6068,3,30,1,5,0,0,5,0,5,5,3,,,
1,1.1,2280,57,2,2,5328,4,30,1,1,6,0,1,1,5,0,2,,,
1,1.1,2280,58,2,2,6652,6,30,1,0,0,0,0,0,0,0,4,,,
1,1.1,2280,59,1,2,6068,4,30,1,0,0,0,0,0,0,0,5,,,
1,1.1,2280,60,2,2,6047,3,30,1,0,0,0,0,0,0,0,1,,,
1,1.1,2280,61,2,2,7475,5,30,1,0,0,0,0,0,0,0,2,,,
1,1.1,2280,62,2,2,5328,5,30,1,0,0,0,0,0,0,0,2,,,
1,1.1,2280,63,1,2,7644,3,30,1,0,0,0,0,0,0,0,0,,,
1,1.1,2280,64,2,2,6047,4,30,1,0,0,0,0,0,0,0,1,,,
1,1.1,2280,65,2,2,6068,5,30,1,0,0,0,0,0,0,0,0,,,
1,1.1,2280,66,1,2,7644,4,30,1,0,0,0,0,0,0,0,0,,,
1,1.2,2282,35,2,2,3345,3,30,1,5,0,0,5,0,0,0,1,2,0,0
1,1.1,2282,36,2,2,3345,4,30,1,1,6,0,5,0,0,0,5,,,
1,1.1,2285,43,2,2,7770,5,30,1,1,4,0,1,5,5,0,1,,,
1,1.1,2285,44,2,2,5760,3,30,1,1,4,0,1,1,0,0,5,,,
1,1.1,2285,45,2,2,5760,4,30,1,0,0,0,0,0,0,0,5,,,
1,1.2,2292,42,2,2,3020,3,30,1,5,0,0,5,0,0,0,1,2,3.1,4
1,1.1,2292,43,2,2,3121,2,30,1,5,0,0,5,0,0,0,1,,,
1,1.1,2292,45,2,2,3107,3,33,1,5,0,0,5,0,0,0,2,,,
1,1.2,2292,46,1,2,3020,4,30,1,5,0,0,5,0,0,0,2,2,0,0
1,1.1,2292,47,2,2,3268,3,30,1,1,3,0,5,0,0,5,1,,,
1,1.1,2292,48,2,2,3107,4,30,1,5,0,0,5,0,0,0,0,,,
1,1.1,2292,49,2,2,3095,3,35,1,0,0,0,0,0,0,0,0,,,
1,1.1,2292,50,1,2,3268,4,30,1,0,0,0,0,0,0,0,3,,,
1,1.1,2292,51,2,2,3107,5,30,1,0,0,0,0,0,0,0,4,,,
1,1.1,2292,52,1,2,3095,4,30,1,0,0,0,0,0,0,0,0,,,
1,1.2,2297,39,2,2,2695,3,30,1,5,0,0,5,0,0,0,1,2,0,0
1,1.1,2297,40,2,2,2695,4,30,1,5,0,0,5,0,0,0,5,,,
1,1.1,2297,41,1,2,2695,5,30,1,5,0,0,5,0,0,0,4,,,
1,1.2,2299,40,1,2,6207,3,30,1,5,0,0,5,0,0,0,2,2,0,0
1,1.1,2299,42,2,2,6242,3,30,1,5,0,0,5,0,0,0,5,,,
1,1.1,2299,43,2,2,6207,4,30,1,5,0,0,1,5,0,0,1,,,
1,1.1,2299,45,1,2,6207,5,30,1,0,0,0,0,0,0,0,0,,,
1,1.2,2300,34,1,2,535,2,30,1,1,2,0,5,0,0,5,1,2,3.4,4.6
1,1.2,2300,35,1,2,535,3,30,1,1,1,0,5,0,0,5,1,2,0,0
1,1.2,2302,56,1,2,7017,3,60,1,1,3,0,5,0,0,0,1,2,3,4
1,1.2,2302,60,1,2,4946,3,33,1,1,4,0,5,0,0,0,1,2,2.8,3
1,1.2,2302,63,2,2,4748,3,30,1,5,0,0,5,0,0,0,1,2,998,4
1,1.2,2302,66,2,2,4946,4,33,1,1,4,0,1,1,0,0,1,2,0,0
1,1.2,2302,68,2,2,7017,4,60,1,1,5,0,5,0,0,0,1,2,0,0
1,1.2,2302,69,2,2,4748,4,30,1,1,3,0,1,1,0,0,1,2,0,0
1,1.1,2302,73,1,2,4946,5,30,1,1,2,0,5,0,0,0,4,,,
1,1.1,2302,74,1,2,5476,5,97,1,5,0,0,5,0,0,0,2,,,
1,1.1,2302,75,2,2,8374,3,30,1,0,0,0,0,0,0,0,2,,,
1,1.1,2302,76,2,2,5476,6,97,1,5,0,0,5,0,0,0,4,,,
1,1.1,2302,77,1,2,4564,3,33,1,0,0,0,0,0,0,0,1,,,
1,1.1,2302,78,2,2,4946,6,30,1,0,0,0,0,0,0,0,4,,,
1,1.1,2302,79,2,2,4564,4,33,1,0,0,0,0,0,0,0,1,,,
1,1.1,2302,80,1,2,5476,7,97,1,0,0,0,0,0,0,0,5,,,
1,1.1,2302,81,1,2,6899,3,30,1,0,0,0,0,0,0,0,2,,,
1,1.1,2302,82,1,2,4564,5,30,1,0,0,0,0,0,0,0,5,,,
1,1.1,2302,83,1,2,4946,7,30,1,0,0,0,0,0,0,0,0,,,
1,1.1,2304,37,2,2,1441,3,30,1,0,0,0,0,0,0,0,0,,,
1,1.1,2311,37,1,2,5183,5,60,1,5,0,0,5,0,0,0,2,,,
1,1.1,2311,39,2,2,5183,6,60,1,0,0,0,0,0,0,0,4,,,
1,1.2,2312,34,2,2,8932,3,30,1,1,5,0,1,5,5,0,4,2,0,0
1,1.1,2312,35,2,2,8932,4,30,1,5,0,5,5,0,5,0,4,,,
1,1.1,2330,34,1,2,1661,2,30,1,5,0,5,1,1,0,0,1,,,
1,1.1,2334,34,2,2,5599,3,30,1,5,0,0,5,0,0,0,5,,,
1,1.2,2334,35,2,2,5599,4,30,1,5,0,0,5,0,5,0,1,2,0,0
1,1.2,2336,33,2,2,240,4,30,1,1,2,5,5,0,0,0,1,2,997,4
1,1.1,2341,35,1,2,8529,3,30,1,1,5,0,5,0,0,0,5,,,
1,1.1,2341,36,1,2,8529,4,30,1,1,5,0,5,0,0,0,0,,,
1,1.1,2342,32,1,2,3340,3,30,1,1,3,0,5,0,0,0,0,,,
1,1.1,2352,33,2,2,1889,3,30,1,0,0,0,0,0,0,0,0,,,
1,1.1,2353,37,1,2,7119,3,30,1,0,0,0,0,0,0,0,0,,,
1,1.1,2353,38,1,2,6004,3,30,1,0,0,0,0,0,0,0,0,,,
1,1.1,2353,39,2,2,7446,3,30,1,0,0,0,0,0,0,0,3,,,
1,1.1,2353,40,1,2,6004,4,30,1,0,0,0,0,0,0,0,0,,,
1,1.1,2353,41,1,2,7446,4,30,1,0,0,0,0,0,0,0,4,,,
1,1.1,2353,42,1,2,7119,4,30,1,0,0,0,0,0,0,0,0,,,
1,1.1,2354,38,1,2,6849,2,30,1,5,0,0,5,0,0,0,5,,,
1,1.2,2354,40,2,2,5944,3,33,1,1,5,0,1,1,5,0,1,2,3.8,4
1,1.1,2354,44,1,2,5944,4,33,1,1,2,0,5,0,0,0,0,,,
1,1.2,2354,46,1,2,7618,3,33,1,1,6,5,5,0,0,5,4,2,0,0
1,1.1,2354,48,1,2,7618,4,30,1,0,0,0,0,0,0,0,5,,,
1,1.2,2355,35,1,2,7769,3,30,1,1,5,0,5,0,0,0,2,2,0,0
1,1.1,2355,36,2,2,7769,4,30,1,0,0,0,0,0,0,0,2,,,
1,1.1,2355,38,2,2,7769,5,30,1,0,0,0,0,0,0,0,0,,,
1,1.2,2373,31,1,2,3330,3,30,1,5,0,5,5,0,0,0,1,2,3,4.1
1,1.2,2373,32,1,2,3330,4,30,1,5,0,0,5,0,0,0,4,2,0,0
1,1.1,2379,34,1,2,7997,2,30,1,5,0,0,5,0,0,0,5,,,
1,1.1,2379,35,2,2,7997,3,30,1,1,5,0,1,5,1,0,1,,,
1,1.1,2379,36,1,2,8002,3,30,1,0,0,0,0,0,0,0,0,,,
1,1.2,2391,36,1,2,9018,3,33,1,5,0,0,5,0,5,0,1,2,998,4
1,1.2,2392,38,1,2,2497,3,30,1,5,0,0,5,0,0,5,1,2,998,4
1,1.2,2392,39,2,2,2497,4,30,1,1,3,0,5,0,0,5,0,2,998,98
1,1.2,2392,41,1,2,1673,3,30,1,5,0,0,5,0,0,0,0,2,0,0
1,1.2,2392,42,2,2,2020,4,30,1,5,0,0,5,0,0,0,1,2,0,0
1,1.1,2392,44,2,2,1376,3,35,1,5,0,0,5,0,0,0,1,,,
1,1.2,2392,45,1,2,2020,5,30,1,5,0,0,5,0,0,0,1,2,0,0
1,1.2,2392,46,2,2,2020,6,30,1,5,0,0,5,0,0,0,2,2,0,0
1,1.1,2392,47,2,2,1502,3,33,1,5,0,0,5,0,0,0,0,,,
1,1.1,2392,48,1,2,1376,4,35,1,5,0,0,5,0,0,0,1,,,
1,1.1,2392,50,1,2,1691,3,30,1,0,0,0,0,0,0,0,5,,,
1,1.1,2392,52,1,2,1376,5,30,1,0,0,0,0,0,0,0,5,,,
1,1.1,2392,53,1,2,1502,4,30,1,0,0,0,0,0,0,0,0,,,
1,1.2,2392,182,1,3,2020,3,30,1,5,0,0,5,0,0,0,1,2,0,0
1,1.1,2397,45,2,2,9546,3,30,1,5,0,0,5,0,5,5,1,,,
1,1.1,2397,46,2,2,9546,4,30,1,5,0,0,1,5,0,5,4,,,
1,1.1,2397,47,2,2,9350,3,30,1,5,0,0,5,0,0,5,2,,,
1,1.2,2406,173,2,3,9051,3,30,1,1,1,0,5,0,0,0,2,2,998,98
1,1.2,2409,36,1,2,8158,2,30,1,5,0,0,1,1,0,0,1,2,0,0
1,1.1,2409,39,2,2,8581,3,35,1,5,0,0,5,0,0,0,5,,,
1,1.1,2409,43,2,2,8158,3,30,1,0,0,0,0,0,0,0,2,,,
1,1.1,2409,44,2,2,8158,4,30,1,0,0,0,0,0,0,0,1,,,
1,1.1,2409,45,2,2,8581,5,30,1,0,0,0,0,0,0,0,0,,,
1,1.1,2410,36,2,2,3025,3,30,1,0,0,0,0,0,0,0,0,,,
1,1.1,2411,34,2,2,9510,3,30,1,5,0,0,5,0,0,0,1,,,
1,1.1,2411,35,1,2,9510,4,30,1,5,0,5,5,0,0,0,1,,,
1,1.1,2411,36,1,2,9510,5,30,1,5,0,0,5,0,0,0,1,,,
1,1.1,2416,38,2,2,6805,3,30,1,1,3,0,1,5,5,0,1,,,
1,1.1,2416,39,1,2,6805,4,30,1,0,0,0,0,0,0,0,0,,,
1,1.2,2417,33,1,2,6054,3,33,1,1,6,0,1,1,0,5,1,2,0,0
1,1.2,2417,34,1,2,6054,4,33,1,5,0,0,5,0,0,5,4,2,0,0
1,1.1,2418,35,2,2,3149,2,30,1,5,0,0,5,0,0,0,4,,,
1,1.1,2422,41,1,2,4104,4,30,1,1,1,0,5,0,0,0,4,,,
1,1.1,2422,43,1,2,4104,5,30,1,1,1,0,5,0,0,0,5,,,
1,1.1,2422,45,1,2,4104,6,30,1,1,2,0,5,0,0,0,4,,,
1,1.1,2422,46,1,2,3911,3,30,1,0,0,0,0,0,0,0,5,,,
1,1.1,2422,47,1,2,3911,4,30,1,0,0,0,0,0,0,0,0,,,
1,1.2,2425,32,2,2,1642,4,30,1,1,2,5,5,0,0,0,1,2,999,99
1,1.1,2427,36,2,2,3836,3,30,1,0,0,0,0,0,0,0,5,,,
1,1.1,2427,37,1,2,3591,3,30,1,0,0,0,0,0,0,0,4,,,
1,1.1,2427,38,2,2,3836,4,30,1,0,0,0,0,0,0,0,0,,,
1,1.1,2429,39,1,2,545,3,30,1,0,0,0,0,0,0,0,1,,,
1,1.2,2432,63,2,2,5583,5,60,1,5,0,0,5,0,0,0,1,2,998,98
1,1.2,2432,64,2,2,5044,4,30,1,1,1,0,5,0,0,0,1,2,3.4,4
1,1.2,2432,66,1,2,5583,6,60,1,5,0,0,5,0,0,0,1,2,0,0
1,1.2,2432,67,1,2,5583,3,30,1,5,0,0,5,0,0,0,1,2,0,0
1,1.1,2432,69,1,2,5583,4,60,1,5,0,0,5,0,0,0,1,,,
1,1.1,2432,70,1,2,5583,7,60,1,5,0,0,5,0,0,0,1,,,
1,1.2,2432,71,1,2,5532,4,30,1,5,0,0,5,0,0,5,4,2,0,0
1,1.1,2432,73,2,2,5583,8,60,1,5,0,0,5,0,0,0,1,,,
1,1.1,2432,74,2,2,5583,9,60,1,5,0,0,5,0,0,0,1,,,
1,1.1,2432,75,1,2,6735,2,30,1,5,0,0,5,0,0,0,0,,,
1,1.1,2432,76,1,2,5044,5,33,1,0,0,0,0,0,0,0,1,,,
1,1.1,2432,80,2,2,6045,2,30,1,0,0,0,0,0,0,0,0,,,
1,1.1,2432,81,2,2,6648,3,30,1,0,0,0,0,0,0,0,0,,,
1,1.1,2432,82,2,2,6779,4,30,1,0,0,0,0,0,0,0,2,,,
1,1.2,2432,225,2,3,6607,3,30,1,1,1,5,5,0,0,5,1,2,3.4,4.1
1,1.2,2434,35,1,2,921,4,70,1,1,5,5,1,1,0,0,1,2,2.6,4
1,1.2,2434,37,1,2,516,4,30,1,1,1,0,5,0,0,0,1,2,998,98
1,1.1,2435,41,1,2,6676,3,30,1,0,0,0,0,0,0,0,0,,,
1,1.1,2436,45,1,2,6917,4,33,1,5,0,5,5,0,0,0,1,,,
1,1.1,2436,50,2,2,7512,3,30,1,0,0,0,0,0,0,0,0,,,
1,1.1,2436,52,2,2,6917,5,30,1,0,0,0,0,0,0,0,1,,,
1,1.1,2436,55,1,2,7369,3,30,1,0,0,0,0,0,0,0,0,,,
1,1.1,2436,56,2,2,7512,4,30,1,0,0,0,0,0,0,0,0,,,
1,1.1,2436,57,2,2,7013,3,30,1,0,0,0,0,0,0,0,0,,,
1,1.1,2436,58,2,2,7369,4,30,1,0,0,0,0,0,0,0,0,,,
1,1.2,2441,39,2,2,7691,3,30,1,1,5,0,5,0,0,0,5,2,0,0
1,1.2,2441,40,1,2,8313,2,30,1,1,2,0,5,0,0,5,2,2,0,0
1,1.1,2441,44,1,2,8309,2,30,1,5,0,0,5,0,0,0,0,,,
1,1.2,2441,45,1,2,8313,3,30,1,1,3,0,1,1,0,5,4,2,0,0
1,1.1,2441,46,2,2,8309,3,30,1,5,0,0,5,0,0,0,4,,,
1,1.1,2441,47,1,2,8309,4,30,1,5,0,0,5,0,0,0,0,,,
1,1.1,2441,48,1,2,8309,5,30,1,5,0,0,5,0,0,0,5,,,
1,1.1,2441,49,1,2,8125,3,30,1,5,0,0,5,0,0,0,0,,,
1,1.1,2441,50,2,2,8313,4,30,1,0,0,0,0,0,0,0,0,,,
1,1.1,2441,51,1,2,8125,5,30,1,0,0,0,0,0,0,0,0,,,
1,1.2,2441,200,2,3,5080,3,33,1,5,0,0,5,0,0,0,1,2,3.8,4
1,1.2,2441,201,1,3,5080,4,33,1,5,0,0,5,0,0,0,0,2,997,98
1,1.1,2443,35,1,2,5192,4,30,1,5,0,0,5,0,0,0,5,,,
1,1.1,2443,36,2,2,6366,2,30,1,0,0,0,0,0,0,0,5,,,
1,1.1,2458,35,1,2,2003,3,30,1,5,0,0,5,0,1,0,4,,,
1,1.1,2464,35,2,2,188,4,30,1,5,0,0,1,5,0,0,2,,,
1,1.1,2464,36,1,2,1131,2,30,1,0,0,0,0,0,0,0,0,,,
1,1.2,2466,35,2,2,6244,3,30,1,1,5,0,1,1,5,1,1,2,0,0
1,1.2,2466,36,2,2,6016,3,30,1,1,6,0,1,1,5,5,0,2,0,0
1,1.2,2466,37,1,2,9446,3,30,1,1,1,0,5,0,5,5,0,2,0,0
1,1.1,2466,38,2,2,9446,4,30,1,1,5,0,1,1,5,5,0,,,
1,1.1,2466,39,1,2,6244,4,30,1,1,5,0,1,1,0,5,1,,,
1,1.1,2466,41,2,2,5634,3,30,1,1,5,0,1,1,1,5,1,,,
1,1.1,2466,42,2,2,6244,5,30,1,1,5,0,1,1,0,0,1,,,
1,1.1,2466,43,1,2,9446,5,30,1,1,5,0,5,0,5,5,0,,,
1,1.1,2466,45,1,2,5634,4,30,1,1,5,0,1,1,0,5,1,,,
1,1.2,2466,46,2,2,6016,4,30,1,1,6,0,1,1,5,5,0,2,0,0
1,1.1,2466,47,1,2,5634,5,30,1,0,0,0,0,0,0,0,1,,,
1,1.1,2466,48,2,2,6016,5,30,1,0,0,0,0,0,0,0,0,,,
1,1.1,2466,49,2,2,6016,6,30,1,0,0,0,0,0,0,0,0,,,
1,1.1,2466,50,1,2,5634,6,30,1,0,0,0,0,0,0,0,0,,,
1,1.1,2467,36,2,2,1024,3,30,1,1,3,0,1,5,0,0,3,,,
1,1.1,2467,37,1,2,1024,4,30,1,0,0,0,0,0,0,0,5,,,
1,1.1,2472,34,2,2,7012,3,30,1,5,0,0,5,0,0,0,1,,,
1,1.1,2472,38,1,2,9099,3,30,1,0,0,0,0,0,0,0,5,,,
1,1.1,2473,33,1,2,1735,3,30,1,0,0,0,0,0,0,0,2,,,
1,1.1,2473,34,2,2,1735,4,30,1,0,0,0,0,0,0,0,4,,,
1,1.2,2475,32,2,2,376,2,30,1,5,0,0,1,1,0,0,2,2,998,4
1,1.2,2475,33,2,2,376,3,30,1,5,0,0,1,5,0,0,2,2,0,0
1,1.2,2478,34,1,2,1444,4,30,1,1,1,0,5,0,0,0,1,2,998,5
1,1.2,2478,35,1,2,2625,3,30,1,1,3,0,5,0,0,0,2,2,0,0
1,1.1,2478,36,2,2,2625,4,30,1,1,2,0,5,0,0,0,2,,,
1,1.1,2478,37,1,2,2127,3,30,1,0,0,0,0,0,0,0,2,,,
1,1.1,2478,38,1,2,2127,4,30,1,0,0,0,0,0,0,0,1,,,
1,1.2,2485,38,2,2,1878,3,30,1,5,0,5,1,1,0,0,1,2,0,0
1,1.2,2485,39,1,2,1878,4,30,1,5,0,0,5,0,0,0,1,2,0,0
1,1.2,2485,42,2,2,1359,2,30,1,1,5,5,5,0,5,5,5,2,0,0
1,1.1,2485,43,1,2,1514,7,60,1,0,0,0,0,0,0,0,5,,,
1,1.2,2485,200,2,3,1514,4,60,1,5,0,0,1,1,5,0,5,2,0,0
1,1.2,2487,34,1,2,6447,3,35,1,1,6,5,1,1,0,0,0,2,0,0
1,1.1,2487,35,1,2,6723,2,30,1,0,0,0,0,0,0,0,1,,,
1,1.1,2490,38,2,2,3538,4,30,1,5,0,0,5,0,5,0,1,,,
1,1.1,2490,39,2,2,3538,5,30,1,5,0,0,5,0,0,0,1,,,
1,1.2,2500,33,1,2,1447,3,30,1,5,0,5,5,0,0,0,1,2,3.3,4.6
1,1.2,2500,34,1,2,1447,4,30,1,5,0,5,5,0,0,0,1,2,0,0
1,1.2,2502,39,2,2,6476,3,30,1,5,0,5,5,0,0,0,1,2,0,0
1,1.2,2502,41,2,2,7553,3,30,1,5,0,0,5,0,5,0,2,2,0,0
1,1.1,2502,42,2,2,7553,4,30,1,5,0,0,5,0,0,0,2,,,
1,1.2,2502,45,2,2,7576,3,30,1,1,4,0,1,1,5,0,2,2,0,0
1,1.2,2502,46,1,2,7576,4,30,1,1,2,5,5,0,5,0,3,2,0,0
1,1.1,2502,48,1,2,7553,5,30,1,5,0,0,5,0,0,0,2,,,
1,1.1,2502,49,1,2,6476,4,30,1,5,0,0,5,0,0,0,2,,,
1,1.1,2502,50,1,2,7576,5,30,1,0,0,0,0,0,0,0,2,,,
1,1.2,2503,33,1,2,7941,2,30,1,5,0,0,5,0,0,0,2,2,998,98
1,1.2,2506,35,2,2,3894,2,30,1,5,0,5,1,1,0,0,2,2,0,0
1,1.1,2506,36,1,2,4196,3,30,1,0,0,0,0,0,0,0,5,,,
1,1.2,2506,183,1,3,4307,2,30,1,5,0,0,5,0,0,0,2,2,0,0
1,1.1,2506,186,1,3,4307,4,30,1,0,0,0,0,0,0,0,3,,,
1,1.1,2506,187,2,3,4307,5,30,1,0,0,0,0,0,0,0,0,,,
1,1.1,2509,46,2,2,7794,3,30,1,1,6,0,1,1,5,5,3,,,
1,1.1,2509,47,1,2,7794,4,30,1,1,6,0,1,1,5,5,5,,,
1,1.2,2509,48,1,2,4871,3,30,1,5,0,0,5,0,0,0,1,2,0,0
1,1.2,2509,49,1,2,4871,4,30,1,5,0,0,5,0,0,0,3,2,0,0
1,1.1,2509,51,2,2,6425,3,30,1,0,0,0,0,0,0,0,0,,,
1,1.1,2509,54,2,2,6425,4,30,1,0,0,0,0,0,0,0,0,,,
1,1.1,2515,48,1,2,6688,3,30,1,5,0,5,5,0,0,0,5,,,
1,1.2,2515,49,1,2,8685,2,30,1,5,0,0,5,0,0,1,0,2,2,4
1,1.2,2515,50,1,2,7527,3,30,1,5,0,0,5,0,0,5,1,2,0,0
1,1.1,2515,52,2,2,6688,4,30,1,5,0,0,5,0,0,0,5,,,
1,1.1,2515,53,2,2,6688,5,30,1,5,0,0,5,0,0,0,5,,,
1,1.1,2515,54,1,2,6688,6,30,1,0,0,0,0,0,0,0,0,,,
1,1.1,2515,55,2,2,6688,7,30,1,0,0,0,0,0,0,0,0,,,
1,1.2,2516,35,2,2,8448,4,60,1,5,0,0,5,0,0,0,1,2,0,0
1,1.1,2516,37,2,2,8000,3,30,1,0,0,0,0,0,0,0,1,,,
1,1.1,2516,177,1,3,8448,5,60,1,0,0,0,0,0,0,0,0,,,
1,1.2,2518,34,1,2,2875,2,30,1,1,5,5,1,1,0,0,1,2,2.5,3
1,1.2,2518,35,1,2,2031,2,30,1,5,0,0,5,0,5,0,1,2,2.5,98
1,1.1,2518,36,1,2,2875,3,30,1,1,5,0,5,0,0,0,2,,,
1,1.1,2518,37,1,2,1604,4,60,1,0,0,0,0,0,0,0,5,,,
1,1.1,2518,38,2,2,2875,4,30,1,0,0,0,0,0,0,0,1,,,
1,1.2,2521,32,2,2,490,2,60,1,5,0,0,5,0,0,0,1,2,998,98
1,1.2,2524,39,1,2,7244,4,30,1,5,0,0,1,1,5,0,1,2,0,0
1,1.2,2530,43,2,2,6903,3,30,1,5,0,0,5,0,0,0,1,2,3.6,4
1,1.2,2530,44,2,2,6477,2,30,1,1,1,0,5,0,0,0,1,2,3.67,4
1,1.2,2530,45,2,2,6903,4,30,1,5,0,0,5,0,0,0,1,2,998,98
1,1.2,2532,33,2,2,8083,3,30,1,1,3,0,1,1,5,0,2,2,0,0
1,1.1,2532,35,2,2,8083,4,30,1,0,0,0,0,0,0,0,4,,,
1,1.1,2540,33,2,2,110,2,30,1,1,5,0,5,0,0,0,1,,,
1,1.1,2540,34,2,2,110,4,30,1,0,0,0,0,0,0,0,1,,,
1,1.1,2540,35,1,2,110,3,30,1,0,0,0,0,0,0,0,1,,,
1,1.1,2545,37,2,2,952,3,30,1,0,0,0,0,0,0,0,0,,,
1,1.2,2545,177,2,3,7,3,30,1,1,5,5,5,0,0,1,1,2,0,0
1,1.1,2545,179,1,3,752,2,30,1,0,0,0,0,0,0,0,2,,,
1,1.1,2557,34,1,2,487,3,30,1,0,0,0,0,0,0,0,0,,,
1,1.1,2566,43,1,2,7287,4,30,1,5,0,0,5,0,5,0,1,,,
1,1.1,2566,44,1,2,5947,3,30,1,5,0,0,5,0,0,0,1,,,
1,1.1,2566,47,2,2,7287,5,30,1,1,5,0,5,0,5,0,2,,,
1,1.1,2566,48,2,2,5947,4,30,1,1,4,0,5,0,0,0,1,,,
1,1.1,2566,50,1,2,5947,5,30,1,5,0,0,5,0,0,0,0,,,
1,1.1,2566,52,2,2,8328,4,30,1,0,0,0,0,0,0,0,0,,,
1,1.1,2566,53,2,2,8328,5,30,1,0,0,0,0,0,0,0,0,,,
1,1.1,2566,181,1,3,8328,3,30,1,0,0,0,0,0,0,0,0,,,
1,1.1,2569,42,2,2,2748,2,30,1,5,0,0,5,0,0,0,0,,,
1,1.1,2569,43,2,2,2748,3,30,1,5,0,0,5,0,0,0,0,,,
1,1.1,2569,44,2,2,2748,4,30,1,5,0,0,5,0,0,0,0,,,
1,1.1,2569,45,2,2,1464,2,30,1,5,0,0,5,0,0,0,1,,,
1,1.1,2569,46,1,2,2748,5,30,1,5,0,0,5,0,0,0,0,,,
1,1.1,2569,47,1,2,1464,3,30,1,0,0,0,0,0,0,0,2,,,
1,1.1,2569,48,2,2,2748,6,30,1,0,0,0,0,0,0,0,0,,,
1,1.1,2569,49,2,2,1464,4,30,1,0,0,0,0,0,0,0,2,,,
1,1.1,2574,31,2,2,1103,3,30,1,1,5,0,1,5,5,0,2,,,
1,1.1,2574,32,2,2,1103,4,30,1,1,5,0,1,5,5,0,2,,,
1,1.1,2576,35,1,2,5468,4,60,1,1,2,0,5,0,0,1,4,,,
1,1.1,2576,36,1,2,5468,5,60,1,5,0,5,5,0,0,1,4,,,
1,1.1,2576,37,2,2,7004,3,30,1,0,0,0,0,0,0,0,1,,,
1,1.2,2578,31,2,2,1539,4,30,1,5,0,0,5,0,5,5,1,2,0,0
1,1.1,2578,32,2,2,1753,4,60,1,1,5,0,1,1,0,5,1,,,
1,1.1,2580,31,1,2,2206,3,30,1,0,0,0,0,0,0,0,2,,,
1,1.2,2581,34,2,2,7030,4,30,1,5,0,0,1,5,0,0,2,2,0,0
1,1.1,2581,35,1,2,7030,5,30,1,0,0,0,0,0,0,0,3,,,
1,1.1,2586,38,2,2,5250,3,30,1,0,0,0,0,0,0,0,0,,,
1,1.1,2586,39,2,2,8454,3,30,1,0,0,0,0,0,0,0,0,,,
1,1.1,2586,41,2,2,8454,4,30,1,0,0,0,0,0,0,0,0,,,
1,1.1,2586,42,1,2,5250,4,30,1,0,0,0,0,0,0,0,0,,,
1,1.1,2586,43,1,2,8669,3,30,1,0,0,0,0,0,0,0,0,,,
1,1.2,2590,46,2,2,5298,4,30,1,5,0,0,1,5,0,0,1,2,3.84,4
1,1.1,2590,47,2,2,7750,3,30,1,5,0,0,5,0,0,0,5,,,
1,1.2,2590,49,2,2,5298,5,30,1,5,0,0,5,0,5,5,1,2,3.8,4
1,1.2,2590,51,1,2,5086,4,30,1,1,4,0,1,1,0,0,1,2,998,4
1,1.1,2590,53,1,2,7750,4,30,1,1,5,0,5,0,0,0,5,,,
1,1.2,2590,55,1,2,5086,5,30,1,1,4,0,1,1,0,0,1,2,0,0
1,1.1,2590,56,2,2,7481,3,30,1,1,6,0,1,1,5,0,2,,,
1,1.1,2590,57,2,2,6844,3,30,1,1,4,0,1,1,0,0,2,,,
1,1.1,2590,59,2,2,5086,6,30,1,1,4,0,5,0,0,0,3,,,
1,1.1,2590,60,2,2,7481,4,30,1,1,6,0,1,1,5,0,2,,,
1,1.1,2590,61,2,2,5298,6,30,1,5,0,0,1,5,0,0,4,,,
1,1.1,2590,62,2,2,7750,5,30,1,5,0,0,5,0,0,0,5,,,
1,1.1,2590,63,1,2,6844,4,30,1,1,2,0,5,0,0,0,2,,,
1,1.1,2590,65,1,2,7481,5,30,1,1,3,0,5,0,0,0,2,,,
1,1.1,2590,66,2,2,6844,5,30,1,0,0,0,0,0,0,0,2,,,
1,1.1,2590,68,1,2,7481,6,30,1,0,0,0,0,0,0,0,2,,,
1,1.1,2590,69,1,2,4685,3,30,1,0,0,0,0,0,0,0,0,,,
1,1.2,2591,38,2,2,3130,3,30,1,5,0,0,1,5,0,5,1,2,0,0
1,1.2,2591,39,1,2,3130,4,30,1,5,0,0,5,0,0,5,1,2,0,0
1,1.2,2593,35,2,2,4900,3,30,1,5,0,5,5,0,0,0,2,2,3.2,4
1,1.2,2593,36,2,2,6350,3,33,1,5,0,5,5,0,5,0,1,2,998,98
1,1.1,2593,37,1,2,9097,3,30,1,0,0,0,0,0,0,0,5,,,
1,1.1,2594,31,1,2,9330,4,30,1,0,0,0,0,0,0,0,0,,,
1,1.1,2599,32,1,2,379,3,30,1,0,0,0,0,0,0,0,0,,,
1,1.1,2601,42,1,2,8638,3,30,1,0,0,0,0,0,0,0,0,,,
1,1.1,2601,43,1,2,4961,3,30,1,0,0,0,0,0,0,0,0,,,
1,1.1,2601,44,1,2,4775,3,30,1,0,0,0,0,0,0,0,0,,,
1,1.1,2601,45,2,2,8638,4,30,1,0,0,0,0,0,0,0,0,,,
1,1.1,2608,37,1,2,5269,3,30,1,1,6,0,1,1,0,5,0,,,
1,1.1,2608,38,1,2,5269,4,30,1,1,1,0,5,0,0,5,0,,,
1,1.1,2608,39,2,2,5269,5,30,1,0,0,0,0,0,0,0,0,,,
1,1.2,2611,43,2,2,5136,4,30,1,1,2,5,5,0,5,0,1,2,3.8,4
1,1.2,2611,44,1,2,7629,3,30,1,1,1,0,5,0,5,5,1,2,3.4,4
1,1.2,2611,45,2,2,7629,5,30,1,1,1,0,5,0,5,5,1,2,2,4
1,1.2,2611,46,2,2,7629,7,30,1,1,5,0,1,1,5,5,1,2,0,0
1,1.1,2611,47,2,2,5551,3,30,1,1,5,0,1,1,0,0,4,,,
1,1.1,2611,48,1,2,5591,4,30,1,5,0,0,5,0,0,0,2,,,
1,1.1,2611,49,1,2,6110,3,30,1,0,0,0,0,0,0,0,0,,,
1,1.2,2611,183,2,3,7629,6,30,1,1,2,0,5,0,5,5,1,2,3.2,4
1,1.2,2611,187,2,3,4747,5,30,1,1,1,0,5,0,0,0,2,2,3.5,4
1,1.1,2613,32,1,2,977,4,30,1,5,0,5,5,0,0,0,1,,,
1,1.1,2613,33,1,2,309,2,30,1,0,0,0,0,0,0,0,0,,,
1,1.1,2613,34,1,2,309,3,30,1,0,0,0,0,0,0,0,0,,,
1,1.2,2613,183,1,3,977,3,30,1,1,1,5,5,0,0,5,2,2,0,0
1,1.2,2614,38,1,2,6807,4,30,1,1,2,0,5,0,0,0,4,2,3.1,4.5
1,1.2,2614,39,2,2,9471,3,30,1,1,1,0,5,0,5,5,1,2,3.9,4
1,1.2,2614,40,1,2,5552,3,30,1,1,5,0,5,0,0,5,2,2,0,0
1,1.2,2614,41,1,2,6807,5,30,1,1,2,5,5,0,0,5,4,2,0,0
1,1.2,2614,42,2,2,9471,4,30,1,1,1,0,5,0,5,5,2,2,0,0
1,1.1,2614,43,2,2,7199,3,30,1,1,5,0,1,1,5,5,3,,,
1,1.1,2614,44,2,2,9471,5,30,1,1,3,0,1,5,5,5,2,,,
1,1.1,2614,45,2,2,7199,4,30,1,1,4,0,1,1,5,5,4,,,
1,1.1,2614,46,1,2,7199,5,30,1,1,3,0,5,0,0,5,4,,,
1,1.1,2614,47,2,2,7199,6,30,1,0,0,0,0,0,0,0,4,,,
1,1.2,2615,55,2,2,4194,3,30,1,5,0,0,5,0,0,0,2,2,2.7,4
1,1.2,2615,56,2,2,4194,4,30,1,5,0,0,5,0,0,0,2,2,3.8,4
1,1.2,2615,58,2,2,4080,3,30,1,1,2,0,5,0,5,5,1,2,3.8,4
1,1.2,2615,59,2,2,4134,4,30,1,1,1,0,5,0,0,0,1,2,3.5,4
1,1.2,2615,61,2,2,4194,5,30,1,5,0,0,5,0,0,0,2,2,0,0
1,1.2,2615,62,2,2,4080,4,30,1,1,1,0,5,0,5,0,1,2,0,0
1,1.2,2615,63,2,2,4134,5,30,1,1,2,0,1,5,0,0,1,2,0,0
1,1.1,2615,64,2,2,4006,3,30,1,1,1,0,5,0,0,5,1,,,
1,1.2,2615,65,1,2,4012,3,30,1,5,0,0,5,0,0,0,5,2,0,0
1,1.2,2615,66,1,2,4072,2,30,1,5,0,0,5,0,0,0,5,2,0,0
1,1.2,2615,67,2,2,4041,3,30,1,5,0,0,5,0,0,0,5,2,0,0
1,1.1,2615,68,2,2,4134,6,30,1,1,1,0,1,1,0,0,2,,,
1,1.1,2615,69,2,2,4006,4,30,1,1,2,0,5,0,0,5,2,,,
1,1.2,2615,70,2,2,4012,4,30,1,5,0,0,5,0,0,5,4,2,0,0
1,1.1,2615,71,2,2,4012,5,30,1,5,0,0,5,0,0,0,5,,,
1,1.1,2615,72,2,2,4072,3,30,1,1,4,0,5,0,0,0,3,,,
1,1.2,2615,73,2,2,4017,3,30,1,1,4,0,1,1,5,5,5,2,0,0
1,1.1,2615,74,2,2,4041,4,30,1,1,3,0,5,0,5,0,5,,,
1,1.1,2615,75,2,2,4006,5,30,1,1,2,5,5,0,0,5,2,,,
1,1.1,2615,77,1,2,4012,6,30,1,5,0,0,5,0,0,0,5,,,
1,1.1,2615,78,2,2,4026,3,30,1,5,0,0,5,0,0,5,0,,,
1,1.1,2615,79,2,2,4017,4,30,1,0,0,0,0,0,0,0,5,,,
1,1.1,2615,80,2,2,4041,5,30,1,5,0,0,5,0,0,0,0,,,
1,1.1,2615,81,2,2,4179,3,30,1,0,0,0,0,0,0,0,2,,,
1,1.1,2615,83,1,2,4026,4,30,1,0,0,0,0,0,0,0,0,,,
1,1.2,2618,41,2,2,6572,3,30,1,1,2,0,5,0,0,5,1,2,3.7,4
1,1.2,2618,43,2,2,6572,4,30,1,1,4,0,5,0,5,1,1,2,4,4
1,1.2,2618,44,2,2,6572,5,30,1,1,4,0,5,0,0,5,1,2,4,4
1,1.2,2618,46,2,2,6572,6,30,1,1,6,0,1,1,0,0,1,2,0,0
1,1.1,2618,47,1,2,6572,7,30,1,1,6,0,1,1,0,5,4,,,
1,1.1,2618,48,2,2,5907,3,30,1,0,0,0,0,0,0,0,0,,,
1,1.1,2625,32,2,2,907,3,30,1,1,5,0,1,1,0,5,1,,,
1,1.1,2625,33,1,2,907,4,30,1,1,4,5,5,0,1,5,2,,,
1,1.1,2625,34,1,2,907,5,30,1,0,0,0,0,0,0,0,4,,,
1,1.2,2628,41,1,2,5751,3,30,1,5,0,0,5,0,5,0,1,2,998,98
1,1.1,2628,42,1,2,5059,3,30,1,5,0,0,5,0,0,0,4,,,
1,1.1,2628,43,2,2,5631,3,30,1,0,0,0,0,0,0,0,2,,,
1,1.1,2628,44,2,2,5059,4,30,1,0,0,0,0,0,0,0,0,,,
1,1.1,2628,46,1,2,5059,5,30,1,0,0,0,0,0,0,0,0,,,
1,1.1,2632,34,2,2,6650,3,60,1,1,2,0,5,0,0,0,1,,,
1,1.1,2632,40,1,2,6650,4,60,1,5,0,0,5,0,0,5,1,,,
1,1.2,2633,35,1,2,3937,3,30,1,1,1,0,5,0,5,0,5,2,0,0
1,1.1,2633,36,1,2,3937,4,30,1,1,1,0,5,0,5,0,5,,,
1,1.2,2643,33,1,2,9303,3,30,1,5,0,0,5,0,5,0,1,2,0,0
1,1.1,2643,34,1,2,7480,3,30,1,1,5,5,1,1,1,0,5,,,
1,1.2,2646,36,2,2,5208,3,30,1,1,2,0,5,0,1,0,1,2,4.44,5
1,1.1,2646,38,1,2,5033,3,30,,,,,,,,,,2,4,4
1,1.2,2649,40,1,2,6417,4,30,1,1,5,0,1,1,0,0,1,2,998,98
1,1.2,2649,184,2,3,6417,3,30,1,5,0,0,5,0,0,0,1,2,3.2,4
1,1.2,2661,52,1,2,7134,3,33,1,1,6,0,5,0,0,5,5,2,0,0
1,1.2,2661,53,2,2,6138,3,30,1,5,0,0,5,0,5,5,1,2,4,4
1,1.1,2661,54,2,2,8563,3,30,1,1,2,0,5,0,0,0,1,,,
1,1.2,2661,55,1,2,6725,4,30,1,1,3,0,5,0,0,0,1,2,0,0
1,1.2,2661,57,2,2,7134,4,33,1,1,6,0,5,0,0,5,5,2,0,0
1,1.1,2661,58,2,2,8563,4,30,1,1,6,0,5,0,0,0,1,,,
1,1.2,2664,33,1,2,3516,3,30,1,5,0,0,5,0,0,5,1,2,0,0
1,1.1,2665,43,2,2,8736,3,30,1,0,0,0,0,0,0,0,0,,,
1,1.2,2674,33,2,2,1643,3,30,1,1,5,0,1,1,5,0,2,2,0,0
1,1.2,2674,34,2,2,1643,4,30,1,5,0,0,5,0,5,0,2,2,0,0
1,1.1,2674,35,1,2,1886,3,30,1,0,0,0,0,0,0,0,5,,,
1,1.1,2674,36,1,2,2484,3,30,1,0,0,0,0,0,0,0,4,,,
1,1.1,2674,37,2,2,1643,5,30,1,0,0,0,0,0,0,0,0,,,
1,1.1,2680,35,2,2,3575,3,30,1,0,0,0,0,0,0,0,5,,,
1,1.1,2680,36,2,2,3714,3,30,1,0,0,0,0,0,0,0,0,,,
1,1.1,2680,37,1,2,3714,4,30,1,0,0,0,0,0,0,0,0,,,
1,1.1,2680,38,2,2,3575,4,30,1,0,0,0,0,0,0,0,0,,,
1,1.1,2680,39,1,2,3575,5,30,1,0,0,0,0,0,0,0,0,,,
1,1.1,2680,40,1,2,3714,5,30,1,0,0,0,0,0,0,0,0,,,
1,1.2,2688,38,1,2,873,3,30,1,5,0,5,5,0,0,0,1,2,3.1,4.5
1,1.2,2688,39,2,2,873,4,30,1,5,0,5,5,0,0,0,1,2,0,0
1,1.2,2688,40,2,2,426,3,30,1,5,0,0,1,5,0,0,2,2,0,0
1,1.2,2688,41,2,2,426,4,30,1,5,0,0,5,0,0,0,0,2,0,0
1,1.1,2688,42,1,2,462,3,30,1,5,0,0,5,0,0,0,0,,,
1,1.1,2688,43,2,2,873,5,30,1,5,0,0,1,5,0,0,2,,,
1,1.2,2688,44,1,2,611,3,30,1,5,0,0,5,0,0,0,0,2,0,0
1,1.1,2688,45,2,2,426,5,30,1,5,0,0,5,0,0,5,0,,,
1,1.1,2688,46,1,2,873,6,30,1,0,0,0,0,0,0,0,0,,,
1,1.2,2688,180,1,3,426,2,30,1,5,0,0,5,0,0,0,1,2,3.05,4
1,1.1,2690,33,2,2,1034,3,30,1,5,0,0,5,0,1,5,3,,,
1,1.1,2690,34,1,2,1034,4,30,1,5,0,0,5,0,0,0,5,,,
1,1.2,2697,32,2,2,2180,3,30,1,1,6,0,1,1,0,0,1,2,3.76,4
1,1.2,2699,33,2,2,2654,3,30,1,1,5,0,1,1,0,0,1,2,0,0
1,1.2,2701,57,2,2,8108,2,30,1,5,0,0,5,0,0,0,1,2,4.1,5
1,1.2,2701,58,1,2,7261,2,30,1,5,0,5,1,8,0,0,1,2,3.4,98
1,1.2,2701,59,1,2,7261,3,30,1,5,0,0,5,0,0,0,1,2,3.8,4
1,1.2,2701,60,2,2,5251,2,30,1,5,0,0,1,1,0,0,1,2,0,0
1,1.2,2701,62,2,2,7261,4,30,1,5,0,5,5,0,0,0,2,2,998,98
1,1.2,2701,63,2,2,6980,2,30,1,5,0,5,1,5,0,0,1,2,3,98
1,1.2,2701,64,1,2,5251,4,30,1,5,0,0,1,1,0,0,1,2,0,0
1,1.1,2701,67,1,2,7392,3,30,1,5,0,5,5,0,0,0,2,,,
1,1.2,2701,68,1,2,6980,3,30,1,5,0,0,5,0,0,0,1,2,0,0
1,1.1,2701,69,1,2,7145,2,30,1,5,0,0,5,0,0,1,1,,,
1,1.1,2701,71,2,2,4865,2,30,1,5,0,0,1,1,0,0,2,,,
1,1.1,2701,72,2,2,8108,3,30,1,5,0,5,5,0,0,0,1,,,
1,1.1,2701,75,1,2,7609,3,30,1,5,0,5,1,1,0,0,2,,,
1,1.1,2701,76,1,2,8108,4,30,1,5,0,0,5,0,0,0,1,,,
1,1.2,2701,77,2,2,6088,2,30,1,5,0,5,5,0,0,0,3,2,0,0
1,1.1,2701,78,2,2,4865,3,30,1,5,0,0,1,1,0,0,1,,,
1,1.1,2701,79,1,2,4865,4,30,1,5,0,0,1,1,5,0,3,,,
1,1.1,2701,80,2,2,7609,4,30,1,0,0,0,0,0,0,0,5,,,
1,1.1,2701,81,2,2,4865,5,30,1,0,0,0,0,0,0,0,1,,,
1,1.1,2701,82,1,2,5908,2,30,1,0,0,0,0,0,0,0,1,,,
1,1.1,2701,85,2,2,5908,3,30,1,0,0,0,0,0,0,0,3,,,
1,1.1,2701,86,1,2,4865,6,30,1,0,0,0,0,0,0,0,2,,,
1,1.1,2701,87,2,2,4865,7,30,1,0,0,0,0,0,0,0,1,,,
1,1.1,2701,88,2,2,5705,3,30,1,0,0,0,0,0,0,0,4,,,
1,1.1,2701,91,1,2,6002,2,30,1,0,0,0,0,0,0,0,0,,,
1,1.1,2701,92,1,2,6002,3,30,1,0,0,0,0,0,0,0,0,,,
1,1.1,2701,93,2,2,5908,4,30,1,0,0,0,0,0,0,0,0,,,
1,1.2,2701,238,1,3,5251,3,30,1,1,1,0,5,0,0,0,1,2,998,98
1,1.1,2707,52,2,2,6861,3,30,1,1,2,0,5,0,0,0,1,,,
1,1.2,2707,53,1,2,6797,3,30,1,5,0,0,5,0,0,0,4,2,3.5,4
1,1.2,2707,54,1,2,8079,4,30,1,5,0,5,5,0,0,0,1,2,998,4
1,1.2,2707,56,2,2,7384,2,30,1,5,0,0,5,0,0,0,1,2,998,4
1,1.2,2707,57,1,2,6117,3,30,1,5,0,0,1,1,5,0,1,2,0,0
1,1.2,2707,58,2,2,6797,4,30,1,5,0,0,5,0,0,0,1,2,0,0
1,1.1,2707,61,1,2,6861,4,30,1,1,5,0,5,0,5,5,1,,,
1,1.2,2707,62,1,2,6117,4,30,1,1,2,5,5,0,5,0,1,2,0,0
1,1.1,2707,65,2,2,6797,5,30,1,5,0,0,5,0,0,0,3,,,
1,1.1,2707,66,2,2,6117,5,30,1,5,0,0,5,0,0,0,1,,,
1,1.1,2707,68,2,2,7352,2,30,1,5,0,0,5,0,5,0,3,,,
1,1.1,2707,73,1,2,7352,3,30,1,0,0,0,0,0,0,0,4,,,
1,1.1,2708,35,2,2,469,2,30,1,1,2,0,5,0,5,0,1,,,
1,1.2,2708,37,1,2,469,3,30,1,1,2,0,5,0,1,0,2,2,3.2,4
1,1.1,2708,38,1,2,469,4,30,1,0,0,0,0,0,0,0,0,,,
1,1.1,2712,37,1,2,8419,3,30,1,1,1,5,5,0,0,0,2,,,
1,1.1,2714,40,2,2,8497,3,35,1,5,0,5,5,0,0,5,1,,,
1,1.1,2714,41,1,2,8482,3,38,1,1,5,5,1,1,5,0,2,,,
1,1.1,2714,44,1,2,8521,2,30,1,1,5,0,1,1,5,0,1,,,
1,1.1,2714,45,2,2,8427,2,30,1,5,0,5,5,0,0,5,2,,,
1,1.1,2717,40,1,2,1904,2,30,1,1,1,0,5,0,0,0,1,,,
1,1.2,2717,41,2,2,1904,3,30,1,1,5,0,1,1,0,0,1,2,998,5
1,1.1,2717,42,1,2,1558,3,30,1,0,0,0,0,0,0,0,4,,,
1,1.1,2717,43,2,2,1809,2,30,1,0,0,0,0,0,0,0,0,,,
1,1.1,2717,44,1,2,2017,3,30,1,0,0,0,0,0,0,0,3,,,
1,1.1,2717,45,2,2,1558,4,30,1,0,0,0,0,0,0,0,5,,,
1,1.1,2717,46,1,2,2017,4,30,1,0,0,0,0,0,0,0,0,,,
1,1.1,2722,32,1,2,5832,4,60,1,1,6,5,5,0,0,0,2,,,
1,1.1,2727,39,1,2,1931,3,35,1,5,0,0,5,0,0,0,1,,,
1,1.1,2727,42,2,2,2410,2,30,1,1,3,0,5,0,5,0,1,,,
1,1.1,2727,45,1,2,2410,3,30,1,1,3,0,5,0,0,0,4,,,
1,1.1,2731,38,2,2,8447,3,30,1,5,0,0,5,0,0,0,2,,,
1,1.1,2731,39,2,2,8447,4,30,1,5,0,0,5,0,0,0,2,,,
1,1.2,2731,40,1,2,7953,2,30,1,5,0,5,5,0,0,0,2,2,0,0
1,1.1,2731,41,1,2,9324,2,30,1,1,6,0,5,0,0,0,0,,,
1,1.1,2731,42,2,2,7953,3,30,1,0,0,0,0,0,0,0,1,,,
1,1.1,2731,43,2,2,9374,3,30,1,0,0,0,0,0,0,0,0,,,
1,1.1,2731,189,2,3,9374,2,30,1,0,0,0,0,0,0,0,2,,,
1,1.1,2738,34,1,2,8086,3,30,1,5,0,0,5,0,0,0,2,,,
1,1.2,2738,35,2,2,7608,3,30,1,5,0,0,1,1,0,0,1,2,0,0
1,1.2,2753,36,2,2,7118,3,30,1,5,0,0,5,0,0,5,2,2,4,4
1,1.2,2753,37,2,2,5260,3,30,1,1,5,5,5,0,0,0,2,2,3,4
1,1.1,2753,38,1,2,5260,4,30,1,1,5,0,1,1,0,0,2,,,
1,1.2,2753,39,2,2,7118,4,30,1,5,0,5,5,0,0,0,2,2,0,0
1,1.1,2753,40,1,2,8232,3,30,1,1,3,0,5,0,0,5,0,,,
1,1.1,2753,41,2,2,7118,5,30,1,5,0,0,1,5,0,0,0,,,
1,1.1,2753,42,1,2,5498,3,30,1,1,2,0,5,0,0,0,2,,,
1,1.1,2753,43,2,2,5498,4,30,1,0,0,0,0,0,0,0,2,,,
1,1.1,2753,44,2,2,5498,5,30,1,0,0,0,0,0,0,0,2,,,
1,1.2,2758,30,1,2,783,3,30,1,1,1,5,5,0,5,0,1,2,0,0
1,1.1,2760,32,1,2,2616,3,30,1,5,0,0,5,0,0,0,3,,,
1,1.1,2763,30,1,2,2368,3,30,1,1,1,0,5,0,0,0,1,,,
1,1.1,2763,31,2,2,2368,4,30,1,1,1,0,5,0,0,0,1,,,
1,1.1,2764,30,2,2,1246,3,30,1,5,0,0,5,0,5,0,1,,,
1,1.2,2770,32,1,2,2169,3,30,1,5,0,0,5,0,0,0,1,2,3.88,5
1,1.2,2770,35,1,2,2169,4,30,1,5,0,0,5,0,0,0,1,2,0,0
1,1.1,2770,36,2,2,2169,5,30,1,5,0,0,1,1,0,0,1,,,
1,1.2,2771,36,2,2,6378,2,30,1,1,1,0,5,0,5,5,1,2,998,98
1,1.2,2771,38,2,2,6378,3,30,1,1,6,5,1,1,5,0,1,2,0,0
1,1.2,2771,39,1,2,6378,4,30,1,1,2,0,5,0,0,5,1,2,0,0
1,1.2,2776,33,2,2,5549,3,35,1,1,1,0,1,5,0,0,1,2,3.8,4
1,1.1,2776,34,1,2,8590,3,30,1,0,0,0,0,0,0,0,0,,,
1,1.1,2776,180,2,3,5808,2,30,1,5,0,0,1,1,5,0,2,,,
1,1.1,2779,34,1,2,291,3,30,1,1,6,0,1,1,5,0,1,,,
1,1.1,2781,35,2,2,3140,3,30,1,1,5,0,1,1,0,0,1,,,
1,1.1,2781,36,2,2,3140,4,30,1,1,2,0,1,5,5,0,1,,,
1,1.1,2781,38,2,2,3140,5,30,1,1,2,5,1,5,0,0,1,,,
1,1.1,2781,40,1,2,2983,3,30,1,1,1,5,5,0,0,5,3,,,
1,1.1,2783,32,1,2,2857,3,30,1,0,0,0,0,0,0,0,0,,,
1,1.2,2786,35,1,2,1591,5,60,1,5,0,5,1,1,0,0,1,2,2.7,4
1,1.2,2786,36,1,2,1591,6,60,1,5,0,0,5,0,0,0,1,2,0,0
1,1.1,2786,37,2,2,1591,7,60,1,5,0,0,5,0,0,0,3,,,
1,1.1,2786,38,2,2,1591,9,60,1,0,0,0,0,0,0,0,0,,,
1,1.2,2794,32,2,2,590,2,30,1,1,6,0,1,1,0,0,1,2,3.9,98
1,1.2,2794,33,1,2,590,3,30,1,5,0,0,5,0,5,0,3,2,0,0
1,1.2,2800,36,2,2,4793,4,30,1,5,0,0,5,0,0,0,1,2,998,4
1,1.2,2800,37,1,2,4793,5,30,1,5,0,0,5,0,0,0,1,2,0,0
1,1.2,2800,38,2,2,6483,2,30,1,5,0,0,5,0,0,0,1,2,0,0
1,1.1,2800,41,1,2,6483,3,30,1,5,0,0,5,0,5,0,4,,,
1,1.2,2801,36,2,2,7951,3,30,1,5,0,0,5,0,0,0,1,2,3.87,4
1,1.1,2801,37,2,2,9177,2,30,1,1,1,5,5,0,0,0,1,,,
1,1.1,2801,38,2,2,6599,3,33,,,,,,,,,,2,0,0
1,1.2,2801,39,2,2,7951,4,30,1,5,0,5,5,0,0,0,1,2,0,0
1,1.2,2801,40,1,2,7951,5,30,1,5,0,0,5,0,0,5,3,2,0,0
1,1.2,2801,41,1,2,8853,3,33,1,5,0,0,5,0,5,0,2,2,0,0
1,1.1,2801,42,2,2,8314,3,30,1,1,6,0,1,1,0,5,1,,,
1,1.1,2801,43,1,2,8314,4,30,1,1,6,5,1,1,0,5,1,,,
1,1.1,2801,44,1,2,7450,3,35,1,1,5,0,1,1,0,0,1,,,
1,1.1,2801,45,2,2,8314,5,30,1,1,6,0,1,1,0,0,3,,,
1,1.1,2801,46,2,2,8201,3,30,1,0,0,0,0,0,0,0,5,,,
1,1.1,2801,48,2,2,8201,4,30,1,0,0,0,0,0,0,0,0,,,
1,1.1,2801,49,1,2,8853,5,30,1,0,0,0,0,0,0,0,0,,,
1,1.1,2801,193,1,3,7996,3,30,1,5,0,5,5,0,5,0,2,,,
1,1.2,2802,32,1,2,455,4,30,1,1,2,0,5,0,0,5,2,2,3,4
1,1.2,2802,33,1,2,455,5,30,1,5,0,0,5,0,0,0,3,2,0,0
1,1.1,2802,34,1,2,701,3,30,1,5,0,0,5,0,5,0,5,,,
1,1.1,2802,35,1,2,701,4,30,1,5,0,5,5,0,5,0,4,,,
1,1.2,2805,32,2,2,9307,3,30,1,1,1,0,5,0,0,5,1,2,3.5,4
1,1.2,2805,33,1,2,8234,2,30,1,1,5,5,1,1,5,0,0,2,0,0
1,1.2,2805,34,2,2,9307,4,30,1,1,3,0,1,1,0,0,1,2,0,0
1,1.1,2805,35,2,2,9307,5,30,1,5,0,0,1,5,0,0,2,,,
1,1.2,2827,33,2,2,6239,2,30,1,5,0,0,5,0,0,0,1,2,2.69,4
1,1.1,2827,34,2,2,8461,3,30,1,1,4,5,5,0,0,5,1,,,
1,1.1,2828,33,1,2,7265,2,30,1,5,0,5,5,0,0,0,1,,,
1,1.1,2831,35,1,2,4910,4,60,1,5,0,5,5,0,0,0,0,,,
1,1.2,2838,35,1,2,2741,4,30,1,1,6,0,1,1,1,0,1,2,2.5,4
1,1.1,2845,41,2,2,7914,3,30,1,1,4,0,1,1,0,0,1,,,
1,1.1,2845,42,2,2,7914,4,30,1,1,2,0,5,0,0,0,5,,,
1,1.1,2845,43,2,2,5081,4,30,1,0,0,0,0,0,0,0,2,,,
1,1.2,2846,31,2,2,2530,2,30,1,1,5,5,1,1,5,5,2,2,0,0
1,1.2,2847,44,2,2,4894,3,30,1,5,0,0,5,0,5,0,1,2,3.5,4
1,1.2,2847,45,2,2,9165,2,30,1,5,0,0,1,5,0,5,2,2,0,0
1,1.2,2848,45,1,2,9001,3,30,1,1,6,5,5,0,0,0,1,2,998,4
1,1.2,2848,47,1,2,6022,2,30,1,5,0,0,5,0,0,0,1,2,998,98
1,1.1,2848,48,1,2,4700,3,30,1,5,0,5,1,1,0,0,1,,,
1,1.1,2848,49,2,2,4700,4,30,1,1,5,0,1,1,0,0,1,,,
1,1.1,2848,50,1,2,7589,2,30,1,1,5,0,5,0,0,5,2,,,
1,1.2,2848,51,1,2,6022,3,30,1,5,0,0,5,0,0,0,1,2,0,0
1,1.2,2848,52,1,2,6022,4,30,1,5,0,0,5,0,0,0,1,2,0,0
1,1.1,2848,53,1,2,4700,5,30,1,5,0,0,5,0,0,0,2,,,
1,1.1,2848,54,1,2,7589,3,30,1,1,4,0,5,0,0,5,2,,,
1,1.1,2848,56,2,2,5635,3,30,1,0,0,0,0,0,0,0,2,,,
1,1.1,2848,59,2,2,5635,5,30,1,0,0,0,0,0,0,0,1,,,
1,1.1,2848,60,1,2,5635,7,30,1,0,0,0,0,0,0,0,0,,,
1,1.1,2849,33,1,2,3820,2,30,1,0,0,0,0,0,0,0,3,,,
1,1.2,2850,32,2,2,190,3,30,1,1,1,5,5,0,5,0,1,2,4,5
1,1.1,2851,37,1,2,8868,2,30,1,5,0,0,5,0,5,5,5,,,
1,1.1,2851,39,2,2,8868,3,30,1,0,0,0,0,0,0,0,5,,,
1,1.1,2852,60,1,2,7734,3,30,1,1,1,0,5,0,0,0,1,,,
1,1.2,2852,61,2,2,6696,3,33,1,5,0,0,5,0,5,0,1,2,998,4
1,1.2,2852,62,1,2,6394,3,30,1,1,1,0,5,0,0,0,1,2,3,4
1,1.2,2852,63,2,2,7406,2,30,1,5,0,0,5,0,0,0,1,2,3,4
1,1.1,2852,64,1,2,7734,4,30,1,1,2,0,5,0,5,0,1,,,
1,1.2,2852,65,2,2,7406,3,30,1,1,1,0,5,0,0,0,1,2,997,4
1,1.2,2852,68,1,2,5956,3,30,1,1,2,0,5,0,0,0,1,2,0,0
1,1.2,2852,72,1,2,5956,4,30,1,1,5,0,5,0,0,0,2,2,0,0
1,1.2,2852,73,1,2,7586,3,30,1,1,3,0,5,0,0,0,5,2,0,0
1,1.1,2852,74,2,2,7521,4,60,1,1,3,0,5,0,0,0,3,,,
1,1.1,2852,76,1,2,7541,3,30,1,0,0,0,0,0,0,0,2,,,
1,1.1,2852,77,2,2,7586,4,30,1,0,0,0,0,0,0,0,3,,,
1,1.1,2852,78,1,2,6313,3,30,1,0,0,0,0,0,0,0,4,,,
1,1.1,2852,79,1,2,7541,4,30,1,0,0,0,0,0,0,0,2,,,
1,1.1,2852,80,2,2,7541,5,30,1,0,0,0,0,0,0,0,2,,,
1,1.1,2852,81,1,2,7181,3,30,1,0,0,0,0,0,0,0,5,,,
1,1.1,2852,82,2,2,5956,7,30,1,0,0,0,0,0,0,0,0,,,
1,1.1,2852,84,2,2,6313,4,30,1,0,0,0,0,0,0,0,0,,,
1,1.2,2860,35,2,2,6540,3,30,1,1,5,0,1,1,5,0,2,2,0,0
1,1.2,2860,36,1,2,6540,4,30,1,1,5,0,1,1,5,0,3,2,0,0
1,1.1,2860,37,1,2,6540,5,30,1,1,3,0,5,0,5,0,4,,,
1,1.1,2875,36,1,2,1214,2,30,1,0,0,0,0,0,0,0,0,,,
1,1.2,2876,33,2,2,1392,5,30,1,5,0,5,5,0,0,0,1,2,0,0
1,1.2,2876,171,1,3,1392,4,30,1,1,2,0,5,0,0,0,1,2,2.2,4
1,1.1,2881,40,2,2,2731,4,65,1,0,0,0,0,0,0,0,3,,,
1,1.2,2881,177,2,3,1861,2,30,1,1,3,0,5,0,5,5,1,2,3.5,8.5
1,1.2,2881,178,2,3,1861,3,30,1,5,0,0,5,0,0,5,0,2,2.3,4
1,1.2,2881,179,1,3,1861,4,30,1,1,4,0,5,0,0,5,0,2,0,0
1,1.2,2882,35,1,2,4908,3,30,1,1,6,0,1,1,1,5,5,2,0,0
1,1.2,2882,36,2,2,4908,4,30,1,1,5,0,1,1,1,0,5,2,0,0
1,1.2,2882,37,1,2,4908,5,30,1,1,6,0,1,1,1,0,5,2,0,0
1,1.1,2882,38,1,2,4908,6,30,1,0,0,0,0,0,0,0,5,,,
1,1.1,2882,39,2,2,4908,7,30,1,0,0,0,0,0,0,0,0,,,
1,1.1,2882,40,1,2,9480,3,30,1,0,0,0,0,0,0,0,2,,,
1,1.2,2885,36,1,2,8886,3,30,1,1,1,0,5,0,0,0,1,2,0,0
1,1.1,2885,37,2,2,8886,4,30,1,1,5,0,1,1,0,0,1,,,
1,1.1,2885,38,1,2,8886,5,30,1,1,1,0,5,0,0,0,2,,,
1,1.1,2887,37,2,2,1481,3,30,1,5,0,0,1,1,0,0,2,,,
1,1.1,2887,38,2,2,1481,4,30,1,5,0,0,1,5,0,0,2,,,
1,1.2,2890,32,1,2,6537,3,30,1,1,2,0,5,0,0,0,0,2,0,0
1,1.1,2890,33,2,2,6128,3,30,1,5,0,0,5,0,0,0,1,,,
1,1.1,2890,34,1,2,6537,4,30,1,1,3,0,5,0,0,0,0,,,
1,1.1,2890,35,2,2,6128,4,30,1,5,0,0,5,0,0,0,1,,,
1,1.1,2890,36,2,2,6128,5,30,1,0,0,0,0,0,0,0,1,,,
1,1.2,2892,30,1,2,526,3,30,1,5,0,0,5,0,5,5,1,2,3.28,4
1,1.1,2892,31,1,2,526,4,30,1,5,0,0,5,0,5,5,8,,,
1,1.1,2895,35,2,2,7338,3,30,1,1,3,5,5,0,0,0,2,,,
1,1.1,2895,36,1,2,7338,4,30,1,0,0,0,0,0,0,0,0,,,
1,1.2,2897,40,2,2,2997,6,30,1,5,0,0,5,0,0,0,3,2,3.5,4
1,1.1,2897,45,1,2,3379,3,35,1,5,0,0,5,0,0,0,0,,,
1,1.1,2897,46,2,2,3379,4,30,1,0,0,0,0,0,0,0,0,,,
1,1.1,2897,47,1,2,3181,3,30,1,0,0,0,0,0,0,0,2,,,
1,1.1,2897,48,2,2,2910,3,30,1,0,0,0,0,0,0,0,2,,,
1,1.1,2897,49,1,2,3290,3,30,1,0,0,0,0,0,0,0,5,,,
1,1.2,2898,33,2,2,1082,3,30,1,5,0,0,1,5,0,5,3,2,0,0
1,1.1,2898,34,2,2,1082,4,30,1,5,0,0,1,1,0,0,4,,,
1,1.2,2901,32,1,2,9506,3,30,1,1,5,0,5,0,0,0,4,2,0,0
1,1.1,2901,33,1,2,9506,4,30,1,1,2,0,5,0,0,0,4,,,
1,1.1,2901,34,1,2,9506,5,30,1,1,3,0,1,1,0,0,4,,,
1,1.1,2902,36,2,2,6146,3,30,1,5,0,0,1,5,0,5,5,,,
1,1.1,2902,37,1,2,6146,4,30,1,0,0,0,0,0,0,0,0,,,
1,1.2,2907,45,1,2,7191,3,30,1,5,0,0,5,0,0,0,1,2,3,4.5
1,1.2,2907,46,2,2,7191,4,30,1,5,0,0,1,5,0,0,1,2,0,0
1,1.2,2907,48,1,2,7387,2,30,1,5,0,0,5,0,0,0,0,2,0,0
1,1.1,2907,49,2,2,6701,3,30,1,1,6,0,5,0,0,0,2,,,
1,1.1,2907,50,1,2,7191,5,30,1,5,0,0,1,1,0,0,1,,,
1,1.1,2907,51,1,2,7191,6,30,1,5,0,5,5,0,0,0,3,,,
1,1.1,2907,53,1,2,7582,4,30,1,1,4,0,5,0,0,0,1,,,
1,1.1,2907,54,2,2,7387,3,30,1,1,5,0,5,0,0,0,1,,,
1,1.1,2907,55,1,2,7035,2,30,1,0,0,0,0,0,0,0,0,,,
1,1.1,2907,56,2,2,7387,4,30,1,0,0,0,0,0,0,0,1,,,
1,1.1,2907,57,1,2,7035,3,30,1,0,0,0,0,0,0,0,0,,,
1,1.2,2907,197,2,3,7582,3,30,1,1,4,0,5,0,0,0,1,2,3.5,98
1,1.1,2907,201,1,3,7582,5,30,1,1,3,0,5,0,0,0,1,,,
1,1.2,2907,204,1,3,6001,2,60,1,5,0,0,5,0,0,1,0,2,0,0
1,1.1,2907,205,1,3,6001,3,60,1,5,0,0,5,0,0,5,0,,,
1,1.1,2916,33,2,2,9103,2,30,1,0,0,0,0,0,0,0,0,,,
1,1.1,2921,34,2,2,6530,2,30,1,5,0,0,5,0,0,0,1,,,
1,1.1,2921,35,1,2,5167,2,30,1,1,5,0,5,0,0,0,1,,,
1,1.1,2921,36,2,2,5167,3,30,1,0,0,0,0,0,0,0,1,,,
1,1.1,2921,37,1,2,5167,4,30,1,0,0,0,0,0,0,0,1,,,
1,1.2,2924,33,1,2,524,3,30,1,5,0,0,5,0,0,0,1,2,3.8,4
1,1.2,2924,34,1,2,524,4,30,1,5,0,0,5,0,0,0,4,2,997,98
1,1.2,2924,35,1,2,524,5,30,1,5,0,0,5,0,0,0,4,2,0,0
1,1.1,3006,30,2,2,1073,3,30,1,0,0,0,0,0,0,0,0,,,
1,1.1,3007,30,2,2,9329,3,30,1,1,3,0,1,5,0,0,2,,,
1,1.1,3007,31,2,2,9329,4,30,1,1,2,0,5,0,0,0,2,,,
1,1.1,3009,30,1,2,496,3,30,1,1,5,0,1,1,0,0,2,,,
1,1.1,3009,31,2,2,496,4,30,1,0,0,0,0,0,0,0,1,,,
1,1.1,3010,32,2,2,1916,3,30,1,0,0,0,0,0,0,0,2,,,
1,1.1,3021,30,2,2,5707,3,30,1,1,2,0,1,5,0,0,2,,,
1,1.2,3028,170,2,3,1132,2,30,1,5,0,0,5,0,0,0,1,2,3.7,4
1,1.1,3032,30,2,2,276,2,30,1,1,3,5,1,5,0,0,2,,,
1,1.1,3034,32,1,2,5221,3,30,1,0,0,0,0,0,0,0,0,,,
1,1.1,3053,30,1,2,860,3,30,1,1,2,0,1,5,0,0,0,,,
1,1.1,3053,31,2,2,786,3,30,1,1,5,0,5,0,0,0,3,,,
1,1.1,3056,30,2,2,6114,2,30,1,5,0,0,5,0,0,0,0,,,
1,1.2,3057,32,1,2,5294,3,30,1,1,2,0,1,1,0,0,1,2,3,98
1,1.1,3058,31,1,2,7023,2,30,1,1,3,0,5,0,0,0,1,,,
1,1.1,3058,33,1,2,7088,4,30,1,5,0,0,1,1,0,0,1,,,
1,1.2,3062,30,1,2,8569,2,30,1,5,0,5,5,0,0,0,5,2,998,98
1,1.1,3063,30,1,2,1456,3,30,1,0,0,0,0,0,0,0,3,,,
1,1.1,3063,31,2,2,1385,3,30,1,0,0,0,0,0,0,0,0,,,
1,1.1,3063,33,1,2,1385,5,30,1,0,0,0,0,0,0,0,0,,,
1,1.1,3065,30,1,2,958,3,30,1,1,2,0,5,0,0,0,1,,,
1,1.1,3065,31,2,2,958,4,30,1,1,2,0,1,5,0,0,1,,,
1,1.1,3073,30,1,2,2610,4,30,1,1,5,0,1,5,0,0,1,,,
1,1.1,3078,31,1,2,2135,3,30,1,1,4,0,1,1,5,1,1,,,
1,1.1,3078,32,1,2,2205,3,30,1,1,6,0,1,1,5,5,1,,,
1,1.2,3078,33,1,2,2135,4,30,1,1,5,5,1,1,0,0,1,2,0,0
1,1.1,3078,34,2,2,2205,5,30,1,1,5,0,5,0,5,0,1,,,
1,1.1,3085,30,2,2,4305,3,30,1,1,6,0,1,1,0,0,4,,,
1,1.1,3085,31,1,2,4305,4,30,1,0,0,0,0,0,0,0,5,,,
1,1.2,3088,30,1,2,3710,3,30,1,5,0,5,5,0,0,5,5,2,0,0
1,1.2,3088,31,1,2,3710,4,30,1,5,0,5,5,0,0,5,5,2,0,0
1,1.1,3091,30,2,2,1068,3,30,1,0,0,0,0,0,0,0,1,,,
1,1.1,3091,31,2,2,1068,4,30,1,0,0,0,0,0,0,0,0,,,
1,1.2,3095,32,1,2,2093,3,30,1,1,3,0,5,0,0,0,5,2,4,6
1,1.2,3095,33,2,2,1616,3,35,1,5,0,0,5,0,0,0,2,2,0,0
1,1.1,3095,36,2,2,1616,4,30,1,5,0,0,5,0,0,0,0,,,
1,1.1,3095,37,2,2,2093,4,30,1,5,0,0,1,5,0,0,0,,,
1,1.1,3095,39,2,2,1616,5,30,1,0,0,0,0,0,0,0,0,,,
1,1.1,3098,31,2,2,2786,2,30,1,5,0,0,5,0,0,0,2,,,
1,1.1,3105,30,2,2,2634,2,30,1,1,5,0,1,1,0,0,2,,,
1,1.1,3105,31,1,2,2634,3,30,1,0,0,0,0,0,0,0,2,,,
1,1.1,3105,32,2,2,2185,3,30,1,0,0,0,0,0,0,0,0,,,
1,1.1,3108,30,2,2,4004,3,30,1,1,5,0,5,0,0,0,2,,,
1,1.1,3108,31,1,2,4004,4,30,1,1,2,0,5,0,5,0,2,,,
1,1.1,3110,30,1,2,2883,7,65,1,0,0,0,0,0,0,0,4,,,
1,1.1,3111,31,1,2,8154,4,30,1,1,2,5,5,0,0,0,1,,,
1,1.1,3115,30,1,2,5633,3,30,1,0,0,0,0,0,0,0,2,,,
1,1.1,3115,31,2,2,5633,4,30,1,0,0,0,0,0,0,0,1,,,
1,1.2,3131,30,2,2,3670,3,30,1,5,0,0,1,5,1,0,0,2,0,0
1,1.2,3133,32,1,2,3360,5,30,1,5,0,0,5,0,0,0,5,2,2.9,4.5
1,1.1,3133,33,1,2,3210,3,30,1,1,6,5,5,0,0,0,0,,,
1,1.1,3133,34,2,2,3210,4,30,1,0,0,0,0,0,0,0,0,,,
1,1.2,3137,32,1,2,7565,2,30,1,1,6,0,1,1,0,0,1,2,2.9,5
1,1.2,3137,33,1,2,7498,3,30,1,5,0,0,5,0,0,5,1,2,3.5,4.5
1,1.1,3141,31,2,2,1883,3,30,1,0,0,0,0,0,0,0,0,,,
1,1.1,3142,30,1,2,3522,3,30,1,0,0,0,0,0,0,0,0,,,
1,1.1,3143,31,2,2,1253,3,30,1,5,0,5,5,0,0,0,4,,,
1,1.1,3143,32,1,2,1253,4,30,1,5,0,0,5,0,0,5,5,,,
1,1.1,3143,33,2,2,667,2,30,1,0,0,0,0,0,0,0,5,,,
1,1.1,3143,34,1,2,667,3,30,1,0,0,0,0,0,0,0,5,,,
1,1.2,3147,32,2,2,8337,3,35,1,1,5,0,5,0,0,0,1,2,2.8,4
1,1.2,3147,33,2,2,8801,4,30,1,1,5,0,1,1,0,0,5,2,4,98
1,1.2,3147,34,2,2,8801,5,30,1,1,2,0,5,0,0,0,3,2,2.8,4
1,1.1,3147,35,2,2,8337,4,30,1,0,0,0,0,0,0,0,1,,,
1,1.1,3155,32,2,2,2640,4,30,1,5,0,0,1,5,0,0,2,,,
1,1.1,3155,172,2,3,2640,3,30,1,5,0,5,1,5,0,0,2,,,
1,1.1,3162,30,1,2,3786,3,30,1,1,2,0,1,1,0,0,1,,,
1,1.1,3162,31,2,2,3786,4,30,1,0,0,0,0,0,0,0,1,,,
1,1.1,3166,30,2,2,2423,3,30,1,0,0,0,0,0,0,0,0,,,
1,1.1,3171,30,2,2,5723,3,30,1,5,0,5,5,0,0,0,2,,,
1,1.1,3171,31,2,2,5723,4,30,1,5,0,0,5,0,0,0,3,,,
1,1.1,3171,35,1,2,5723,5,30,1,0,0,0,0,0,0,0,5,,,
1,1.2,3172,30,1,2,892,4,30,1,1,3,0,5,0,0,5,1,2,3.7,4.9
1,1.1,3172,31,2,2,764,3,33,1,1,5,0,5,0,0,0,2,,,
1,1.1,3172,32,1,2,764,4,33,1,1,4,5,5,0,0,0,1,,,
1,1.1,3172,33,1,2,892,5,30,1,1,3,0,5,0,0,5,1,,,
1,1.1,3172,34,1,2,764,5,30,1,1,3,0,5,0,0,0,2,,,
1,1.2,3172,171,2,3,892,3,30,1,1,6,0,1,1,0,5,1,2,998,4
1,1.1,3173,31,1,2,6154,5,60,1,1,6,5,1,1,0,0,1,,,
1,1.1,3173,32,1,2,6154,6,60,1,1,6,5,1,1,0,0,1,,,
1,1.2,3176,32,1,2,3387,2,30,1,1,5,0,1,1,0,0,5,2,0,0
1,1.1,3177,30,1,2,3418,3,30,1,1,2,0,5,0,0,0,1,,,
1,1.1,3179,31,2,2,1981,4,30,1,0,0,0,0,0,0,0,5,,,
1,1.1,3179,178,1,3,1981,3,30,1,1,3,0,5,0,0,0,2,,,
1,1.2,3190,30,1,2,4322,3,30,1,5,0,0,5,0,0,0,1,2,2.6,4
1,1.2,3190,31,1,2,4322,4,30,1,5,0,0,5,0,0,0,1,2,0,0
1,1.2,3191,30,2,2,5464,2,30,1,5,0,0,5,0,0,0,1,2,3.3,4
1,1.2,3193,32,1,2,6939,3,33,1,1,4,0,5,0,0,5,4,2,3.8,4.5
1,1.2,3193,33,1,2,5096,4,30,1,5,0,0,5,0,0,0,1,2,2.7,5
1,1.2,3193,34,1,2,5096,5,30,1,5,0,0,5,0,0,0,1,2,0,0
1,1.1,3194,31,2,2,8323,3,60,1,0,0,0,0,0,0,0,5,,,
1,1.1,3194,173,1,3,8665,4,30,1,5,0,0,5,0,0,5,2,,,
1,1.1,3194,174,1,3,8665,5,30,1,0,0,0,0,0,0,0,2,,,
1,1.2,3195,32,2,2,9023,3,30,1,1,5,0,5,0,0,5,1,2,998,98
1,1.2,3195,33,1,2,9023,4,30,1,1,6,0,1,1,0,0,5,2,0,0
1,1.1,3195,35,1,2,4957,3,30,1,1,4,0,5,0,0,0,5,,,
1,1.1,3195,37,2,2,4957,4,30,1,0,0,0,0,0,0,0,1,,,
1,1.1,3196,31,2,2,8386,3,30,1,0,0,0,0,0,0,0,5,,,
1,1.1,3196,32,2,2,7536,6,60,1,0,0,0,0,0,0,0,0,,,
1,1.2,3199,30,2,2,2175,4,30,1,1,1,0,5,0,0,0,1,2,3,4
1,1.2,3199,31,2,2,2175,5,30,1,5,0,0,5,0,0,0,1,2,0,0
1,1.1,3199,32,1,2,2175,6,30,1,1,6,5,5,0,0,0,5,,,
1,1.1,3200,30,2,2,1440,3,35,1,5,0,5,5,0,0,0,5,,,
1,1.1,3200,31,1,2,1440,4,30,1,0,0,0,0,0,0,0,0,,,
1,1.1,3200,32,1,2,2863,3,30,1,0,0,0,0,0,0,0,0,,,
1,1.1,3200,33,1,2,1440,5,30,1,0,0,0,0,0,0,0,0,,,
1,1.1,3200,34,2,2,2863,4,30,1,0,0,0,0,0,0,0,0,,,
1,1.2,3201,31,1,2,2733,2,30,1,1,6,0,1,1,5,1,1,2,998,98
1,1.2,3201,32,2,2,1597,4,30,1,1,2,0,1,5,0,0,1,2,998,98
1,1.2,3201,33,1,2,2733,3,30,1,5,0,0,5,0,0,0,1,2,998,98
1,1.2,3201,34,1,2,2733,4,30,1,1,6,0,5,0,0,0,1,2,0,0
1,1.1,3201,35,1,2,1597,5,30,1,1,1,0,5,0,0,5,0,,,
1,1.1,3201,36,2,2,2733,5,30,1,5,0,0,5,0,0,0,1,,,
1,1.2,3203,30,2,2,922,3,33,1,5,0,0,5,0,0,1,2,2,0,0
1,1.1,3203,31,2,2,922,4,30,1,0,0,0,0,0,0,0,4,,,
1,1.1,3203,32,1,2,922,5,30,1,0,0,0,0,0,0,0,0,,,
1,1.2,3207,31,1,2,460,2,30,1,5,0,0,5,0,0,5,1,2,2,4
1,1.2,3207,32,1,2,239,2,30,1,5,0,0,5,0,0,0,1,2,0,0
1,1.1,3207,33,2,2,239,3,30,1,0,0,0,0,0,0,0,1,,,
1,1.2,3208,31,2,2,7319,3,30,1,5,0,0,5,0,0,0,2,2,2.7,4
1,1.2,3211,170,2,3,3625,5,30,1,1,6,0,1,1,0,0,2,2,3,4
1,1.2,3217,31,2,2,7494,4,33,1,1,2,5,5,0,0,5,2,2,998,4.6
1,1.1,3218,30,2,2,893,3,30,1,5,0,5,1,1,5,0,2,,,
1,1.1,3221,30,1,2,3499,3,30,1,0,0,0,0,0,0,0,4,,,
1,1.1,3221,31,1,2,3729,3,30,1,0,0,0,0,0,0,0,0,,,
1,1.2,3225,30,2,2,4138,3,30,1,1,3,0,1,1,0,0,4,2,0,0
1,1.1,3225,33,1,2,4138,4,30,1,1,2,0,5,0,0,0,4,,,
1,1.2,3226,30,1,2,2684,3,30,1,1,5,0,5,0,5,0,1,2,3.88,4
1,1.2,3226,31,2,2,2684,4,30,1,1,5,0,5,0,0,0,1,2,3.9,4
1,1.1,3227,31,1,2,3450,3,30,1,5,0,0,5,0,0,0,5,,,
1,1.1,3227,32,1,2,3450,4,30,1,0,0,0,0,0,0,0,5,,,
1,1.1,3228,30,1,2,1933,3,30,1,1,2,0,5,0,0,0,5,,,
1,1.1,3228,31,1,2,1933,4,30,1,0,0,0,0,0,0,0,0,,,
1,1.1,3230,30,2,2,3616,3,30,1,1,2,0,1,5,0,0,2,,,
1,1.1,3230,31,1,2,3616,4,30,1,0,0,0,0,0,0,0,2,,,
1,1.2,3231,31,1,2,3719,5,30,1,1,1,0,1,1,5,0,5,2,0,0
1,1.2,3232,30,2,2,2058,3,30,1,5,0,0,5,0,0,0,4,2,0,0
1,1.2,3232,31,1,2,2058,5,30,1,5,0,5,5,0,0,0,5,2,0,0
1,1.1,3232,32,1,2,2046,3,30,1,1,1,0,5,0,0,5,4,,,
1,1.1,3232,33,2,2,2058,6,30,1,5,0,0,5,0,0,5,2,,,
1,1.1,3232,34,1,2,2046,4,30,1,1,3,5,1,1,0,0,3,,,
1,1.1,3232,35,2,2,2058,7,30,1,0,0,0,0,0,0,0,0,,,
1,1.1,3235,30,1,2,3547,3,30,1,5,0,5,5,0,0,0,1,,,
1,1.2,3235,32,2,2,3636,3,30,1,1,5,0,1,1,0,0,0,2,0,0
1,1.1,3235,35,1,2,3636,4,30,1,0,0,0,0,0,0,0,0,,,
1,1.1,3235,36,2,2,3752,3,30,1,0,0,0,0,0,0,0,0,,,
1,1.2,3236,30,1,2,1882,2,30,1,5,0,0,5,0,0,5,1,2,998,4
1,1.1,3236,32,1,2,2542,3,30,1,5,0,5,1,5,0,0,1,,,
1,1.1,3236,35,2,2,2762,3,35,1,1,4,0,5,0,0,0,2,,,
1,1.1,3236,36,1,2,2617,6,33,1,5,0,0,5,0,0,1,1,,,
1,1.1,3236,37,1,2,2632,4,60,1,0,0,0,0,0,0,0,0,,,
1,1.1,3236,38,1,2,2632,5,60,1,0,0,0,0,0,0,0,0,,,
1,1.1,3237,31,2,2,7128,3,33,1,5,0,0,5,0,5,0,1,,,
1,1.1,3237,33,1,2,7128,4,33,1,5,0,0,5,0,0,0,1,,,
1,1.1,3237,34,2,2,8980,5,30,1,5,0,5,5,0,0,0,2,,,
1,1.1,3237,38,1,2,6457,3,30,1,1,1,0,5,0,0,0,5,,,
1,1.2,3237,39,1,2,4779,3,30,1,5,0,0,5,0,0,0,3,2,0,0
1,1.1,3237,40,1,2,7128,5,30,1,5,0,0,5,0,0,0,1,,,
1,1.1,3237,41,1,2,4779,4,30,1,0,0,0,0,0,0,0,2,,,
1,1.1,3237,43,1,2,7772,4,30,1,0,0,0,0,0,0,0,0,,,
1,1.2,3240,30,2,2,9272,3,30,1,5,0,0,5,0,0,0,2,2,2.3,4
1,1.2,3240,31,1,2,9272,4,30,1,5,0,0,5,0,0,0,1,2,2.7,3.7
1,1.1,3240,34,2,2,4824,3,30,1,0,0,0,0,0,0,0,2,,,
1,1.1,3240,35,2,2,4824,4,30,1,0,0,0,0,0,0,0,2,,,
1,1.2,3242,31,1,2,600,3,30,1,1,5,0,1,1,0,0,1,2,3.2,4
1,1.1,3242,32,1,2,600,4,30,1,1,3,0,1,1,0,0,4,,,
1,1.1,3242,33,2,2,1286,4,60,1,5,0,0,5,0,0,5,4,,,
1,1.1,3243,31,1,2,1682,4,30,1,1,3,0,5,0,0,0,2,,,
1,1.1,3243,33,1,2,1682,5,30,1,1,5,0,5,0,0,0,3,,,
1,1.2,3245,30,1,2,1072,3,30,1,1,1,0,5,0,0,0,2,2,0,0
1,1.1,3245,171,1,3,1072,4,30,1,1,1,0,5,0,0,0,5,,,
1,1.2,3247,30,1,2,2249,3,30,1,1,6,0,1,1,0,0,2,2,0,0
1,1.2,3247,31,1,2,2249,4,30,1,1,6,0,1,1,0,0,4,2,0,0
1,1.1,3250,30,1,2,2070,2,30,1,1,4,0,5,0,0,0,1,,,
1,1.1,3250,31,1,2,2070,3,30,1,1,3,0,5,0,0,0,0,,,
1,1.2,3252,30,1,2,7413,2,30,1,5,0,0,5,0,0,0,2,2,2.5,4
1,1.1,3252,33,2,2,7413,3,30,1,5,0,0,5,0,0,0,2,,,
1,1.2,3258,30,2,2,1482,4,30,1,5,0,0,5,0,0,0,1,2,0,0
1,1.1,3258,31,1,2,2451,6,60,1,0,0,0,0,0,0,0,0,,,
1,1.2,3258,171,1,3,1482,3,30,1,5,0,0,5,0,0,5,3,2,0,0
1,1.1,3261,30,1,2,5985,4,30,1,1,6,0,5,0,0,0,1,,,
1,1.1,3261,31,2,2,5985,5,30,1,1,1,5,5,0,0,0,2,,,
1,1.1,3262,32,1,2,4493,6,60,,,,,,,,,,2,2.5,4.2
1,1.2,3262,33,2,2,4227,3,30,1,5,0,0,5,0,0,0,1,2,998,4
1,1.1,3262,34,2,2,4227,4,30,1,5,0,0,1,1,0,0,1,,,
1,1.2,3263,31,2,2,1898,2,30,1,1,1,5,1,1,5,5,1,2,0,0
1,1.1,3263,32,2,2,1855,3,30,1,1,2,0,1,5,5,0,2,,,
1,1.1,3263,33,1,2,1855,4,30,1,0,0,0,0,0,0,0,1,,,
1,1.2,3268,31,2,2,2016,3,30,1,5,0,0,5,0,0,0,1,2,3.5,4
1,1.2,3268,32,1,2,2016,4,30,1,1,4,0,5,0,0,0,3,2,0,0
1,1.2,3272,33,2,2,7916,3,30,1,1,5,5,5,0,0,5,1,2,999,99
1,1.2,3272,34,2,2,7916,4,30,1,1,3,5,5,0,0,5,1,2,0,0
1,1.1,3272,35,2,2,7916,5,30,1,1,3,5,5,0,0,0,0,,,
1,1.1,3281,30,2,2,2370,3,30,1,1,3,0,5,0,0,0,0,,,
1,1.1,3281,31,1,2,2370,4,30,1,0,0,0,0,0,0,0,0,,,
1,1.1,3281,32,2,2,1715,3,30,1,0,0,0,0,0,0,0,0,,,
1,1.1,3281,34,2,2,1715,4,30,1,0,0,0,0,0,0,0,0,,,
1,1.2,3285,31,2,2,7428,3,30,1,5,0,0,5,0,0,0,2,2,998,4
1,1.1,3285,174,1,3,7428,4,30,1,5,0,0,5,0,0,5,2,,,
1,1.1,3287,33,1,2,5435,3,30,1,5,0,0,5,0,0,0,1,,,
1,1.1,3287,36,1,2,5435,4,30,1,5,0,0,5,0,0,0,2,,,
1,1.1,3291,30,2,2,897,3,30,1,5,0,0,5,0,0,0,5,,,
1,1.1,3291,31,1,2,897,4,30,1,0,0,0,0,0,0,0,5,,,
1,1.2,3297,30,2,2,2114,2,30,1,5,0,0,5,0,0,0,1,2,0,0
1,1.2,3297,31,2,2,2114,3,30,1,5,0,0,5,0,0,0,1,2,0,0
1,1.2,3303,32,1,2,2108,4,30,1,5,0,0,5,0,5,0,1,2,998,98
1,1.2,3303,36,2,2,2207,3,30,1,1,5,0,5,0,0,0,4,2,0,0
1,1.1,3312,30,2,2,9152,3,30,1,1,2,5,5,0,0,0,1,,,
1,1.1,3316,31,2,2,910,4,30,1,1,5,0,5,0,5,5,1,,,
1,1.2,3316,32,1,2,480,3,30,1,5,0,0,5,0,0,5,1,2,998,4.8
1,1.2,3316,33,2,2,480,4,30,1,5,0,5,5,0,5,5,1,2,0,0
1,1.1,3316,35,1,2,910,5,30,1,1,5,0,1,1,0,0,2,,,
1,1.2,3320,30,2,2,730,2,30,1,5,0,5,1,5,0,0,1,2,3.9,4
1,1.2,3323,30,2,2,2615,3,30,1,5,0,0,1,5,0,0,1,2,2,4.5
1,1.1,3327,174,2,3,8897,3,30,1,0,0,0,0,0,0,0,0,,,
1,1.1,3327,175,2,3,8897,4,30,1,0,0,0,0,0,0,0,0,,,
1,1.1,3332,31,1,2,5111,3,30,1,1,2,5,5,0,0,0,2,,,
1,1.1,3332,32,1,2,5111,4,30,1,0,0,0,0,0,0,0,4,,,
1,1.1,3332,34,2,2,5111,5,30,1,0,0,0,0,0,0,0,0,,,
1,1.1,3333,31,2,2,8246,4,30,1,1,4,0,1,1,0,0,0,,,
1,1.1,3340,31,1,2,4144,4,30,1,1,3,0,1,1,0,0,2,,,
1,1.2,3340,32,2,2,4460,3,30,1,5,0,0,5,0,5,0,1,2,998,5
1,1.1,3340,33,2,2,4460,5,30,1,5,0,0,5,0,0,5,1,,,
1,1.2,3341,31,1,2,8611,3,30,1,5,0,0,5,0,0,0,2,2,3.8,4
1,1.2,3341,32,1,2,8611,4,30,1,5,0,0,5,0,0,0,2,2,3.5,4
1,1.1,3341,33,2,2,7956,3,30,1,5,0,0,1,1,0,0,2,,,
1,1.1,3341,34,1,2,7956,4,30,1,5,0,0,5,0,0,0,0,,,
1,1.2,3345,31,2,2,7873,5,30,1,5,0,0,5,0,0,0,0,2,3.6,4
1,1.2,3345,33,2,2,7873,7,30,1,5,0,0,5,0,0,5,2,2,0,0
1,1.1,3345,34,2,2,7873,8,30,1,5,0,0,5,0,0,0,2,,,
1,1.1,3345,35,2,2,7873,9,30,1,5,0,0,5,0,0,0,0,,,
1,1.1,3345,36,2,2,7873,6,30,1,0,0,0,0,0,0,0,0,,,
1,1.2,3347,30,2,2,3395,3,30,1,5,0,0,5,0,0,0,1,2,999,99
1,1.2,3347,31,1,2,3296,2,30,1,1,1,5,5,0,0,0,2,2,0.5,10
1,1.2,3347,32,1,2,3395,4,30,1,1,5,5,5,0,0,0,2,2,0,0
1,1.2,3348,32,1,2,3952,3,33,1,5,0,5,5,0,0,5,2,2,3.1,4
1,1.1,3349,30,1,2,214,5,60,1,5,0,5,5,0,0,0,2,,,
1,1.1,3349,31,2,2,214,6,60,1,0,0,0,0,0,0,0,4,,,
1,1.1,3349,32,2,2,214,7,60,1,0,0,0,0,0,0,0,0,,,
1,1.2,3351,30,1,2,3576,2,30,1,1,6,5,1,1,1,5,1,2,998,98
1,1.1,3351,32,2,2,3600,5,60,1,1,5,0,5,0,0,0,5,,,
1,1.1,3351,33,1,2,3603,3,30,1,1,2,0,5,0,5,5,2,,,
1,1.1,3351,34,1,2,3603,5,30,1,0,0,0,0,0,0,0,0,,,
1,1.1,3355,33,2,2,3905,3,30,1,0,0,0,0,0,0,0,2,,,
1,1.1,3356,34,1,2,5257,4,30,1,5,0,0,5,0,0,0,4,,,
1,1.1,3356,35,1,2,5257,5,30,1,5,0,0,5,0,0,0,4,,,
1,1.2,3359,31,2,2,1638,3,30,1,5,0,0,1,5,0,0,1,2,3.7,5
1,1.2,3359,32,2,2,1638,4,30,1,5,0,0,5,0,0,0,1,2,3.5,4
1,1.1,3359,33,2,2,2283,3,30,1,1,5,0,1,5,1,0,2,,,
1,1.1,3359,34,2,2,2039,3,33,1,1,2,0,5,0,0,0,1,,,
1,1.1,3359,35,2,2,2039,4,30,1,1,5,0,5,0,0,0,1,,,
1,1.1,3359,36,1,2,2039,5,30,1,1,3,0,5,0,0,5,2,,,
1,1.1,3360,30,1,2,1422,3,30,1,5,0,0,5,0,0,0,1,,,
1,1.1,3362,31,1,2,8680,3,30,1,5,0,0,5,0,0,0,2,,,
1,1.2,3362,32,1,2,8680,4,30,1,1,6,0,5,0,0,0,5,2,0,0
1,1.1,3362,33,2,2,8680,5,30,1,0,0,0,0,0,0,0,0,,,
1,1.1,3365,30,1,2,6475,2,30,1,5,0,0,5,0,0,0,1,,,
1,1.1,3365,32,1,2,7188,3,30,1,5,0,0,5,0,0,0,1,,,
1,1.1,3365,36,2,2,7188,4,30,1,0,0,0,0,0,0,0,2,,,
1,1.2,3367,33,2,2,7408,6,30,1,1,2,0,5,0,5,5,4,2,3.5,4
1,1.2,3367,34,1,2,5173,2,30,1,1,6,0,1,1,0,5,2,2,0,0
1,1.1,3367,36,1,2,7408,7,60,1,0,0,0,0,0,0,0,0,,,
1,1.1,3367,37,1,2,5173,3,30,1,0,0,0,0,0,0,0,0,,,
1,1.1,3367,38,1,2,5173,4,30,1,0,0,0,0,0,0,0,0,,,
1,1.2,3368,31,2,2,3725,3,30,1,1,1,0,5,0,0,0,1,2,3.14,4
1,1.2,3368,32,2,2,3477,3,30,1,1,6,0,5,0,0,0,1,2,0,0
1,1.1,3368,33,2,2,3477,4,30,1,1,5,0,5,0,0,0,2,,,
1,1.2,3368,34,1,2,3799,3,30,1,5,0,0,5,0,0,0,2,2,0,0
1,1.1,3368,35,2,2,3477,5,30,1,1,3,0,5,0,0,5,2,,,
1,1.2,3368,36,1,2,3464,3,30,1,5,0,0,5,0,0,0,1,2,0,0
1,1.1,3368,37,1,2,3725,4,30,1,1,3,0,5,0,0,0,0,,,
1,1.1,3368,38,2,2,3464,4,30,1,0,0,0,0,0,0,0,3,,,
1,1.1,3368,39,1,2,3477,7,30,1,0,0,0,0,0,0,0,0,,,
1,1.1,3368,40,2,2,3456,2,30,1,0,0,0,0,0,0,0,4,,,
1,1.1,3368,178,1,3,3477,6,30,1,1,5,0,5,0,0,0,5,,,
1,1.2,3373,31,1,2,2211,5,30,1,5,0,0,5,0,0,0,1,2,3.3,4.5
1,1.1,3374,32,1,2,1125,5,30,1,5,0,0,5,0,0,0,1,,,
1,1.1,3374,34,2,2,1125,6,30,1,5,0,0,5,0,0,0,3,,,
1,1.2,3375,30,2,2,6868,3,30,1,1,2,5,5,0,5,0,1,2,0,0
1,1.1,3375,31,1,2,8841,2,30,1,5,0,0,5,0,0,0,1,,,
1,1.2,3375,32,1,2,6868,4,30,1,1,4,0,1,1,5,0,2,2,0,0
1,1.1,3375,33,2,2,8841,3,30,1,5,0,0,1,1,0,0,1,,,
1,1.2,3377,32,2,2,1305,4,60,1,5,0,0,5,0,0,5,3,2,2.5,3
1,1.1,3377,33,1,2,1268,4,30,1,5,0,0,5,0,0,0,2,,,
1,1.1,3377,35,1,2,1268,5,30,1,1,5,5,1,1,0,0,2,,,
1,1.1,3377,37,1,2,1268,6,30,1,0,0,0,0,0,0,0,4,,,
1,1.1,3377,38,1,2,1268,7,30,1,0,0,0,0,0,0,0,5,,,
1,1.1,3379,35,1,2,4813,3,33,1,1,5,0,5,0,0,5,2,,,
1,1.1,3379,36,1,2,5051,2,30,1,0,0,0,0,0,0,0,4,,,
1,1.1,3379,38,2,2,4813,4,30,1,0,0,0,0,0,0,0,0,,,
1,1.2,3380,30,1,2,980,3,35,1,5,0,0,5,0,0,0,1,2,0,0
1,1.1,3380,31,2,2,980,4,30,1,5,0,0,5,0,5,0,0,,,
1,1.1,3380,32,1,2,980,5,30,1,0,0,0,0,0,0,0,0,,,
1,1.2,3380,171,1,3,1178,4,60,1,1,5,0,5,0,5,0,2,2,0,0
1,1.2,3380,172,2,3,1178,5,60,1,5,0,0,5,0,5,0,2,2,0,0
1,1.2,3381,34,1,2,3213,2,30,1,1,6,0,1,1,0,0,2,2,3,4
1,1.2,3381,35,1,2,3187,4,30,1,1,5,0,1,1,0,0,2,2,0,0
1,1.1,3381,36,2,2,3211,3,30,1,5,0,0,5,0,0,0,1,,,
1,1.2,3381,37,2,2,3264,2,30,1,1,2,0,1,1,0,0,1,2,0,0
1,1.1,3381,38,2,2,3187,5,30,1,5,0,5,5,0,0,0,5,,,
1,1.1,3381,39,2,2,3211,4,30,1,5,0,0,5,0,0,0,5,,,
1,1.1,3381,40,1,2,2921,2,30,1,0,0,0,0,0,0,0,0,,,
1,1.1,3381,41,1,2,3392,3,30,1,0,0,0,0,0,0,0,5,,,
1,1.1,3388,30,1,2,4181,3,30,1,5,0,0,5,0,0,0,5,,,
1,1.2,3394,32,1,2,3342,3,30,1,5,0,0,5,0,0,0,1,2,3.3,5
1,1.2,3394,33,1,2,3342,4,30,1,1,6,0,1,1,0,0,2,2,0,0
1,1.2,3397,30,2,2,2359,2,30,1,5,0,5,1,5,0,0,1,2,0,0
1,1.2,3402,32,2,2,2892,4,30,1,5,0,0,5,0,0,0,2,2,4.3,5
1,1.1,3402,33,1,2,1979,4,33,1,1,3,5,1,1,0,0,1,,,
1,1.1,3402,34,1,2,2892,5,30,1,5,0,0,1,1,0,0,2,,,
1,1.2,3402,171,2,3,2892,3,30,1,5,0,0,5,0,0,0,3,2,3.7,98
1,1.1,3402,176,1,3,2564,4,30,1,1,6,0,5,0,5,5,2,,,
1,1.2,3404,30,2,2,1134,4,30,1,1,3,0,5,0,5,0,1,2,4,5
1,1.2,3404,31,1,2,169,3,30,1,5,0,0,5,0,0,0,0,2,0,0
1,1.1,3404,32,1,2,169,4,30,1,0,0,0,0,0,0,0,0,,,
1,1.1,3405,31,2,2,2891,3,30,1,1,6,0,1,1,5,0,1,,,
1,1.1,3406,30,2,2,9332,3,30,1,1,1,5,5,0,0,0,1,,,
1,1.1,3406,31,2,2,9332,4,30,1,0,0,0,0,0,0,0,1,,,
1,1.1,3407,32,1,2,959,3,30,1,1,1,0,5,0,0,0,1,,,
1,1.1,3408,30,1,2,7963,4,30,1,1,2,0,5,0,0,0,1,,,
1,1.1,3413,30,1,2,2995,3,30,1,1,4,5,5,0,0,0,5,,,
1,1.1,3413,31,2,2,2995,4,30,1,5,0,0,5,0,0,0,5,,,
1,1.1,3413,32,2,2,2995,5,30,1,0,0,0,0,0,0,0,5,,,
1,1.1,3413,33,2,2,3324,3,30,1,0,0,0,0,0,0,0,0,,,
1,1.2,3414,32,1,2,3118,3,30,1,1,5,0,1,1,0,0,4,2,0,0
1,1.1,3414,33,1,2,3118,4,30,1,1,5,0,1,1,0,0,4,,,
1,1.1,3414,34,2,2,3118,5,30,1,0,0,0,0,0,0,0,3,,,
1,1.1,3429,32,2,2,3566,2,30,1,0,0,0,0,0,0,0,1,,,
1,1.1,3429,33,2,2,3566,3,30,1,0,0,0,0,0,0,0,1,,,
1,1.1,3432,32,2,2,8822,4,30,1,1,4,5,1,5,0,0,1,,,
1,1.1,3432,33,2,2,8822,5,30,1,1,5,0,1,5,0,0,2,,,
1,1.1,3434,30,1,2,3788,4,30,1,1,5,0,1,1,0,0,3,,,
1,1.1,3434,33,2,2,3634,3,30,1,0,0,0,0,0,0,0,1,,,
1,1.1,3434,34,2,2,3634,4,30,1,0,0,0,0,0,0,0,1,,,
1,1.1,3434,35,1,2,3694,4,30,1,0,0,0,0,0,0,0,5,,,
1,1.1,3434,170,2,3,3788,3,30,1,5,0,0,5,0,0,0,5,,,
1,1.2,3435,30,1,2,2565,3,30,1,1,1,5,5,0,0,0,2,2,3,4
1,1.2,3435,31,1,2,2565,4,30,1,1,3,5,5,0,0,0,1,2,0,0
1,1.1,3435,32,1,2,2144,3,30,1,5,0,0,5,0,0,0,1,,,
1,1.2,3435,33,1,2,2565,5,30,1,1,4,0,5,0,0,0,1,2,0,0
1,1.2,3437,30,1,2,7524,3,30,1,5,0,0,1,1,0,0,2,2,0,0
1,1.1,3437,31,1,2,5065,2,30,1,0,0,0,0,0,0,0,0,,,
1,1.2,3439,31,1,2,1217,3,30,1,5,0,0,5,0,0,0,1,2,4,4
1,1.2,3439,32,1,2,1217,4,30,1,1,3,0,1,1,0,0,1,2,2,4
1,1.2,3441,31,2,2,4155,5,30,1,5,0,0,5,0,0,0,2,2,0,0
1,1.1,3441,32,1,2,4485,3,30,1,5,0,0,5,0,0,0,2,,,
1,1.1,3441,33,2,2,3919,3,30,1,0,0,0,0,0,0,0,5,,,
1,1.1,3441,34,2,2,4485,4,30,1,0,0,0,0,0,0,0,1,,,
1,1.1,3441,35,2,2,4155,6,60,1,0,0,0,0,0,0,0,1,,,
1,1.1,3441,36,1,2,3919,4,30,1,0,0,0,0,0,0,0,5,,,
1,1.1,3441,37,2,2,4485,5,30,1,0,0,0,0,0,0,0,0,,,
1,1.1,3442,30,2,2,4224,3,30,1,1,3,5,1,1,5,0,5,,,
1,1.1,3445,30,1,2,304,4,30,1,0,0,0,0,0,0,0,0,,,
1,1.2,3451,30,1,2,1127,3,30,1,1,6,0,1,1,0,0,1,2,3.2,5
1,1.2,3453,30,2,2,4159,3,30,1,1,3,0,1,1,0,0,3,2,0,0
1,1.1,3453,31,2,2,4159,4,30,1,5,0,5,5,0,0,0,1,,,
1,1.1,3453,32,1,2,4159,5,30,1,0,0,0,0,0,0,0,1,,,
1,1.2,3459,31,1,2,3281,4,30,1,1,5,0,1,1,0,5,1,2,2.8,4
1,1.1,3459,32,2,2,3366,4,30,1,0,0,0,0,0,0,0,0,,,
1,1.1,3462,31,1,2,1119,6,60,1,5,0,0,5,0,0,0,2,,,
1,1.2,3462,32,2,2,1119,5,30,1,5,0,0,5,0,0,0,1,2,0,0
1,1.1,3464,30,1,2,3637,3,30,1,1,5,5,1,1,0,0,3,,,
1,1.2,3473,30,2,2,4445,3,30,1,5,0,0,5,0,0,0,2,2,2.3,98
1,1.1,3473,31,2,2,3978,2,30,1,5,0,0,5,0,0,0,1,,,
1,1.2,3473,32,2,2,4388,3,35,1,1,5,0,1,1,0,5,1,2,0,0
1,1.1,3473,33,2,2,3978,3,30,1,5,0,0,5,0,0,0,2,,,
1,1.1,3473,34,2,2,4328,4,30,1,5,0,0,5,0,0,0,1,,,
1,1.1,3473,35,1,2,4328,5,30,1,5,0,0,5,0,0,0,1,,,
1,1.1,3473,36,2,2,4445,4,30,1,1,5,5,5,0,0,0,3,,,
1,1.2,3473,173,1,3,4328,3,30,1,5,0,0,5,0,0,0,1,2,3.3,4
1,1.2,3474,30,2,2,2377,4,60,1,5,0,0,5,0,0,0,1,2,3.5,4
1,1.2,3474,31,2,2,2377,5,60,1,1,5,0,5,0,5,0,2,2,0,0
1,1.1,3478,30,1,2,295,3,30,1,5,0,0,5,0,0,5,5,,,
1,1.2,3480,30,2,2,3711,3,30,1,1,2,0,1,5,5,0,1,2,3.5,4
1,1.2,3480,31,1,2,3711,4,30,1,5,0,5,5,0,0,0,4,2,0,0
1,1.1,3489,31,1,2,3536,3,30,1,5,0,0,5,0,0,0,2,,,
1,1.1,3489,32,2,2,3536,4,30,1,5,0,0,5,0,0,0,2,,,
1,1.1,3492,30,1,2,1344,3,30,1,5,0,0,5,0,0,5,1,,,
1,1.1,3492,31,1,2,1344,4,30,1,0,0,0,0,0,0,0,1,,,
1,1.1,3500,34,2,2,5475,3,30,1,0,0,0,0,0,0,0,2,,,
1,1.1,3500,35,1,2,5475,4,30,1,0,0,0,0,0,0,0,2,,,
1,1.1,3508,30,1,2,439,2,30,1,5,0,5,5,0,0,0,0,,,
1,1.1,3508,31,2,2,439,3,30,1,0,0,0,0,0,0,0,0,,,
1,1.2,4001,3,2,1,411,3,33,1,5,0,0,1,5,0,0,0,2,0,0
1,1.2,4001,4,1,1,411,4,30,1,1,5,0,1,1,0,0,0,2,0,0
1,1.1,4001,5,2,1,411,5,30,1,0,0,0,0,0,0,0,0,,,
1,1.1,4004,30,1,2,634,3,30,1,0,0,0,0,0,0,0,5,,,
1,1.1,4006,3,1,1,406,3,30,1,0,0,0,0,0,0,0,0,,,
1,1.1,4007,3,2,1,572,3,30,1,5,0,0,1,1,0,0,5,,,
1,1.2,4009,3,1,1,327,3,30,1,1,2,0,5,0,0,0,2,2,3.9,5
1,1.2,4009,4,1,1,327,4,30,1,1,2,0,1,1,0,5,5,2,0,0
1,1.1,4015,3,1,1,622,3,33,1,1,6,0,1,1,0,0,1,,,
1,1.1,4015,4,2,1,622,4,33,1,1,1,0,5,0,0,0,1,,,
1,1.1,4016,3,2,1,472,3,30,1,0,0,0,0,0,0,0,5,,,
1,1.1,4016,4,2,1,472,4,30,1,0,0,0,0,0,0,0,5,,,
1,1.2,4017,3,2,1,2358,3,30,1,1,6,1,1,5,0,1,2,2,998,4
1,1.2,4017,4,2,1,2358,4,30,1,1,6,0,1,1,0,5,2,2,0,0
1,1.1,4017,5,1,1,2358,5,30,1,0,0,0,0,0,0,0,0,,,
1,1.1,4018,3,2,1,356,3,30,1,1,5,0,5,0,0,0,0,,,
1,1.2,4018,4,2,1,356,4,30,1,5,0,5,5,0,0,5,0,2,0,0
1,1.1,4018,5,1,1,356,5,30,1,0,0,0,0,0,0,0,0,,,
1,1.2,4019,3,2,1,197,3,30,1,1,2,0,1,5,1,0,1,2,4,4
1,1.1,4020,3,2,1,4756,3,30,1,0,0,0,0,0,0,0,0,,,
1,1.1,4021,3,1,1,4711,3,30,1,1,4,5,5,0,0,0,4,,,
1,1.1,4021,4,2,1,4711,4,30,1,0,0,0,0,0,0,0,2,,,
1,1.1,4023,3,2,1,1167,3,30,1,5,0,0,5,0,0,0,0,,,
1,1.1,4023,4,2,1,1167,4,30,1,5,0,0,5,0,0,0,0,,,
1,1.1,4023,5,1,1,1167,5,30,1,0,0,0,0,0,0,0,0,,,
1,1.1,4027,4,1,1,1327,4,30,1,5,0,0,5,0,0,0,2,,,
1,1.1,4027,5,2,1,1327,5,30,1,5,0,0,5,0,0,0,1,,,
1,1.1,4035,3,1,1,963,3,30,1,5,0,0,1,1,0,0,2,,,
1,1.1,4035,30,1,2,963,4,30,1,0,0,0,0,0,0,0,2,,,
1,1.1,4036,3,1,1,2535,3,30,1,0,0,0,0,0,0,0,5,,,
1,1.1,4037,3,2,1,1025,3,30,1,0,0,0,0,0,0,0,0,,,
1,1.1,4038,3,1,1,7206,2,30,1,0,0,0,0,0,0,0,3,,,
1,1.1,4038,4,1,1,7206,3,30,1,0,0,0,0,0,0,0,2,,,
1,1.2,4040,3,1,1,2271,3,33,1,1,3,5,1,1,0,0,5,2,0,0
1,1.1,4040,30,1,2,2271,4,30,1,0,0,0,0,0,0,0,0,,,
1,1.1,4042,3,2,1,614,3,30,1,5,0,0,1,5,0,5,3,,,
1,1.1,4043,3,1,1,556,3,30,1,1,3,0,1,5,0,5,0,,,
1,1.1,4043,4,1,1,556,4,30,1,0,0,0,0,0,0,0,0,,,
1,1.1,4047,3,1,1,2425,3,30,1,1,5,0,1,1,0,0,3,,,
1,1.2,4048,3,2,1,2821,3,30,1,1,5,5,1,1,0,0,0,2,0,0
1,1.2,4048,4,2,1,2821,4,30,1,5,0,5,5,0,0,0,0,2,0,0
1,1.1,4051,3,1,1,2255,3,30,1,0,0,0,0,0,0,0,1,,,
1,1.1,4051,4,2,1,2255,4,30,1,1,5,1,1,1,5,5,1,,,
1,1.1,4051,30,1,2,2255,5,30,1,0,0,0,0,0,0,0,0,,,
1,1.2,4052,3,1,1,2520,3,30,1,1,5,0,1,1,0,0,1,2,4.2,5
1,1.2,4052,4,2,1,2520,4,30,1,1,1,0,1,5,0,0,1,2,0,0
1,1.1,4053,3,1,1,2024,2,30,1,1,5,0,5,0,5,0,1,,,
1,1.1,4053,4,1,1,2024,3,30,1,0,0,0,0,0,0,0,1,,,
1,1.1,4054,2,1,1,1236,2,30,1,5,0,5,1,1,0,5,2,,,
1,1.1,4054,3,1,1,1236,3,30,1,5,0,5,1,1,0,0,2,,,
1,1.1,4060,4,2,1,728,3,30,1,5,0,0,1,5,5,0,1,,,
1,1.2,4062,2,1,1,1256,2,30,1,5,0,0,5,0,0,0,1,2,997,4
1,1.2,4062,3,2,1,1256,3,30,1,5,0,5,5,0,0,1,1,2,0,0
1,1.1,4064,3,2,1,9380,3,30,1,1,4,0,1,1,5,0,1,,,
1,1.1,4064,4,2,1,9380,4,30,1,1,4,5,1,1,0,0,1,,,
1,1.1,4070,3,1,1,2507,3,30,1,1,6,0,1,1,0,0,2,,,
1,1.1,4070,4,1,1,2507,4,30,1,0,0,0,0,0,0,0,4,,,
1,1.2,4073,3,2,1,7139,2,30,1,1,3,0,5,0,0,0,0,2,0,0
1,1.1,4073,4,2,1,7139,3,30,1,0,0,0,0,0,0,0,1,,,
1,1.1,4074,3,1,1,3373,3,30,1,5,0,5,5,0,0,0,5,,,
1,1.2,4077,2,1,1,1289,2,30,1,5,0,0,1,1,0,0,1,2,3.4,4
1,1.1,4077,3,1,1,1289,3,30,1,5,0,0,5,0,0,5,0,,,
1,1.2,4081,3,1,1,2529,3,30,1,5,0,0,5,0,0,0,2,2,3.8,4
1,1.1,4083,3,2,1,1112,3,30,1,0,0,0,0,0,0,0,5,,,
1,1.1,4085,3,2,1,9552,3,30,1,5,0,0,1,1,0,0,4,,,
1,1.1,4085,4,2,1,9552,4,30,1,5,0,5,5,0,0,0,4,,,
1,1.2,4091,3,1,1,1198,3,30,1,1,4,0,5,0,0,0,1,2,4,4
1,1.1,4091,4,1,1,1198,4,30,1,1,6,0,1,1,0,0,3,,,
1,1.1,4094,3,1,1,1292,3,30,1,0,0,0,0,0,0,0,0,,,
1,1.1,4094,4,1,1,1292,4,30,1,5,0,0,5,0,0,0,0,,,
1,1.1,4097,3,2,1,2766,3,30,1,5,0,0,1,5,0,0,2,,,
1,1.1,4097,4,1,1,2766,4,30,1,0,0,0,0,0,0,0,2,,,
1,1.1,4097,5,2,1,2766,5,30,1,0,0,0,0,0,0,0,2,,,
1,1.1,4097,30,2,2,2766,6,30,1,0,0,0,0,0,0,0,0,,,
1,1.2,4098,3,1,1,2378,3,30,1,5,0,5,1,1,0,0,2,2,0,0
1,1.1,4098,4,1,1,2378,4,30,1,5,0,0,5,0,0,0,5,,,
1,1.1,4098,5,2,1,2378,5,30,1,0,0,0,0,0,0,0,2,,,
1,1.2,4100,3,1,1,2293,3,30,1,5,0,0,5,0,0,5,0,2,0,0
1,1.2,4100,4,2,1,2293,4,30,1,5,0,0,5,0,0,5,0,2,0,0
1,1.1,4100,5,2,1,2293,5,30,1,5,0,0,5,0,0,5,0,,,
1,1.1,4101,2,1,1,1313,2,30,1,1,6,5,5,0,0,0,0,,,
1,1.1,4104,3,2,1,3622,3,30,1,0,0,0,0,0,0,0,0,,,
1,1.2,4104,4,1,1,3622,4,30,1,1,6,0,1,1,0,0,3,2,0,0
1,1.2,4105,3,2,1,2516,3,30,1,1,6,5,1,1,5,0,1,2,998,5
1,1.1,4105,4,1,1,2516,4,30,1,1,6,5,1,1,0,0,1,,,
1,1.2,4108,6,2,1,1224,6,60,1,5,0,5,5,0,0,0,1,2,0,0
1,1.2,4109,3,1,1,2810,3,30,1,5,0,0,5,0,0,0,3,2,0,0
1,1.1,4109,4,2,1,2810,4,30,1,5,0,0,5,0,0,0,2,,,
1,1.1,4109,5,1,1,2810,5,30,1,5,0,0,5,0,0,0,4,,,
1,1.2,4111,3,1,1,1347,3,30,1,5,0,0,1,5,5,5,4,2,0,0
1,1.1,4111,4,1,1,1347,4,30,1,5,0,0,5,0,5,0,2,,,
1,1.1,4111,5,2,1,1347,5,30,1,0,0,0,0,0,0,0,0,,,
1,1.1,4125,9,1,1,8118,6,30,1,5,0,0,5,0,0,0,4,,,
1,1.1,4130,3,1,1,2852,3,30,1,1,4,1,1,1,0,0,1,,,
1,1.1,4130,4,1,1,2852,4,30,1,5,0,5,5,0,0,0,1,,,
1,1.2,4131,3,2,1,2588,3,30,1,1,1,0,5,0,0,0,1,2,3.9,98
1,1.1,4131,30,1,2,2588,4,60,1,0,0,0,0,0,0,0,0,,,
1,1.2,4132,3,1,1,136,3,30,1,1,6,0,1,1,0,5,1,2,0,0
1,1.1,4132,4,2,1,136,4,30,1,0,0,0,0,0,0,0,1,,,
1,1.1,4133,3,1,1,216,3,30,1,5,0,5,5,0,0,0,2,,,
1,1.1,4134,3,2,1,2479,3,30,1,0,0,0,0,0,0,0,0,,,
1,1.1,4134,4,1,1,2479,4,30,1,1,3,0,5,0,0,0,2,,,
1,1.2,4134,9,2,1,2598,3,30,1,1,5,0,5,0,0,5,3,2,3.97,4
1,1.2,4137,4,2,1,1272,4,30,1,1,5,0,1,1,0,5,3,2,3.5,4
1,1.1,4137,5,1,1,1272,5,30,1,1,4,0,1,1,0,5,2,,,
1,1.2,4137,6,1,1,1272,6,30,1,1,5,0,1,1,0,5,2,2,0,0
1,1.1,4137,7,2,1,1272,7,30,1,5,0,0,5,0,0,5,5,,,
1,1.1,4137,8,1,1,1272,8,30,1,0,0,0,0,0,0,0,0,,,
1,1.1,4138,3,1,1,3323,3,30,1,5,0,0,1,1,0,5,2,,,
1,1.1,4143,4,1,1,2284,4,30,1,5,0,0,5,0,0,0,1,,,
1,1.1,4143,5,1,1,2284,5,30,1,5,0,0,5,0,0,0,1,,,
1,1.2,4144,2,2,1,2630,2,30,1,5,0,0,5,0,0,0,2,2,0,0
1,1.1,4144,3,1,1,2630,3,30,1,5,0,0,5,0,0,0,4,,,
1,1.1,4144,4,1,1,2630,4,30,1,0,0,0,0,0,0,0,5,,,
1,1.1,4145,4,1,1,1166,4,30,1,1,5,5,1,1,0,5,2,,,
1,1.1,4145,5,1,1,1166,5,30,1,0,0,0,0,0,0,0,2,,,
1,1.1,4149,6,1,1,2251,6,30,1,5,0,0,5,0,0,5,1,,,
1,1.1,4149,7,1,1,2251,7,30,1,1,6,0,5,0,0,0,2,,,
1,1.1,4149,8,1,1,2251,8,30,1,0,0,0,0,0,0,0,1,,,
1,1.1,4155,3,1,1,2756,3,30,1,0,0,0,0,0,0,0,5,,,
1,1.1,4159,3,1,1,2390,3,30,1,1,4,0,1,1,0,0,0,,,
1,1.1,4162,4,2,1,94,4,33,1,1,3,0,1,1,0,0,1,,,
1,1.1,4162,5,2,1,94,5,30,1,5,0,0,5,0,0,0,5,,,
1,1.1,4162,30,1,2,94,6,30,1,0,0,0,0,0,0,0,0,,,
1,1.1,4168,2,1,1,1341,2,30,1,5,0,0,5,0,0,0,3,,,
1,1.2,4172,4,1,1,2145,4,33,1,5,0,0,5,0,0,5,1,2,2.6,4.2
1,1.2,4173,3,1,1,1339,3,30,1,1,6,0,5,0,0,0,3,2,998,98
1,1.2,4173,4,1,1,1339,4,30,1,1,5,0,5,0,5,0,1,2,998,5
1,1.1,4174,3,1,1,224,3,30,1,5,0,0,5,0,0,0,5,,,
1,1.1,4174,4,1,1,224,4,30,1,0,0,0,0,0,0,0,0,,,
1,1.2,4179,5,2,1,2347,5,30,1,1,5,0,5,0,0,0,1,2,0,0
1,1.1,4179,6,2,1,2347,6,30,1,5,0,0,5,0,0,5,5,,,
1,1.1,4179,7,1,1,2347,7,30,1,5,0,0,5,0,0,0,2,,,
1,1.1,4180,5,1,1,3351,3,30,1,0,0,0,0,0,0,0,0,,,
1,1.2,4181,4,2,1,7153,3,70,1,1,4,5,5,0,0,0,5,2,0,0
1,1.1,4181,5,2,1,7153,4,70,1,0,0,0,0,0,0,0,0,,,
1,1.1,4183,3,1,1,4960,3,30,1,1,2,0,1,1,5,5,4,,,
1,1.1,4183,8,2,1,9439,5,30,1,5,0,5,1,5,0,0,2,,,
1,1.1,4183,30,1,2,4960,4,30,1,0,0,0,0,0,0,0,0,,,
1,1.1,4187,3,1,1,9269,3,30,1,1,3,0,1,1,0,0,1,,,
1,1.1,4187,4,1,1,9269,4,30,1,1,5,0,1,1,0,0,1,,,
1,1.1,4191,3,1,1,1254,3,30,1,1,6,5,1,1,0,0,3,,,
1,1.1,4194,3,2,1,2725,3,30,1,1,5,0,1,1,0,5,1,,,
1,1.1,4195,2,1,1,2792,3,30,1,0,0,0,0,0,0,0,0,,,
1,1.1,4195,3,1,1,2792,4,30,1,0,0,0,0,0,0,0,0,,,
1,1.1,4200,3,1,1,2771,3,30,1,1,5,0,1,1,5,0,0,,,
1,1.1,4200,4,2,1,2771,4,30,1,1,5,0,1,1,0,0,0,,,
1,1.1,4200,5,2,1,2771,5,30,1,5,0,0,5,0,0,5,0,,,
1,1.1,4200,6,2,1,2771,6,30,1,0,0,0,0,0,0,0,0,,,
1,1.1,4203,4,1,1,2614,4,30,1,5,0,0,5,0,0,0,2,,,
1,1.1,4203,5,2,1,2614,5,30,1,5,0,0,5,0,0,0,2,,,
1,1.1,4203,6,1,1,2614,6,30,1,5,0,0,5,0,0,0,2,,,
1,1.1,4203,7,2,1,2614,7,30,1,5,0,0,5,0,0,0,2,,,
1,1.1,4204,3,1,1,841,3,30,1,5,0,0,5,0,0,0,5,,,
1,1.1,4204,4,2,1,841,4,30,1,0,0,0,0,0,0,0,0,,,
1,1.2,4206,4,2,1,2746,3,30,1,5,0,0,5,0,0,0,4,2,3.24,4.9
1,1.2,4206,5,2,1,2746,4,30,1,5,0,0,5,0,0,0,1,2,998,98
1,1.2,4207,3,1,1,3841,3,30,1,1,6,0,1,1,0,0,2,2,4.5,5
1,1.1,4207,4,1,1,3841,4,30,1,1,6,0,1,1,1,0,3,,,
1,1.1,4211,3,1,1,1108,3,30,1,0,0,0,0,0,0,0,0,,,
1,1.1,4214,3,1,1,1333,3,30,1,5,0,0,5,0,0,0,2,,,
1,1.1,4214,4,2,1,1333,4,30,1,0,0,0,0,0,0,0,2,,,
1,1.2,4221,3,2,1,1318,3,30,1,5,0,0,1,5,0,0,1,2,2,98
1,1.2,4229,3,2,1,9426,3,33,1,1,4,0,5,0,0,5,1,2,2.8,98
1,1.2,4229,4,2,1,9426,4,33,1,1,5,0,5,0,0,5,1,2,998,4
1,1.1,4234,3,2,1,205,3,33,1,5,0,5,1,1,5,5,1,,,
1,1.2,4235,6,1,1,2834,2,30,1,1,4,0,1,1,0,0,0,2,0,0
1,1.2,4235,7,2,1,2834,3,30,1,5,0,5,5,0,0,0,5,2,0,0
1,1.1,4235,8,1,1,2834,4,30,1,5,0,0,5,0,0,5,0,,,
1,1.1,4242,30,2,2,2382,3,30,1,0,0,0,0,0,0,0,1,,,
1,1.1,4247,3,2,1,1279,3,30,1,0,0,0,0,0,0,0,3,,,
1,1.1,4247,30,2,2,1279,4,30,1,0,0,0,0,0,0,0,0,,,
1,1.1,4248,3,1,1,2563,3,30,1,1,4,0,1,1,5,0,4,,,
1,1.2,4250,4,2,1,3419,3,30,1,1,3,0,1,5,5,0,1,2,3.9,98
1,1.1,4250,5,2,1,3419,4,30,1,5,0,0,1,5,0,0,0,,,
1,1.2,4253,3,2,1,2629,3,30,1,5,0,0,1,5,0,0,1,2,998,98
1,1.2,4253,4,2,1,2629,4,30,1,5,0,0,5,0,0,0,1,2,0,0
1,1.1,4253,5,2,1,2629,5,30,1,0,0,0,0,0,0,0,5,,,
1,1.1,4255,4,1,1,2416,4,30,1,1,5,5,5,0,0,5,1,,,
1,1.1,4256,4,2,1,266,4,60,1,5,0,0,1,5,0,0,1,,,
1,1.1,4259,4,2,1,2794,4,33,1,5,0,0,5,0,0,0,1,,,
1,1.1,4259,5,1,1,2794,5,30,1,5,0,0,5,0,0,0,1,,,
1,1.1,4260,3,2,1,8187,3,30,1,1,6,0,1,1,0,5,1,,,
1,1.1,4260,4,2,1,8187,4,30,1,0,0,0,0,0,0,0,1,,,
1,1.2,4261,3,1,1,3823,2,30,1,5,0,0,5,0,0,0,1,2,1.5,4
1,1.2,4261,4,2,1,3823,3,30,1,5,0,0,5,0,0,0,1,2,0,0
1,1.1,4263,3,1,1,1225,3,30,1,1,2,0,1,5,0,5,1,,,
1,1.2,4263,4,1,1,1225,4,30,1,1,1,5,1,5,5,5,1,2,3.5,98
1,1.1,4264,3,1,1,2181,2,30,1,0,0,0,0,0,0,0,2,,,
1,1.2,4264,4,2,1,2181,3,30,1,5,0,0,5,0,0,0,1,2,0,0
1,1.2,4265,5,1,1,2855,5,60,1,1,4,0,1,1,0,0,4,2,2.9,4
1,1.1,4265,6,2,1,2855,6,60,1,0,0,0,0,0,0,0,1,,,
1,1.1,4265,7,1,1,2855,7,60,1,0,0,0,0,0,0,0,5,,,
1,1.1,4267,3,2,1,2785,3,30,1,0,0,0,0,0,0,0,1,,,
1,1.1,4272,3,1,1,2573,3,30,1,1,5,5,1,1,0,5,1,,,
1,1.1,4272,4,1,1,2573,4,30,1,0,0,0,0,0,0,0,1,,,
1,1.1,4277,4,1,1,473,3,30,1,0,0,0,0,0,0,0,0,,,
1,1.1,4278,3,2,1,518,3,30,1,0,0,0,0,0,0,0,2,,,
1,1.1,4280,30,1,2,2521,3,30,1,0,0,0,0,0,0,0,0,,,
1,1.1,4283,3,1,1,3312,3,30,1,5,0,0,5,0,0,0,0,,,
1,1.1,4283,4,1,1,3312,4,30,1,0,0,0,0,0,0,0,0,,,
1,1.2,4286,3,2,1,484,3,30,1,1,5,0,1,1,0,5,2,2,0,0
1,1.2,4286,4,1,1,484,4,30,1,1,5,0,5,0,5,0,3,2,0,0
1,1.1,4290,3,2,1,1136,3,30,1,1,2,0,5,0,0,0,2,,,
1,1.1,4290,4,1,1,1136,4,30,1,0,0,0,0,0,0,0,2,,,
1,1.1,4291,3,2,1,2319,3,30,1,5,0,0,5,0,0,0,0,,,
1,1.1,4291,4,2,1,2319,4,30,1,5,0,0,5,0,0,5,0,,,
1,1.1,4292,6,2,1,2453,6,60,1,5,0,0,5,0,0,0,1,,,
1,1.1,4292,7,1,1,2453,7,60,1,0,0,0,0,0,0,0,1,,,
1,1.1,4300,3,2,1,2570,3,30,1,1,5,0,1,5,0,0,2,,,
1,1.1,4300,4,2,1,2570,4,30,1,0,0,0,0,0,0,0,1,,,
1,1.1,4301,3,1,1,2547,3,30,1,1,6,0,1,1,0,0,5,,,
1,1.1,4302,3,1,1,2582,3,30,1,5,0,0,5,0,0,0,4,,,
1,1.1,4302,4,1,1,2582,4,30,1,1,2,5,5,0,0,0,1,,,
1,1.1,4302,5,2,1,2582,5,30,1,1,1,5,1,5,0,0,5,,,
1,1.1,4304,2,1,1,2633,2,30,1,5,0,0,5,0,0,0,0,,,
1,1.1,4305,2,2,1,2431,2,30,1,0,0,0,0,0,0,0,4,,,
1,1.2,4308,3,2,1,2708,3,30,1,5,0,5,5,0,5,0,1,2,4,4
1,1.1,4310,3,1,1,3386,3,33,1,5,0,0,5,0,5,0,2,,,
1,1.1,4310,4,2,1,3386,4,30,1,5,0,0,5,0,0,0,2,,,
1,1.2,4312,3,1,1,2845,3,30,1,1,1,0,5,0,0,0,1,2,3.3,98
1,1.2,4315,3,1,1,2645,3,30,1,5,0,0,5,0,0,0,2,2,4,4
1,1.1,4315,4,1,1,2645,4,30,1,5,0,0,5,0,0,5,5,,,
1,1.1,4315,5,1,1,2645,5,30,1,5,0,0,5,0,0,0,5,,,
1,1.1,4315,30,1,2,2645,6,30,1,0,0,0,0,0,0,0,0,,,
1,1.2,4321,3,2,1,3826,3,30,1,5,0,0,5,0,0,0,0,2,0,0
1,1.1,4321,4,1,1,3826,4,30,1,5,0,5,5,0,0,1,2,,,
1,1.1,4321,5,1,1,3826,5,30,1,0,0,0,0,0,0,0,0,,,
1,1.1,4321,6,1,1,3826,6,30,1,0,0,0,0,0,0,0,0,,,
1,1.2,4322,3,1,1,2602,3,30,1,5,0,0,5,0,0,5,1,2,2.9,4
1,1.2,4322,4,1,1,2602,4,30,1,5,0,0,5,0,0,0,0,2,998,98
1,1.2,4322,5,1,1,2602,5,30,1,5,0,0,5,0,0,0,0,2,0,0
1,1.1,4322,6,1,1,2602,6,30,1,5,0,0,5,0,0,0,0,,,
1,1.1,4322,7,1,1,2602,7,30,1,0,0,0,0,0,0,0,0,,,
1,1.1,4322,8,2,1,2602,8,30,1,0,0,0,0,0,0,0,0,,,
1,1.2,4323,4,1,1,225,4,30,1,5,0,0,1,5,0,0,1,2,998,4
1,1.2,4323,5,2,1,225,5,30,1,5,0,0,5,0,0,0,1,2,998,4
1,1.2,4323,6,2,1,225,6,30,1,5,0,0,1,1,0,0,2,2,997,4
1,1.1,4323,7,1,1,225,7,30,1,5,0,0,5,0,0,0,1,,,
1,1.1,4325,2,2,1,106,2,30,1,5,0,5,1,5,0,5,5,,,
1,1.2,4328,3,2,1,2734,3,30,1,1,1,0,5,0,0,0,2,2,0,0
1,1.2,4328,4,2,1,2734,4,30,1,1,1,0,5,0,0,0,2,2,4.2,5
1,1.1,4330,3,1,1,4369,3,30,1,0,0,0,0,0,0,0,5,,,
1,1.1,4342,3,2,1,3272,3,30,1,1,4,0,1,5,0,0,5,,,
1,1.1,4342,4,2,1,3272,4,30,1,1,4,0,5,0,0,0,5,,,
1,1.1,4342,5,2,1,3272,5,30,1,0,0,0,0,0,0,0,5,,,
1,1.2,4342,8,2,1,3399,3,30,1,5,0,0,5,0,0,0,1,2,998,98
1,1.2,4342,9,1,1,3399,4,30,1,5,0,0,5,0,0,0,0,2,0,0
1,1.1,4343,3,1,1,2737,3,30,1,1,2,5,5,0,0,0,2,,,
1,1.1,4343,4,1,1,2737,4,30,1,1,3,5,5,0,0,0,2,,,
1,1.1,4343,5,2,1,2737,5,30,1,0,0,0,0,0,0,0,5,,,
1,1.1,4344,3,1,1,8514,2,30,1,0,0,0,0,0,0,0,1,,,
1,1.2,4344,4,1,1,8514,3,30,1,5,0,0,5,0,0,0,1,2,998,98
1,1.1,4352,4,2,1,9036,4,30,1,1,3,0,5,0,0,0,1,,,
1,1.2,4352,5,1,1,9036,5,30,1,5,0,0,5,0,0,0,2,2,0,0
1,1.1,4353,3,2,1,2362,3,30,1,1,5,5,1,1,5,5,4,,,
1,1.1,4353,4,1,1,2362,4,30,1,1,5,0,1,1,5,5,4,,,
1,1.2,4354,6,2,1,2101,5,30,1,5,0,0,5,0,0,0,2,2,0,0
1,1.1,4354,7,1,1,2101,6,60,1,0,0,0,0,0,0,0,2,,,
1,1.1,4354,8,2,1,2480,3,30,1,0,0,0,0,0,0,0,2,,,
1,1.1,4360,3,2,1,9183,3,30,1,5,0,0,5,0,0,0,0,,,
1,1.1,4360,4,1,1,9183,4,30,1,5,0,0,5,0,0,0,1,,,
1,1.1,4360,5,1,1,9183,5,30,1,5,0,0,1,5,0,0,1,,,
1,1.2,4360,6,1,1,9183,6,30,1,5,0,0,1,5,0,0,1,2,2.1,4
1,1.1,4362,3,1,1,3353,3,30,1,5,0,0,5,0,0,0,5,,,
1,1.1,4362,4,1,1,3353,4,30,1,0,0,0,0,0,0,0,3,,,
1,1.1,4365,30,1,2,2308,3,30,1,0,0,0,0,0,0,0,0,,,
1,1.1,4367,2,1,1,2849,2,30,1,1,5,5,5,0,0,0,2,,,
1,1.1,4367,3,1,1,2849,3,30,1,0,0,0,0,0,0,0,1,,,
1,1.1,4369,3,2,1,1335,3,30,1,0,0,0,0,0,0,0,4,,,
1,1.2,4369,4,1,1,1335,4,30,1,5,0,0,5,0,0,0,2,2,3.6,98
1,1.2,4369,5,2,1,1335,5,30,1,1,5,0,1,1,0,0,2,2,0,0
1,1.1,4369,6,1,1,1335,6,30,1,0,0,0,0,0,0,0,4,,,
1,1.1,4371,3,1,1,2459,3,30,1,1,5,0,1,1,0,5,5,,,
1,1.1,4371,4,1,1,2459,4,30,1,1,5,0,1,1,0,0,5,,,
1,1.2,4372,3,2,1,289,3,30,1,5,0,0,5,0,0,5,1,2,3.5,4
1,1.2,4372,4,1,1,289,4,30,1,5,0,0,5,0,0,0,2,2,0,0
1,1.1,4376,5,1,1,4330,5,70,1,0,0,0,0,0,0,0,1,,,
1,1.1,4376,6,2,1,4330,4,70,1,1,4,5,5,0,5,0,2,,,
1,1.2,4377,4,2,1,3866,4,30,1,5,0,0,1,1,0,0,2,2,0,0
1,1.1,4377,5,2,1,3866,5,30,1,0,0,0,0,0,0,0,1,,,
1,1.1,4381,3,2,1,9157,3,30,1,0,0,0,0,0,0,0,5,,,
1,1.1,4384,3,1,1,3354,3,30,1,1,4,0,1,1,0,0,2,,,
1,1.1,4384,4,2,1,3354,4,30,1,5,0,0,5,0,0,0,1,,,
1,1.1,4385,3,2,1,2400,3,30,1,0,0,0,0,0,0,0,0,,,
1,1.2,4386,2,1,1,2612,2,30,1,1,2,0,5,0,0,0,1,2,0,0
1,1.1,4389,4,1,1,9414,2,30,1,5,0,0,5,0,0,0,1,,,
1,1.2,4391,3,1,1,3650,3,30,1,5,0,0,5,0,0,0,4,2,0,0
1,1.2,4391,4,1,1,3650,4,30,1,5,0,0,5,0,0,0,3,2,0,0
1,1.1,4391,6,2,1,3650,6,30,1,0,0,0,0,0,0,0,0,,,
1,1.1,4391,7,1,1,3650,7,30,1,0,0,0,0,0,0,0,0,,,
1,1.2,4393,3,1,1,2562,3,30,1,5,0,0,5,0,0,0,1,2,0,0
1,1.2,4394,3,1,1,3436,3,30,1,1,5,0,1,1,0,5,1,2,0,0
1,1.1,4394,4,2,1,3436,4,30,1,5,0,0,1,5,0,5,1,,,
1,1.1,4397,3,1,1,3445,3,30,1,5,0,5,5,0,0,0,4,,,
1,1.1,4397,4,2,1,3445,4,30,1,5,0,0,5,0,0,0,4,,,
1,1.1,4397,5,1,1,3445,5,30,1,0,0,0,0,0,0,0,5,,,
1,1.1,4400,3,2,1,3350,3,33,1,5,0,0,5,0,0,0,1,,,
1,1.1,4400,30,1,2,3350,4,30,1,0,0,0,0,0,0,0,0,,,
1,1.2,4411,3,2,1,2259,3,30,1,5,0,0,5,0,0,0,5,2,998,3.5
1,1.2,4411,4,2,1,2259,4,30,1,5,0,0,5,0,0,0,5,2,0,0
1,1.1,4411,5,2,1,2259,5,30,1,5,0,0,1,1,0,0,0,,,
1,1.1,4418,10,1,1,8793,4,30,1,5,0,0,5,0,0,0,3,,,
1,1.1,4418,14,2,1,8396,7,30,1,5,0,0,5,0,5,0,0,,,
1,1.1,4418,15,1,1,8396,8,30,1,0,0,0,0,0,0,0,0,,,
1,1.1,4418,30,2,2,8396,9,30,1,0,0,0,0,0,0,0,0,,,
1,1.1,4427,4,2,1,4442,4,30,1,1,6,0,5,0,0,5,2,,,
1,1.1,4427,6,2,1,4442,6,60,1,0,0,0,0,0,0,0,2,,,
1,1.2,4429,3,1,1,4358,3,30,1,1,4,0,1,1,0,5,2,2,0,0
1,1.1,4429,4,1,1,4358,4,30,1,1,5,0,1,5,0,5,2,,,
1,1.1,4435,2,1,1,2661,2,30,1,5,0,0,5,0,0,5,4,,,
1,1.1,4435,3,2,1,2661,3,30,1,5,0,0,1,1,0,5,3,,,
1,1.1,4445,4,2,1,9614,4,30,,,,,,,,,,2,0,0
1,1.1,4448,7,2,1,3265,6,30,1,0,0,0,0,0,0,0,0,,,
1,1.1,4449,2,2,1,2764,2,30,1,0,0,0,0,0,0,0,0,,,
1,1.1,4449,3,1,1,2764,3,30,1,0,0,0,0,0,0,0,0,,,
1,1.1,4700,3,2,1,9145,3,30,1,0,0,0,0,0,0,0,4,,,
1,1.1,4700,4,2,1,9145,4,30,1,0,0,0,0,0,0,0,5,,,
1,1.1,4718,3,1,1,4418,3,30,1,1,4,0,1,1,0,0,2,,,
1,1.1,4718,4,2,1,4418,4,30,1,1,6,5,1,1,0,0,2,,,
1,1.1,4724,3,1,1,9143,3,30,1,0,0,0,0,0,0,0,0,,,
1,1.1,4724,4,2,1,9143,4,30,1,0,0,0,0,0,0,0,0,,,
1,1.1,4734,3,1,1,4396,3,30,1,0,0,0,0,0,0,0,0,,,
1,1.2,4759,3,2,1,4414,3,30,1,5,0,0,5,0,0,0,1,2,3.5,4
1,1.1,4759,4,1,1,4414,4,30,1,5,0,0,5,0,0,0,2,,,
1,1.2,4776,4,2,1,9442,4,30,1,1,5,0,5,0,0,0,2,2,4,4
1,1.1,4776,5,1,1,9442,5,30,1,1,5,0,5,0,0,0,3,,,
1,1.2,4783,3,2,1,2847,3,30,1,1,2,0,1,1,0,0,1,2,0,0
1,1.2,4785,4,2,1,4489,4,35,1,1,5,0,1,1,0,0,1,2,0,0
1,1.2,4785,5,1,1,4489,5,35,1,5,0,0,1,1,0,0,0,2,0,0
1,1.1,4785,6,2,1,4489,6,30,1,5,0,5,1,1,0,0,0,,,
1,1.2,4797,3,1,1,3316,3,30,1,5,0,0,5,0,0,5,3,2,0,0
1,1.1,4797,4,2,1,3316,4,30,1,5,0,0,5,0,0,5,5,,,
1,1.2,4833,3,1,1,3393,3,30,1,1,4,0,1,1,0,0,3,2,0,0
1,1.1,4833,4,2,1,3393,4,30,1,1,5,0,1,5,0,0,5,,,
1,1.1,4833,5,1,1,3393,5,30,1,0,0,0,0,0,0,0,0,,,
1,1.1,4838,2,1,1,2895,2,30,1,5,0,0,5,0,0,0,1,,,
1,1.2,4839,5,2,1,2643,5,30,1,5,0,0,5,0,0,0,2,2,3.2,4
1,1.1,4839,6,2,1,2643,6,30,1,5,0,0,5,0,0,0,2,,,
1,1.1,4839,7,2,1,2643,7,30,1,5,0,0,5,0,0,0,0,,,
1,1.2,5012,50,1,2,7495,2,30,1,5,0,5,5,0,0,5,1,2,0,0
1,1.1,5012,51,2,2,8100,4,30,1,5,0,5,5,0,0,0,3,,,
1,1.2,5012,52,1,2,7915,2,30,1,5,0,0,5,0,0,0,1,2,0,0
1,1.2,5012,53,2,2,5733,3,60,1,5,0,5,1,5,5,0,1,2,0,0
1,1.1,5012,55,2,2,8100,5,30,1,5,0,5,5,0,0,0,3,,,
1,1.2,5012,56,2,2,7915,3,30,1,5,0,0,5,0,0,0,1,2,0,0
1,1.1,5012,57,1,2,8358,2,30,1,5,0,0,5,0,0,0,5,,,
1,1.1,5012,58,1,2,8358,3,30,1,5,0,0,5,0,0,0,0,,,
1,1.1,5012,60,2,2,8100,6,30,1,5,0,5,5,0,0,0,1,,,
1,1.2,5012,61,2,2,7915,4,30,1,5,0,0,5,0,0,0,1,2,0,0
1,1.1,5012,62,2,2,5733,5,60,1,0,0,0,0,0,0,0,3,,,
1,1.1,5012,63,1,2,8100,7,30,1,0,0,0,0,0,0,0,2,,,
1,1.1,5012,64,2,2,7915,5,30,1,0,0,0,0,0,0,0,1,,,
1,1.1,5012,65,1,2,5244,2,30,1,0,0,0,0,0,0,0,2,,,
1,1.1,5012,233,1,3,8443,2,30,1,5,0,0,5,0,0,0,1,,,
1,1.1,5012,240,2,3,8443,3,30,1,5,0,0,5,0,5,0,1,,,
1,1.1,5013,33,2,2,1235,2,30,1,0,0,0,0,0,0,0,4,,,
1,1.1,5014,43,1,2,6588,4,35,1,5,0,0,5,0,0,0,1,,,
1,1.1,5014,44,2,2,6588,5,35,1,5,0,0,1,5,5,0,1,,,
1,1.2,5014,45,1,2,6063,3,30,1,1,1,0,5,0,0,0,5,2,0,0
1,1.1,5014,46,1,2,5513,2,30,1,0,0,0,0,0,0,0,5,,,
1,1.2,5015,45,2,2,5403,4,30,1,5,0,0,5,0,0,0,2,2,2.9,4
1,1.1,5015,46,1,2,5472,3,30,1,5,0,0,5,0,0,0,3,,,
1,1.1,5015,190,1,3,5472,4,30,1,9,0,0,9,0,0,0,9,,,
1,1.2,5017,34,1,2,7137,3,30,1,5,0,0,1,1,0,0,1,2,0,0
1,1.1,5017,35,1,2,7137,4,30,1,5,0,0,5,0,0,0,3,,,
1,1.2,5017,182,1,3,7137,2,30,1,5,0,0,5,0,0,0,1,2,3.6,4
1,1.2,5018,37,2,2,1759,3,30,1,5,0,0,5,0,0,0,1,2,3.7,4
1,1.2,5018,40,1,2,1759,4,30,1,5,0,0,5,0,0,0,1,2,0,0
1,1.1,5026,36,1,2,364,2,30,1,5,0,0,5,0,0,0,1,,,
1,1.1,5031,55,1,2,7933,2,30,1,5,0,0,5,0,0,0,1,,,
1,1.1,5031,57,1,2,7933,3,30,1,5,0,0,5,0,0,0,3,,,
1,1.1,5031,58,1,2,6612,2,30,1,5,0,0,5,0,0,0,1,,,
1,1.1,5031,59,1,2,7933,4,30,1,5,0,0,5,0,0,0,1,,,
1,1.1,5031,60,1,2,8628,3,95,1,5,0,0,5,0,0,0,3,,,
1,1.1,5031,62,2,2,6890,5,60,1,0,0,0,0,0,0,0,0,,,
1,1.1,5031,63,2,2,5781,2,30,1,0,0,0,0,0,0,0,5,,,
1,1.1,5031,64,1,2,7933,5,30,1,0,0,0,0,0,0,0,0,,,
1,1.1,5031,195,2,3,9083,3,30,1,0,0,0,0,0,0,0,1,,,
1,1.2,5034,44,2,2,6624,3,35,1,5,0,0,5,0,0,0,2,2,0,0
1,1.1,5034,47,1,2,6768,3,30,1,5,0,5,5,0,0,0,5,,,
1,1.1,5034,48,2,2,5220,3,30,1,5,0,0,1,5,0,0,2,,,
1,1.2,5035,33,2,2,4208,2,30,1,5,0,5,1,5,0,0,1,2,0,0
1,1.2,5037,35,1,2,6158,2,30,1,5,0,5,1,5,0,5,1,2,3.2,4
1,1.2,5037,36,2,2,6690,3,30,1,5,0,0,5,0,0,0,1,2,998,4.2
1,1.2,5037,37,2,2,7380,2,30,1,1,3,5,5,0,0,0,1,2,0,0
1,1.2,5037,38,2,2,7380,3,30,1,1,1,5,1,1,0,0,1,2,0,0
1,1.2,5037,39,1,2,6158,3,30,1,5,0,5,5,0,0,0,2,2,0,0
1,1.2,5037,192,1,3,6690,2,30,1,5,0,0,5,0,0,0,1,2,3.2,4.3
1,1.1,5040,36,1,2,7236,2,30,,,,,,,,,,2,0,0
1,1.1,5040,37,1,2,6721,2,30,1,0,0,0,0,0,0,0,0,,,
1,1.2,5045,36,1,2,2753,4,30,1,1,1,0,5,0,0,0,1,2,0,0
1,1.2,5045,37,1,2,2753,5,30,1,1,1,0,5,0,5,0,2,2,0,0
1,1.2,5045,38,1,2,1862,2,30,1,5,0,0,5,0,5,5,1,2,0,0
1,1.1,5045,39,1,2,1862,3,30,1,0,0,0,0,0,0,0,2,,,
1,1.2,5045,185,1,3,2753,3,30,1,1,1,0,5,0,0,0,1,2,3.5,3.7
1,1.1,5045,189,2,3,1460,3,30,1,1,5,5,1,1,0,0,1,,,
1,1.1,5045,190,2,3,1460,4,30,1,5,0,0,1,5,0,0,1,,,
1,1.1,5048,51,2,2,4761,3,30,1,5,0,0,5,0,0,0,1,,,
1,1.2,5048,52,1,2,7973,2,30,1,5,0,0,5,0,0,0,1,2,1,4
1,1.2,5048,54,1,2,7973,3,30,1,5,0,0,5,0,0,0,1,2,2,4
1,1.1,5048,55,2,2,5031,4,30,1,1,5,5,1,1,0,0,1,,,
1,1.1,5048,56,2,2,7973,4,30,1,5,0,0,5,0,0,0,5,,,
1,1.2,5048,58,2,2,6463,3,35,1,5,0,0,1,5,0,0,4,2,0,0
1,1.1,5048,59,2,2,5031,5,30,1,1,1,0,5,0,0,0,2,,,
1,1.1,5048,60,1,2,7973,5,30,1,5,0,8,5,0,0,0,5,,,
1,1.1,5048,61,2,2,9334,3,33,1,1,4,0,1,1,5,0,1,,,
1,1.1,5048,62,1,2,5031,6,30,1,0,0,0,0,0,0,0,4,,,
1,1.1,5048,63,2,2,8560,2,30,1,1,4,0,1,1,0,0,1,,,
1,1.1,5048,64,1,2,8560,3,30,1,0,0,0,0,0,0,0,1,,,
1,1.1,5048,65,1,2,8560,4,30,1,0,0,0,0,0,0,0,1,,,
1,1.1,5048,66,2,2,9334,4,30,1,0,0,0,0,0,0,0,1,,,
1,1.1,5048,67,2,2,6824,2,30,1,0,0,0,0,0,0,0,4,,,
1,1.1,5048,68,1,2,9334,5,30,1,0,0,0,0,0,0,0,0,,,
1,1.1,5048,69,1,2,6463,4,30,1,0,0,0,0,0,0,0,0,,,
1,1.1,5048,70,2,2,8560,6,30,1,0,0,0,0,0,0,0,0,,,
1,1.2,5048,182,1,3,6813,2,30,1,5,0,0,5,0,0,0,3,2,0,0
1,1.1,5048,198,1,3,8560,5,30,1,0,0,0,0,0,0,0,1,,,
1,1.1,5052,58,1,2,3007,2,30,1,5,0,0,5,0,0,0,1,,,
1,1.1,5052,65,2,2,3106,2,30,1,5,0,0,5,0,0,0,2,,,
1,1.2,5052,66,2,2,3283,2,30,1,1,2,5,1,5,5,0,1,2,0,0
1,1.1,5052,67,1,2,3106,3,30,1,5,0,0,5,0,0,0,2,,,
1,1.2,5052,72,1,2,3170,3,30,1,1,2,0,5,0,0,0,1,2,0,0
1,1.1,5052,73,2,2,3106,4,30,1,5,0,0,5,0,0,0,2,,,
1,1.1,5052,74,1,2,3106,5,30,1,0,0,0,0,0,0,0,2,,,
1,1.1,5052,75,1,2,3283,3,30,1,0,0,0,0,0,0,0,0,,,
1,1.2,5052,196,2,3,3426,3,30,1,5,0,0,5,0,0,0,5,2,3,4
1,1.2,5054,35,1,2,5819,3,30,1,1,3,5,1,1,0,0,2,2,0,0
1,1.1,5054,36,1,2,5819,4,30,1,1,1,5,5,0,0,0,2,,,
1,1.2,5055,53,1,2,7200,3,30,1,1,5,0,5,0,0,0,1,2,998,4
1,1.2,5055,55,2,2,6596,3,30,1,5,0,0,5,0,0,0,1,2,2.5,4
1,1.2,5055,56,1,2,7200,4,30,1,1,2,0,5,0,0,0,4,2,0,0
1,1.1,5055,57,1,2,7773,2,30,1,5,0,0,1,5,0,0,2,,,
1,1.1,5055,58,2,2,4939,4,30,1,5,0,0,1,1,0,0,2,,,
1,1.1,5055,59,2,2,6596,4,30,1,5,0,0,5,0,0,0,2,,,
1,1.2,5055,60,2,2,4642,2,30,1,5,0,0,5,0,0,0,2,2,0,0
1,1.1,5055,61,1,2,4920,2,30,1,5,0,0,1,5,0,0,5,,,
1,1.1,5055,62,1,2,4642,3,30,1,5,0,0,5,0,0,0,3,,,
1,1.1,5055,63,2,2,6596,5,30,1,5,0,0,5,0,0,0,4,,,
1,1.1,5055,64,2,2,5422,5,60,1,5,0,0,5,0,0,0,0,,,
1,1.1,5055,67,2,2,4939,5,30,1,0,0,0,0,0,0,0,4,,,
1,1.1,5055,70,2,2,5422,6,60,1,0,0,0,0,0,0,0,0,,,
1,1.1,5055,72,2,2,4939,6,30,1,0,0,0,0,0,0,0,0,,,
1,1.2,5055,193,1,3,4939,3,30,1,5,0,0,5,0,0,0,1,2,0,0
1,1.2,5055,199,2,3,7968,4,60,1,5,0,0,5,0,0,0,0,2,3.2,4
1,1.2,5057,48,2,2,1781,2,30,1,5,0,5,5,0,0,0,1,2,2.6,4
1,1.2,5057,49,1,2,1570,2,30,1,5,0,0,5,0,0,0,3,2,0,0
1,1.2,5057,50,1,2,2019,3,35,1,5,0,0,5,0,5,5,5,2,3,3.8
1,1.1,5057,51,2,2,2019,4,35,1,5,0,0,5,0,1,5,0,,,
1,1.2,5057,52,2,2,1570,3,30,1,5,0,0,5,0,0,5,2,2,0,0
1,1.1,5057,54,2,2,1570,4,30,1,5,0,0,5,0,0,5,1,,,
1,1.1,5057,56,2,2,1656,3,30,1,0,0,0,0,0,0,0,1,,,
1,1.1,5057,57,2,2,1570,5,30,1,0,0,0,0,0,0,0,0,,,
1,1.1,5057,59,2,2,1692,3,30,1,0,0,0,0,0,0,0,0,,,
1,1.1,5057,201,1,3,2287,2,30,1,5,0,0,5,0,0,0,2,,,
1,1.2,5057,204,1,3,1656,2,30,1,5,0,0,5,0,0,0,1,2,3.2,4
1,1.1,5057,205,2,3,2287,3,30,1,1,6,0,5,0,0,0,1,,,
1,1.1,5065,53,2,2,3879,3,30,1,5,0,0,5,0,0,0,1,,,
1,1.1,5065,57,2,2,3881,3,30,1,5,0,0,5,0,0,0,1,,,
1,1.1,5065,59,2,2,3881,4,30,1,0,0,0,0,0,0,0,1,,,
1,1.1,5065,60,1,2,4314,2,30,1,1,1,0,5,0,0,5,1,,,
1,1.1,5065,61,1,2,4233,3,30,1,0,0,0,0,0,0,0,0,,,
1,1.1,5065,63,1,2,3888,3,60,1,0,0,0,0,0,0,0,5,,,
1,1.1,5065,64,2,2,4233,4,30,1,0,0,0,0,0,0,0,0,,,
1,1.1,5065,65,1,2,3881,5,30,1,0,0,0,0,0,0,0,0,,,
1,1.1,5065,66,2,2,3888,4,60,1,0,0,0,0,0,0,0,0,,,
1,1.2,5066,46,2,2,7107,3,30,1,5,0,0,5,0,0,0,1,2,2.8,4
1,1.1,5066,50,1,2,6102,4,30,1,0,0,0,0,0,0,0,0,,,
1,1.2,5066,191,2,3,8795,2,30,1,5,0,0,5,0,0,0,2,2,0,0
1,1.2,5067,37,2,2,2876,2,30,1,5,0,5,5,0,0,0,1,2,0,0
1,1.2,5067,38,1,2,2544,3,30,1,1,1,5,1,1,0,0,1,2,0,0
1,1.1,5067,39,2,2,2245,3,33,1,5,0,5,1,5,0,0,1,,,
1,1.2,5069,40,2,2,4112,3,33,1,5,0,0,5,0,0,5,1,2,3.2,4.5
1,1.1,5069,41,2,2,4289,2,30,1,5,0,0,1,1,0,0,1,,,
1,1.2,5069,42,2,2,4112,4,30,1,5,0,0,5,0,0,0,2,2,998,2.2
1,1.1,5069,44,2,2,4112,5,30,1,5,0,5,1,5,0,0,2,,,
1,1.1,5069,47,1,2,4112,6,30,1,5,0,5,5,0,0,0,4,,,
1,1.2,5071,38,1,2,5156,3,30,1,5,0,5,5,0,0,0,1,2,1.75,4.4
1,1.1,5071,39,1,2,4929,2,30,1,1,4,0,5,0,0,0,5,,,
1,1.1,5071,40,1,2,4929,3,30,1,5,0,0,5,0,0,0,0,,,
1,1.1,5071,41,1,2,4929,4,30,1,0,0,0,0,0,0,0,0,,,
1,1.2,5085,33,1,2,1719,3,30,1,1,2,0,5,0,0,0,4,2,0,0
1,1.1,5085,34,2,2,1719,4,30,1,0,0,0,0,0,0,0,0,,,
1,1.2,5126,38,2,2,2541,3,30,1,5,0,0,5,0,0,0,2,2,998,8.4
1,1.1,5126,39,2,2,2541,4,30,1,5,0,5,5,0,5,0,4,,,
1,1.1,5133,36,1,2,153,4,30,1,0,0,0,0,0,0,0,4,,,
1,1.1,5133,37,1,2,144,3,30,1,0,0,0,0,0,0,0,0,,,
1,1.2,5136,47,2,2,2112,2,30,1,5,0,0,5,0,0,0,1,2,3.4,5
1,1.2,5136,48,1,2,1688,3,30,1,1,2,0,5,0,0,0,2,2,0,0
1,1.1,5136,49,1,2,1688,4,30,1,1,2,0,5,0,0,0,2,,,
1,1.2,5136,50,2,2,1404,2,30,1,5,0,5,5,0,0,0,2,2,0,0
1,1.1,5136,51,1,2,1404,3,30,1,5,0,0,5,0,0,0,2,,,
1,1.1,5136,52,1,2,1404,4,30,1,0,0,0,0,0,0,0,2,,,
1,1.1,5142,36,2,2,9234,3,30,1,5,0,5,1,1,1,0,1,,,
1,1.1,5142,37,2,2,5820,3,30,1,0,0,0,0,0,0,0,0,,,
1,1.1,5142,38,1,2,9234,4,30,1,0,0,0,0,0,0,0,5,,,
1,1.1,5145,37,1,2,4212,5,60,1,5,0,0,5,0,0,0,1,,,
1,1.2,5154,50,2,2,6960,3,30,1,5,0,0,5,0,0,0,1,2,1.5,4
1,1.2,5154,52,1,2,6960,5,30,1,5,0,0,5,0,0,0,1,2,0,0
1,1.1,5154,57,2,2,7396,2,30,1,5,0,0,5,0,0,0,0,,,
1,1.1,5154,58,2,2,7396,3,30,1,0,0,0,0,0,0,0,0,,,
1,1.1,5154,61,1,2,4606,3,30,1,0,0,0,0,0,0,0,1,,,
1,1.1,5154,62,2,2,4606,4,30,1,0,0,0,0,0,0,0,0,,,
1,1.1,5161,36,2,2,3221,3,30,1,5,0,0,5,0,0,0,1,,,
1,1.2,5170,46,2,2,7270,3,30,1,5,0,0,1,5,0,0,1,2,3.5,4
1,1.1,5170,47,1,2,5272,3,30,1,1,2,0,5,0,0,5,4,,,
1,1.1,5170,49,2,2,5272,4,30,1,0,0,0,0,0,0,0,5,,,
1,1.1,5170,50,2,2,7394,3,30,1,1,2,0,1,5,0,0,5,,,
1,1.1,5170,202,1,3,7394,4,30,1,1,1,0,5,0,0,0,5,,,
1,1.1,5171,33,2,2,993,3,30,1,1,5,0,1,5,0,0,2,,,
1,1.1,5171,34,2,2,993,4,30,1,0,0,0,0,0,0,0,5,,,
1,1.1,5177,38,2,2,3958,3,30,1,5,0,0,1,5,0,0,1,,,
1,1.2,5182,54,2,2,6692,2,30,1,1,1,5,1,1,0,5,3,2,0,0
1,1.1,5182,56,2,2,6192,3,33,1,5,0,0,5,0,1,0,1,,,
1,1.1,5182,57,2,2,6192,4,33,1,5,0,0,5,0,1,0,1,,,
1,1.1,5182,58,1,2,6874,3,30,1,0,0,0,0,0,0,0,2,,,
1,1.1,5182,59,1,2,6192,5,33,1,0,0,0,0,0,0,0,2,,,
1,1.1,5182,60,1,2,6192,6,30,1,0,0,0,0,0,0,0,0,,,
1,1.1,5209,33,2,2,9336,2,30,1,0,0,0,0,0,0,0,2,,,
1,1.1,5215,36,1,2,9589,3,30,1,5,0,0,1,5,0,0,1,,,
1,1.1,5215,37,1,2,7158,4,30,1,0,0,0,0,0,0,0,5,,,
1,1.1,5215,38,1,2,9589,4,30,1,5,0,0,5,0,0,0,1,,,
1,1.1,5215,39,2,2,9589,5,30,1,0,0,0,0,0,0,0,1,,,
1,1.1,5215,40,2,2,9589,6,30,1,0,0,0,0,0,0,0,1,,,
1,1.2,5219,36,2,2,227,2,60,1,5,0,0,5,0,0,0,1,2,0,0
1,1.1,5219,37,2,2,91,2,30,1,1,6,0,5,0,0,0,1,,,
1,1.1,5219,38,1,2,91,3,30,1,0,0,0,0,0,0,0,1,,,
1,1.2,5230,50,2,2,5196,3,30,1,5,0,0,5,0,5,0,4,2,0,0
1,1.2,5241,33,1,2,3715,3,33,1,1,6,0,1,1,5,0,1,2,0,0
1,1.2,5241,34,1,2,3715,4,33,1,5,0,0,1,1,0,0,1,2,0,0
1,1.2,5241,35,2,2,3715,5,30,1,1,3,5,5,0,0,1,5,2,0,0
1,1.1,5241,36,1,2,3662,3,30,1,0,0,0,0,0,0,0,5,,,
1,1.1,5241,37,2,2,3662,4,30,1,0,0,0,0,0,0,0,5,,,
1,1.1,5241,38,2,2,3715,6,30,1,0,0,0,0,0,0,0,0,,,
1,1.1,5274,35,1,2,5124,2,30,1,5,0,0,5,0,0,0,4,,,
1,1.2,5274,37,1,2,5124,3,30,1,5,0,0,5,0,0,0,1,2,3,4
1,1.1,5274,38,1,2,8132,2,30,1,5,0,0,5,0,5,0,4,,,
1,1.2,5274,39,2,2,5124,4,30,1,5,0,0,5,0,0,0,1,2,0,0
1,1.1,5274,40,1,2,8132,3,30,1,5,0,0,5,0,5,0,4,,,
1,1.1,5274,41,1,2,8132,4,30,1,5,0,5,1,1,5,0,4,,,
1,1.2,5274,42,2,2,5124,5,30,1,5,0,5,5,0,0,0,1,2,0,0
1,1.1,5274,43,2,2,8861,2,30,1,5,0,0,5,0,5,0,4,,,
1,1.1,5274,44,2,2,8861,4,30,1,5,0,0,5,0,5,0,5,,,
1,1.1,5274,45,2,2,5124,6,30,1,0,0,0,0,0,0,0,0,,,
1,1.1,5277,32,2,2,8642,3,30,1,1,6,5,1,5,0,0,1,,,
1,1.1,5290,41,1,2,7876,4,30,1,0,0,0,0,0,0,0,1,,,
1,1.1,5290,42,2,2,6487,2,30,1,0,0,0,0,0,0,0,0,,,
1,1.1,5290,206,2,3,7655,3,30,1,0,0,0,0,0,0,0,4,,,
1,1.1,5292,44,1,2,429,2,30,1,1,4,5,5,0,5,0,5,,,
1,1.1,5294,34,1,2,1905,5,30,1,5,0,0,5,0,0,0,2,,,
1,1.2,5294,35,1,2,1905,2,30,1,1,2,0,5,0,0,0,1,2,999,99
1,1.2,5294,36,1,2,1905,3,30,1,5,0,0,5,0,0,0,1,2,0,0
1,1.1,5294,37,1,2,2163,4,30,1,0,0,0,0,0,0,0,0,,,
1,1.1,5294,177,1,3,2163,3,30,1,1,5,0,5,0,0,0,5,,,
1,1.1,5299,65,1,2,4831,3,30,1,5,0,0,5,0,0,0,1,,,
1,1.2,5299,66,2,2,7510,2,30,1,5,0,0,5,0,0,0,5,2,997,4
1,1.2,5299,67,2,2,5789,4,60,1,5,0,0,5,0,0,1,2,2,997,4
1,1.2,5299,68,1,2,7793,2,40,1,5,0,5,5,0,0,5,1,2,998,98
1,1.2,5299,69,2,2,4683,2,30,1,5,0,0,5,0,0,0,1,2,998,4
1,1.2,5299,70,2,2,6415,2,30,1,5,0,0,5,0,0,0,2,2,3.9,4
1,1.2,5299,71,1,2,8113,3,35,1,5,0,0,5,0,0,0,1,2,3.7,5
1,1.2,5299,72,2,2,6514,2,30,1,5,0,0,5,0,0,0,1,2,0,0
1,1.1,5299,73,1,2,4831,4,30,1,5,0,0,5,0,0,0,1,,,
1,1.1,5299,74,1,2,6514,3,30,1,5,0,5,5,0,0,0,1,,,
1,1.1,5299,75,1,2,6514,4,30,1,5,0,0,5,0,0,0,1,,,
1,1.2,5299,76,2,2,6415,4,30,1,1,6,0,1,1,0,5,4,2,0,0
1,1.2,5299,77,2,2,6554,3,30,1,5,0,0,5,0,0,0,2,2,0,0
1,1.2,5299,78,2,2,6399,2,30,1,1,6,0,1,1,0,5,1,2,0,0
1,1.2,5299,79,1,2,8113,4,35,1,5,0,0,5,0,0,0,2,2,0,0
1,1.2,5299,80,1,2,4547,4,30,1,5,0,0,5,0,0,0,3,2,0,0
1,1.1,5299,81,2,2,6604,4,30,1,1,5,5,5,0,5,5,1,,,
1,1.2,5299,82,1,2,6415,5,30,1,5,0,0,5,0,0,5,4,2,0,0
1,1.2,5299,83,2,2,6399,3,30,1,5,0,0,5,0,0,0,1,2,0,0
1,1.1,5299,84,2,2,6399,4,30,1,5,0,0,5,0,0,1,0,,,
1,1.1,5299,86,2,2,4547,5,30,1,5,0,0,5,0,0,0,3,,,
1,1.1,5299,87,2,2,4547,6,30,1,5,0,0,5,0,0,0,3,,,
1,1.1,5299,88,1,2,6399,5,30,1,1,5,0,1,1,0,5,2,,,
1,1.1,5299,89,2,2,6514,5,30,1,0,0,0,0,0,0,0,1,,,
1,1.1,5299,91,2,2,7364,2,30,1,0,0,0,0,0,0,0,5,,,
1,1.1,5299,92,2,2,6399,6,30,1,0,0,0,0,0,0,0,2,,,
1,1.1,5299,93,1,2,6514,6,30,1,0,0,0,0,0,0,0,1,,,
1,1.1,5299,94,2,2,7210,3,70,1,0,0,0,0,0,0,0,0,,,
1,1.1,5299,95,2,2,8113,6,30,1,0,0,0,0,0,0,0,0,,,
1,1.2,5299,188,1,3,6554,2,30,1,5,0,0,1,5,0,0,2,2,4,5
1,1.2,5299,191,2,3,4547,3,30,1,5,0,0,5,0,0,5,3,2,4.5,4.9
1,1.2,5305,38,1,2,4742,2,30,1,5,0,0,5,0,0,0,1,2,998,98
1,1.2,5305,39,1,2,4742,3,30,1,5,0,5,5,0,0,0,1,2,998,98
1,1.2,5305,40,2,2,6570,3,30,1,5,0,0,5,0,0,0,1,2,0,0
1,1.1,5305,41,1,2,9344,3,30,1,0,0,0,0,0,0,0,2,,,
1,1.1,5306,35,1,2,7112,3,30,1,0,0,0,0,0,0,0,4,,,
1,1.2,5308,34,1,2,3165,3,30,1,5,0,5,5,0,0,0,2,2,0,0
1,1.1,5308,35,2,2,3165,4,30,1,5,0,5,5,0,0,0,2,,,
1,1.1,5308,36,1,2,3165,5,30,1,5,0,5,5,0,0,0,2,,,
1,1.2,5314,42,1,2,2186,3,33,1,5,0,5,5,0,0,0,1,2,0,0
1,1.2,5314,43,2,2,1462,4,30,1,5,0,0,5,0,0,0,1,2,0,0
1,1.2,5314,44,1,2,1971,3,30,1,5,0,0,5,0,0,0,1,2,998,98
1,1.1,5314,45,1,2,1971,4,30,1,5,0,5,5,0,0,0,1,,,
1,1.1,5314,46,1,2,1971,5,30,1,5,0,0,5,0,0,0,1,,,
1,1.1,5314,47,1,2,1462,5,60,1,0,0,0,0,0,0,0,1,,,
1,1.1,5314,49,2,2,1491,3,30,1,0,0,0,0,0,0,0,0,,,
1,1.1,5315,39,2,2,8215,4,30,1,1,5,0,1,1,0,0,1,,,
1,1.1,5315,40,2,2,4665,5,30,1,5,0,5,5,0,0,0,0,,,
1,1.2,5315,41,2,2,4823,4,30,1,5,0,5,5,0,0,0,4,2,0,0
1,1.1,5315,42,2,2,8215,5,30,1,5,0,0,5,0,0,0,1,,,
1,1.2,5315,180,1,3,4823,3,30,1,1,6,5,5,0,0,0,3,2,0,0
1,1.2,5332,45,1,2,5597,3,30,1,1,2,0,5,0,5,0,1,2,2.5,4
1,1.2,5332,47,1,2,7508,2,30,1,1,6,0,1,1,0,5,1,2,0,0
1,1.1,5332,48,1,2,5597,4,30,1,1,6,0,5,0,5,0,1,,,
1,1.2,5348,187,2,3,6285,2,30,1,1,1,5,5,0,0,5,1,2,0,0
1,1.1,5348,192,1,3,6285,3,30,1,5,0,0,5,0,0,0,1,,,
1,1.1,5350,42,1,2,4204,3,30,1,5,0,5,5,0,5,0,5,,,
1,1.1,5350,44,2,2,4204,4,30,1,5,0,0,1,5,0,0,5,,,
1,1.1,5350,46,2,2,4064,2,60,1,5,0,0,5,0,0,5,4,,,
1,1.1,5350,47,2,2,4064,3,60,1,0,0,0,0,0,0,0,3,,,
1,1.2,5350,185,2,3,4204,2,30,1,1,3,0,5,0,0,0,5,2,0,0
1,1.1,5355,176,1,3,8195,2,30,1,1,1,0,5,0,5,0,1,,,
1,1.1,5355,177,2,3,8195,3,30,1,1,6,5,5,0,5,0,1,,,
1,1.2,5363,36,2,2,479,2,30,1,1,1,0,5,0,0,0,2,2,0,0
1,1.2,5363,37,2,2,479,3,30,1,1,1,5,1,1,0,0,1,2,0,0
1,1.1,5363,38,1,2,601,2,30,1,1,5,0,1,1,5,5,3,,,
1,1.2,5364,39,1,2,7120,3,30,1,5,0,0,5,0,0,0,1,2,998,98
1,1.1,5364,40,2,2,7765,4,30,1,1,1,0,5,0,5,0,1,,,
1,1.2,5364,48,2,2,7120,4,30,1,5,0,0,5,0,0,0,2,2,3.8,4
1,1.1,5366,55,2,2,6303,2,30,1,5,0,0,5,0,0,0,0,,,
1,1.1,5366,56,2,2,6303,3,30,1,0,0,0,0,0,0,0,0,,,
1,1.1,5366,57,1,2,6303,4,30,1,0,0,0,0,0,0,0,0,,,
1,1.1,5366,58,1,2,7558,4,30,1,0,0,0,0,0,0,0,3,,,
1,1.2,5366,206,1,3,5817,3,33,1,1,1,0,5,0,5,0,1,2,998,98
1,1.1,5366,212,2,0,7558,3,35,1,5,0,0,5,0,0,0,3,,,
1,1.2,5375,31,2,2,4192,2,30,1,1,1,0,5,0,0,5,2,2,3.32,4
1,1.2,5393,40,1,2,6338,2,30,1,1,4,0,1,1,0,0,1,2,4.2,4.3
1,1.2,5393,41,1,2,6338,3,30,1,1,6,0,1,1,0,0,2,2,0,0
1,1.1,5393,43,2,2,5373,3,30,1,0,0,0,0,0,0,0,3,,,
1,1.1,5393,44,1,2,8172,4,60,1,0,0,0,0,0,0,0,3,,,
1,1.2,5396,36,1,2,937,4,30,1,5,0,0,5,0,0,0,1,2,0,0
1,1.1,5396,37,2,2,937,5,30,1,5,0,0,5,0,0,0,1,,,
1,1.1,5396,38,1,2,937,6,30,1,0,0,0,0,0,0,0,1,,,
1,1.1,5396,39,1,2,937,7,30,1,0,0,0,0,0,0,0,0,,,
1,1.2,5396,179,1,3,937,3,30,1,5,0,0,5,0,0,0,1,2,0,0
1,1.2,5405,31,1,2,170,3,33,1,5,0,0,5,0,0,0,1,2,0,0
1,1.2,5405,32,2,2,170,4,33,1,5,0,0,5,0,0,0,1,2,0,0
1,1.2,5405,33,1,2,170,5,33,1,5,0,0,5,0,5,0,1,2,0,0
1,1.2,5405,34,1,2,170,6,33,1,5,0,0,5,0,0,0,1,2,0,0
1,1.1,5406,34,2,2,8433,2,30,1,5,0,5,1,5,0,0,3,,,
1,1.1,5416,37,1,2,8043,3,30,1,5,0,5,5,0,5,0,1,,,
1,1.1,5417,32,2,2,8437,4,60,1,1,3,5,5,0,0,0,4,,,
1,1.1,5424,35,1,2,4383,4,30,1,0,0,0,0,0,0,0,0,,,
1,1.1,5424,36,2,2,4383,5,30,1,0,0,0,0,0,0,0,0,,,
1,1.1,5429,38,2,2,6231,2,30,1,0,0,0,0,0,0,0,4,,,
1,1.1,5430,69,1,2,6776,2,30,1,5,0,0,5,0,0,0,2,,,
1,1.2,5430,71,1,2,8945,4,30,1,5,0,0,5,0,0,0,1,2,3.5,5
1,1.2,5430,72,1,2,4612,3,30,1,1,6,5,5,0,0,0,1,2,998,98
1,1.1,5430,74,1,2,6776,3,30,1,5,0,5,1,1,0,0,2,,,
1,1.1,5430,79,1,2,4938,3,30,1,5,0,0,5,0,0,0,1,,,
1,1.2,5430,81,2,2,6772,2,30,1,5,0,0,5,0,0,1,1,2,0,0
1,1.1,5430,87,1,2,4938,4,30,1,5,0,0,5,0,0,0,2,,,
1,1.1,5430,89,2,2,4938,5,30,1,5,0,0,5,0,0,0,3,,,
1,1.1,5430,90,2,2,4938,6,30,1,5,0,0,5,0,0,0,3,,,
1,1.1,5430,91,1,2,4612,4,30,1,0,0,0,0,0,0,0,5,,,
1,1.1,5430,94,1,2,5607,2,30,1,0,0,0,0,0,0,0,0,,,
1,1.1,5430,95,2,2,5246,2,30,1,0,0,0,0,0,0,0,0,,,
1,1.1,5441,32,1,2,693,3,30,1,1,3,0,5,0,0,0,2,,,
1,1.1,5441,33,2,2,693,4,30,1,0,0,0,0,0,0,0,0,,,
1,1.1,5441,34,2,2,693,5,30,1,0,0,0,0,0,0,0,0,,,
1,1.2,5442,36,1,2,5835,3,30,1,1,3,0,5,0,0,0,3,2,0,0
1,1.1,5442,39,2,2,5835,4,30,1,1,3,0,5,0,0,0,5,,,
1,1.2,5446,34,2,2,933,3,30,1,5,0,0,5,0,0,0,1,2,0,0
1,1.2,5446,35,1,2,1074,2,30,1,5,0,0,5,0,0,0,2,2,0,0
1,1.1,5446,173,1,3,933,5,30,1,5,0,0,5,0,0,0,1,,,
1,1.1,5447,38,1,2,8759,2,30,1,0,0,0,0,0,0,0,5,,,
1,1.1,5447,39,1,2,8759,3,30,1,0,0,0,0,0,0,0,0,,,
1,1.1,5447,40,1,2,8777,3,30,1,0,0,0,0,0,0,0,0,,,
1,1.1,5449,36,1,2,2140,2,30,1,5,0,0,5,0,0,5,5,,,
1,1.2,5458,40,2,2,2225,2,30,1,5,0,0,5,0,5,5,1,2,3.3,4
1,1.2,5458,41,2,2,2225,3,30,1,5,0,5,5,0,5,0,3,2,0,0
1,1.2,5458,42,1,2,2225,4,30,1,5,0,0,5,0,0,0,2,2,0,0
1,1.1,5458,43,1,2,1930,2,30,1,0,0,0,0,0,0,0,1,,,
1,1.1,5458,44,1,2,1614,3,30,1,0,0,0,0,0,0,0,1,,,
1,1.2,5459,35,1,2,1407,4,30,1,1,5,0,1,1,5,0,1,2,2.5,4
1,1.2,5459,36,2,2,1418,2,30,1,5,0,0,5,0,0,0,2,2,0,0
1,1.2,5462,39,1,2,3173,3,30,1,5,0,0,5,0,0,0,1,2,2.9,4
1,1.1,5462,40,2,2,3199,2,30,1,5,0,5,5,0,0,0,4,,,
1,1.1,5462,41,1,2,3218,5,60,1,0,0,0,0,0,0,0,0,,,
1,1.1,5462,42,1,2,3339,2,30,1,0,0,0,0,0,0,0,1,,,
1,1.1,5462,177,2,3,3218,6,60,1,0,0,0,0,0,0,0,0,,,
1,1.1,5463,46,2,2,5085,4,60,1,5,0,0,5,0,0,0,2,,,
1,1.1,5463,47,1,2,5085,5,60,1,5,0,0,5,0,0,0,0,,,
1,1.1,5463,51,1,2,5085,6,60,1,5,0,0,5,0,0,0,0,,,
1,1.2,5464,46,2,2,1918,3,33,1,1,5,0,1,1,0,0,1,2,3.2,98
1,1.1,5464,47,1,2,1778,2,30,1,5,0,0,5,0,5,0,1,,,
1,1.1,5464,50,2,2,2100,2,30,1,0,0,0,0,0,0,0,0,,,
1,1.1,5464,51,1,2,1607,6,70,1,0,0,0,0,0,0,0,0,,,
1,1.1,5464,52,2,2,1607,7,70,1,0,0,0,0,0,0,0,0,,,
1,1.1,5476,32,2,2,388,4,30,1,0,0,0,0,0,0,0,0,,,
1,1.2,5476,174,1,3,388,3,30,1,5,0,5,5,0,0,0,1,2,0,0
1,1.1,5479,33,2,2,2822,2,30,1,5,0,5,5,0,0,0,5,,,
1,1.1,5488,34,1,2,2107,4,60,1,5,0,0,5,0,0,0,4,,,
1,1.1,5488,35,1,2,2107,6,60,1,0,0,0,0,0,0,0,4,,,
1,1.1,5491,35,2,2,1041,2,30,1,1,4,0,1,1,0,0,0,,,
1,1.1,5491,36,2,2,135,2,30,1,0,0,0,0,0,0,0,0,,,
1,1.1,5491,181,2,3,1041,3,30,1,5,0,0,5,0,0,0,0,,,
1,1.2,5493,44,2,2,2340,4,33,1,5,0,0,5,0,0,0,2,2,2,4
1,1.2,5493,45,2,2,2340,5,33,1,5,0,0,5,0,0,0,1,2,2.9,4
1,1.2,5493,46,2,2,1745,3,30,1,5,0,5,1,5,0,0,1,2,0,0
1,1.2,5493,47,1,2,2084,2,30,1,5,0,0,1,1,0,0,0,2,0,0
1,1.2,5493,48,2,2,1665,2,30,1,5,0,5,1,5,0,0,0,2,0,0
1,1.1,5493,49,2,2,2682,3,35,1,5,0,0,5,0,0,0,1,,,
1,1.2,5493,50,2,2,2084,3,30,1,1,6,0,1,1,0,0,0,2,0,0
1,1.1,5493,51,1,2,1872,3,30,1,1,6,0,5,0,0,0,0,,,
1,1.1,5493,52,2,2,2084,4,30,1,5,0,0,1,1,0,0,0,,,
1,1.2,5493,53,1,2,1665,4,30,1,5,0,0,5,0,0,0,0,2,0,0
1,1.1,5493,54,1,2,1665,3,30,1,5,0,5,5,0,0,0,0,,,
1,1.1,5493,55,1,2,1427,4,30,1,0,0,0,0,0,0,0,2,,,
1,1.1,5493,218,2,3,2584,2,30,1,5,0,0,5,0,0,0,1,,,
1,1.1,5493,220,1,3,1872,4,30,1,0,0,0,0,0,0,0,0,,,
1,1.1,5494,43,2,2,7337,4,30,1,0,0,0,0,0,0,0,2,,,
1,1.1,5494,44,2,2,5389,3,30,1,0,0,0,0,0,0,0,0,,,
1,1.1,5494,45,2,2,5389,4,30,1,0,0,0,0,0,0,0,0,,,
1,1.1,5495,36,2,2,1754,2,30,1,5,0,0,5,0,0,0,1,,,
1,1.1,5495,37,2,2,1754,3,30,1,0,0,0,0,0,0,0,1,,,
1,1.1,5495,38,2,2,1754,4,30,1,0,0,0,0,0,0,0,1,,,
1,1.1,5498,36,1,2,325,3,30,1,0,0,0,0,0,0,0,3,,,
1,1.1,5499,37,2,2,3651,2,30,1,5,0,0,5,0,0,0,5,,,
1,1.1,5499,38,2,2,3488,3,30,1,0,0,0,0,0,0,0,0,,,
1,1.1,5499,39,2,2,3544,4,30,1,0,0,0,0,0,0,0,0,,,
1,1.1,5499,40,2,2,3651,4,30,1,0,0,0,0,0,0,0,5,,,
1,1.1,5499,41,2,2,3488,6,30,1,0,0,0,0,0,0,0,0,,,
1,1.2,5499,200,1,3,3544,2,30,1,5,0,0,5,0,0,0,0,2,0,0
1,1.2,5499,209,2,3,3544,3,30,1,5,0,0,5,0,0,0,4,2,0,0
1,1.1,5499,212,2,3,3488,4,30,1,5,0,0,5,0,0,0,0,,,
1,1.2,5501,46,1,2,7570,2,30,1,1,4,5,5,0,5,0,2,2,0,0
1,1.1,5501,48,2,2,7570,3,30,1,1,6,5,5,0,5,0,3,,,
1,1.1,5503,33,1,2,3963,3,30,1,1,2,5,1,5,0,0,1,,,
1,1.2,5503,34,1,2,4346,2,30,1,5,0,0,1,1,0,0,1,2,0,0
1,1.1,5503,35,2,2,3963,4,30,1,1,2,5,5,0,0,0,1,,,
1,1.1,5503,36,2,2,3963,5,30,1,1,3,0,1,5,0,0,1,,,
1,1.2,5503,37,2,2,4423,2,30,1,5,0,5,1,1,0,0,2,2,0,0
1,1.2,5503,190,1,3,3963,2,30,1,1,3,5,5,0,0,0,1,2,0,0
1,1.2,5503,192,2,3,4215,2,30,1,5,0,0,5,0,5,0,1,2,0,0
1,1.1,5503,194,2,3,4236,3,30,1,1,5,5,1,5,0,0,1,,,
1,1.2,5513,38,2,2,2301,2,30,1,5,0,0,5,0,5,0,1,2,1.5,4.1
1,1.2,5513,39,2,2,2301,3,30,1,5,0,5,5,0,5,0,1,2,0,0
1,1.2,5515,30,1,2,6750,2,30,1,5,0,5,5,0,5,0,1,2,0,0
1,1.2,5526,51,2,2,5859,3,35,1,5,0,5,1,5,0,0,2,2,997,98
1,1.2,5526,52,2,2,6984,2,30,1,5,0,0,5,0,0,0,1,2,0,0
1,1.2,5526,53,1,2,5958,4,33,1,1,5,5,5,0,0,0,2,2,0,0
1,1.2,5526,54,1,2,7108,3,30,1,5,0,0,5,0,0,0,5,2,0,0
1,1.1,5526,55,2,2,4533,2,30,1,5,0,0,5,0,0,0,2,,,
1,1.1,5526,56,1,2,7108,4,30,1,0,0,0,0,0,0,0,1,,,
1,1.1,5526,57,1,2,5958,3,30,1,0,0,0,0,0,0,0,1,,,
1,1.1,5527,33,1,2,2742,3,30,1,0,0,0,0,0,0,0,1,,,
1,1.1,5527,34,2,2,2742,4,30,1,0,0,0,0,0,0,0,1,,,
1,1.2,5537,56,1,2,5139,4,30,1,5,0,0,5,0,0,0,5,2,998,98
1,1.1,5537,57,2,2,5165,3,65,1,5,0,5,1,1,0,0,1,,,
1,1.1,5537,58,2,2,5165,4,65,1,5,0,0,1,1,0,0,1,,,
1,1.2,5537,59,1,2,5632,4,30,1,1,4,0,5,0,0,0,1,2,0,0
1,1.1,5537,60,2,2,6461,3,30,1,5,0,0,5,0,0,0,4,,,
1,1.2,5537,61,1,2,5455,3,33,1,5,0,0,5,0,0,0,0,2,0,0
1,1.2,5537,62,1,2,5455,4,33,1,5,0,0,5,0,0,0,1,2,0,0
1,1.1,5537,63,2,2,4901,2,30,1,5,0,0,5,0,0,0,5,,,
1,1.1,5537,64,1,2,5330,2,30,1,5,0,0,5,0,0,0,1,,,
1,1.1,5537,65,1,2,5309,3,30,1,0,0,0,0,0,0,0,3,,,
1,1.1,5537,66,1,2,5165,5,65,1,0,0,0,0,0,0,0,1,,,
1,1.1,5537,67,1,2,4901,3,30,1,0,0,0,0,0,0,0,0,,,
1,1.1,5537,68,1,2,8343,2,30,1,0,0,0,0,0,0,0,0,,,
1,1.1,5537,69,2,2,5632,6,30,1,0,0,0,0,0,0,0,5,,,
1,1.1,5537,70,2,2,5165,6,65,1,0,0,0,0,0,0,0,2,,,
1,1.1,5537,71,2,2,8343,3,30,1,0,0,0,0,0,0,0,0,,,
1,1.1,5537,72,1,2,5309,4,30,1,0,0,0,0,0,0,0,1,,,
1,1.1,5537,73,1,2,5330,5,30,1,0,0,0,0,0,0,0,3,,,
1,1.1,5537,74,1,2,7908,3,30,1,0,0,0,0,0,0,0,1,,,
1,1.1,5537,75,1,2,4901,4,30,1,0,0,0,0,0,0,0,0,,,
1,1.1,5537,77,1,2,6461,6,30,1,0,0,0,0,0,0,0,2,,,
1,1.1,5537,78,1,2,6461,7,30,1,0,0,0,0,0,0,0,0,,,
1,1.1,5537,82,2,2,5309,5,30,1,0,0,0,0,0,0,0,0,,,
1,1.2,5537,201,1,3,5632,3,30,1,1,5,0,5,0,0,0,1,2,0,0
1,1.1,5537,206,1,3,4926,4,30,1,5,0,0,5,0,0,0,0,,,
1,1.1,5539,44,1,2,5953,3,30,1,5,0,0,5,0,0,0,1,,,
1,1.1,5539,45,2,2,4650,3,30,1,5,0,0,5,0,0,0,0,,,
1,1.1,5539,46,2,2,7855,3,30,1,0,0,0,0,0,0,0,2,,,
1,1.1,5539,47,2,2,7855,4,30,1,0,0,0,0,0,0,0,0,,,
1,1.1,5539,212,2,3,7419,5,30,1,1,5,0,5,0,0,0,3,,,
1,1.2,5542,34,2,2,2071,4,33,1,5,0,5,5,0,0,0,1,2,3.8,98
1,1.1,5542,35,2,2,2071,5,30,1,0,0,0,0,0,0,0,4,,,
1,1.2,5547,42,2,2,8880,2,38,1,5,0,0,5,0,0,0,1,2,3,4
1,1.2,5547,43,1,2,8024,3,35,1,5,0,0,5,0,0,0,2,2,0,0
1,1.1,5547,44,1,2,8024,4,30,1,5,0,0,5,0,0,0,1,,,
1,1.1,5547,51,2,2,8024,5,30,1,0,0,0,0,0,0,0,2,,,
1,1.2,5548,45,1,2,7055,2,30,1,5,0,5,5,0,0,0,1,2,0,0
1,1.1,5548,47,2,2,8439,3,35,1,1,5,0,1,1,0,0,1,,,
1,1.1,5548,48,2,2,7055,3,30,1,5,0,5,5,0,0,0,2,,,
1,1.1,5548,49,2,2,8341,4,30,1,0,0,0,0,0,0,0,0,,,
1,1.1,5548,50,2,2,7292,2,30,1,0,0,0,0,0,0,0,1,,,
1,1.1,5548,51,1,2,8341,5,30,1,0,0,0,0,0,0,0,0,,,
1,1.1,5548,176,2,3,8341,3,30,1,5,0,0,1,5,5,0,4,,,
1,1.2,5549,42,2,2,8068,2,30,1,1,1,0,5,0,0,0,1,2,0,0
1,1.1,5549,43,2,2,8068,3,30,1,1,2,0,5,0,0,0,1,,,
1,1.1,5549,44,1,2,8068,4,30,1,1,3,0,5,0,0,0,1,,,
1,1.1,5549,45,1,2,8068,5,30,1,1,3,5,5,0,0,0,4,,,
1,1.1,5549,46,1,2,7809,2,30,1,0,0,0,0,0,0,0,3,,,
1,1.2,5559,39,2,2,6533,4,33,1,5,0,0,5,0,0,0,2,2,0,0
1,1.2,5560,48,2,2,4522,3,30,1,5,0,0,5,0,0,0,1,2,998,98
1,1.1,5560,52,2,2,4505,2,30,1,5,0,0,1,5,0,0,3,,,
1,1.1,5560,53,1,2,4505,3,30,1,0,0,0,0,0,0,0,3,,,
1,1.1,5565,38,2,2,5453,3,30,1,1,2,5,1,5,1,0,1,,,
1,1.2,5565,39,2,2,9182,3,30,1,1,1,0,5,0,0,0,1,2,0,0
1,1.2,5565,40,2,2,7945,3,30,1,1,3,5,1,5,0,0,3,2,0,0
1,1.1,5566,34,2,2,2217,2,30,1,5,0,5,5,0,0,0,1,,,
1,1.2,5569,44,2,2,7193,2,30,1,5,0,5,5,0,0,5,0,2,998,98
1,1.1,5569,46,2,2,7193,3,30,1,5,0,0,5,0,0,0,0,,,
1,1.1,5569,47,1,2,7193,4,30,1,0,0,0,0,0,0,0,0,,,
1,1.2,5570,50,1,2,5811,3,30,1,1,5,0,1,1,5,0,2,2,3.3,5
1,1.2,5570,52,1,2,5811,4,30,1,1,3,5,1,1,5,5,3,2,3,5
1,1.2,5570,54,1,2,8142,2,30,1,1,1,0,5,0,0,0,4,2,2.37,5
1,1.2,5570,56,1,2,7451,2,30,1,5,0,0,5,0,5,0,1,2,998,4.2
1,1.2,5570,57,1,2,7451,3,30,1,5,0,0,5,0,5,0,1,2,3.4,4
1,1.2,5570,58,2,2,7451,4,30,1,5,0,0,5,0,5,0,2,2,998,98
1,1.1,5570,59,2,2,8017,3,35,1,5,0,0,5,0,0,0,2,,,
1,1.2,5570,60,1,2,8544,3,30,1,5,0,0,5,0,0,0,1,2,0,0
1,1.1,5570,62,2,2,7983,3,30,1,1,4,0,5,0,0,0,2,,,
1,1.1,5570,63,2,2,7983,4,30,1,1,4,0,1,1,0,0,2,,,
1,1.1,5570,64,2,2,5811,5,30,1,1,4,0,1,5,5,0,2,,,
1,1.1,5570,67,2,2,8017,4,35,1,5,0,0,5,0,0,0,2,,,
1,1.1,5570,69,1,2,7834,2,30,1,0,0,0,0,0,0,0,0,,,
1,1.1,5570,70,1,2,8544,4,30,1,0,0,0,0,0,0,0,0,,,
1,1.1,5570,72,2,2,7186,3,30,1,0,0,0,0,0,0,0,0,,,
1,1.1,5573,48,2,2,4260,2,30,1,0,0,0,0,0,0,0,4,,,
1,1.1,5573,49,1,2,4440,4,70,1,0,0,0,0,0,0,0,0,,,
1,1.2,5576,43,1,2,1395,4,30,1,5,0,0,5,0,0,0,1,2,3,6
1,1.2,5576,44,2,2,1395,5,30,1,1,2,5,1,5,5,0,1,2,0,0
1,1.1,5592,37,1,2,6756,3,30,1,1,4,5,1,1,0,0,2,,,
1,1.2,5600,34,1,2,6071,5,65,1,5,0,5,5,0,0,0,1,2,0,0
1,1.1,5600,35,2,2,6071,7,65,1,0,0,0,0,0,0,0,1,,,
1,1.2,5608,174,2,3,988,2,30,1,5,0,0,5,0,0,5,2,2,0,0
1,1.2,5610,38,2,2,8644,2,30,1,5,0,0,1,5,0,0,1,2,3,4
1,1.2,5610,39,2,2,6042,2,30,1,5,0,0,5,0,0,0,2,2,3.13,4
1,1.1,5610,40,2,2,6042,3,30,1,5,0,0,5,0,0,0,2,,,
1,1.1,5610,42,1,2,6042,4,30,1,5,0,0,5,0,0,0,3,,,
1,1.2,5613,50,1,2,5012,3,71,1,5,0,0,5,0,0,0,1,2,998,98
1,1.2,5613,52,2,2,6255,3,30,1,5,0,0,5,0,0,0,0,2,998,3.8
1,1.2,5613,57,2,2,6150,5,60,1,5,0,5,5,0,0,5,1,2,0,0
1,1.1,5613,58,2,2,4516,2,30,1,5,0,5,5,0,0,0,3,,,
1,1.1,5613,59,2,2,4973,4,65,1,5,0,0,5,0,0,5,3,,,
1,1.2,5613,201,2,3,6150,4,60,1,5,0,0,5,0,0,5,1,2,998,4
1,1.2,5614,40,1,2,4774,3,30,1,5,0,0,5,0,0,0,4,2,998,98
1,1.2,5614,41,1,2,7517,2,30,1,1,2,0,5,0,0,5,1,2,2,4.4
1,1.2,5614,43,2,2,8593,3,30,1,1,1,5,5,0,0,0,3,2,0,0
1,1.1,5614,44,1,2,7517,3,30,1,5,0,5,5,0,0,0,0,,,
1,1.1,5614,45,2,2,6823,5,30,1,5,0,0,1,5,0,0,1,,,
1,1.1,5614,46,1,2,6823,2,30,1,5,0,5,5,0,0,0,2,,,
1,1.1,5614,47,2,2,6823,7,30,1,5,0,0,1,5,0,0,1,,,
1,1.1,5614,48,2,2,6823,6,30,1,5,0,5,1,5,0,0,1,,,
1,1.1,5614,50,2,2,5711,4,30,1,0,0,0,0,0,0,0,1,,,
1,1.1,5614,51,1,2,6823,4,30,1,5,0,0,5,0,0,0,2,,,
1,1.1,5614,52,2,2,7414,2,30,1,0,0,0,0,0,0,0,1,,,
1,1.1,5614,53,1,2,4784,3,30,1,0,0,0,0,0,0,0,1,,,
1,1.2,5614,196,2,3,5711,3,30,1,1,5,0,1,1,1,0,1,2,0,0
1,1.1,5614,198,1,3,6027,2,30,1,5,0,5,5,0,0,0,1,,,
1,1.2,5619,42,2,2,1506,3,30,1,5,0,0,1,5,0,0,1,2,0,0
1,1.1,5619,45,1,2,1506,4,30,1,5,0,5,5,0,0,0,1,,,
1,1.1,5619,46,1,2,1962,3,60,1,0,0,0,0,0,0,0,1,,,
1,1.1,5619,47,1,2,1670,3,30,1,0,0,0,0,0,0,0,0,,,
1,1.2,5621,38,2,2,1826,4,30,1,1,5,0,5,0,0,0,2,2,3.5,4
1,1.1,5621,39,1,2,2139,3,30,1,5,0,5,5,0,0,5,2,,,
1,1.1,5621,41,2,2,1758,2,30,1,0,0,0,0,0,0,0,0,,,
1,1.1,5621,42,1,2,1758,3,30,1,0,0,0,0,0,0,0,0,,,
1,1.2,5623,65,1,2,5138,3,30,1,5,0,0,5,0,0,0,1,2,998,4
1,1.2,5623,66,1,2,8326,2,60,1,5,0,0,5,0,5,0,1,2,3,4
1,1.2,5623,69,1,2,4772,3,33,1,1,6,0,1,1,1,0,1,2,998,4.5
1,1.2,5623,70,2,2,5130,3,30,1,5,0,0,5,0,0,0,2,2,998,98
1,1.2,5623,71,1,2,5777,2,30,1,5,0,0,5,0,0,0,1,2,998,4
1,1.2,5623,72,2,2,6374,5,33,1,5,0,0,5,0,0,0,1,2,3.1,4
1,1.1,5623,74,2,2,5088,3,30,1,5,0,0,1,5,0,0,1,,,
1,1.2,5623,75,2,2,5130,4,30,1,5,0,0,5,0,0,0,2,2,3.1,4
1,1.2,5623,76,1,2,8326,4,60,1,5,0,5,1,1,5,0,1,2,0,0
1,1.2,5623,77,2,2,5777,3,30,1,5,0,0,5,0,0,0,1,2,0,0
1,1.2,5623,78,1,2,5738,2,30,1,5,0,5,5,0,0,0,2,2,0,0
1,1.1,5623,79,2,2,5088,4,30,1,1,6,0,1,1,0,5,2,,,
1,1.2,5623,80,1,2,7623,3,30,1,5,0,0,5,0,0,0,5,2,0,0
1,1.1,5623,81,2,2,6534,3,30,1,5,0,0,5,0,0,0,4,,,
1,1.1,5623,82,2,2,7623,4,30,1,5,0,0,1,5,0,0,5,,,
1,1.1,5623,83,2,2,5738,3,30,1,5,0,5,5,0,0,0,0,,,
1,1.1,5623,84,2,2,5738,4,30,1,0,0,0,0,0,0,0,0,,,
1,1.1,5623,86,1,2,5088,5,30,1,0,0,0,0,0,0,0,4,,,
1,1.1,5623,88,2,2,6534,2,30,1,0,0,0,0,0,0,0,0,,,
1,1.1,5625,33,2,2,428,2,30,1,5,0,5,5,0,0,0,3,,,
1,1.1,5625,34,2,2,428,3,30,1,0,0,0,0,0,0,0,3,,,
1,1.1,5626,36,2,2,166,3,30,1,5,0,5,5,0,0,0,2,,,
1,1.2,5628,45,1,2,2924,3,30,1,5,0,0,5,0,0,0,1,2,998,5.56
1,1.2,5628,46,2,2,3125,2,30,1,5,0,0,5,0,0,0,1,2,998,98
1,1.2,5628,47,1,2,2924,4,30,1,5,0,0,5,0,0,0,5,2,998,2.8
1,1.2,5628,48,1,2,3084,4,30,1,5,0,0,5,0,0,0,1,2,1.6,4
1,1.2,5628,49,2,2,3019,2,30,1,5,0,0,5,0,0,0,0,2,0,0
1,1.2,5628,50,1,2,3245,2,30,1,5,0,5,1,1,0,0,4,2,0,0
1,1.1,5628,51,2,2,3019,3,30,1,5,0,0,5,0,0,0,0,,,
1,1.2,5628,52,1,2,2924,5,30,1,5,0,5,5,0,0,1,2,2,0,0
1,1.2,5628,53,1,2,3125,3,30,1,5,0,0,5,0,0,0,0,2,0,0
1,1.2,5628,54,2,2,3125,4,30,1,5,0,0,5,0,0,0,0,2,0,0
1,1.2,5628,55,2,2,3245,3,30,1,5,0,5,5,0,0,0,2,2,0,0
1,1.1,5628,56,2,2,2924,6,30,1,0,0,0,0,0,0,0,1,,,
1,1.1,5628,57,1,2,3019,4,30,1,0,0,0,0,0,0,0,0,,,
1,1.1,5628,58,2,2,3245,4,30,1,0,0,0,0,0,0,0,3,,,
1,1.2,5628,188,1,3,3084,3,30,1,5,0,0,5,0,0,0,1,2,1.8,2.6
1,1.2,5628,195,1,3,3084,5,30,1,5,0,0,5,0,0,0,1,2,0,0
1,1.1,5635,45,1,2,8406,3,30,1,1,1,0,5,0,0,0,1,,,
1,1.1,5635,47,1,2,8406,4,30,1,1,3,0,5,0,0,0,1,,,
1,1.1,5635,50,2,2,7513,3,30,1,0,0,0,0,0,0,0,5,,,
1,1.1,5635,51,2,2,8991,3,30,1,0,0,0,0,0,0,0,5,,,
1,1.1,5635,52,1,2,7513,4,30,1,0,0,0,0,0,0,0,0,,,
1,1.1,5635,200,1,3,7513,2,30,1,5,0,0,5,0,0,0,5,,,
1,1.2,5636,32,2,2,1317,3,30,1,5,0,0,1,1,0,0,1,2,0,0
1,1.1,5640,39,2,2,7548,3,30,1,5,0,5,1,5,0,5,2,,,
1,1.1,5640,41,1,2,7548,4,30,1,5,0,5,5,0,0,5,4,,,
1,1.1,5642,35,1,2,2579,2,30,1,5,0,5,5,0,0,0,5,,,
1,1.2,5642,180,2,3,2765,2,30,1,1,1,0,5,0,0,0,1,2,3.4,4
1,1.1,5642,185,2,3,2199,3,30,1,0,0,0,0,0,0,0,0,,,
1,1.2,5643,32,2,2,6864,2,30,1,1,5,0,1,5,0,0,0,2,0,0
1,1.2,5646,39,1,2,2027,2,30,1,5,0,0,5,0,0,0,2,2,0,0
1,1.2,5646,40,1,2,2027,3,30,1,5,0,0,1,1,0,0,1,2,0,0
1,1.1,5646,41,2,2,1835,3,30,1,5,0,0,5,0,0,0,1,,,
1,1.1,5646,42,2,2,1835,4,30,1,1,2,0,5,0,0,0,1,,,
1,1.1,5646,43,2,2,2027,4,30,1,0,0,0,0,0,0,0,3,,,
1,1.1,5646,44,1,2,1835,5,30,1,0,0,0,0,0,0,0,1,,,
1,1.2,5646,187,1,3,1835,2,30,1,1,6,0,1,1,5,0,1,2,0,0
1,1.1,5653,38,2,2,4099,4,30,1,0,0,0,0,0,0,0,1,,,
1,1.1,5653,39,1,2,4099,5,30,1,0,0,0,0,0,0,0,0,,,
1,1.1,5653,190,1,3,4099,3,30,1,0,0,0,0,0,0,0,1,,,
1,1.2,5655,42,1,2,908,3,33,1,5,0,5,5,0,0,0,2,2,3.8,4.5
1,1.2,5655,44,1,2,870,3,30,1,1,1,0,5,0,0,0,2,2,998,4
1,1.2,5655,46,1,2,908,4,30,1,5,0,5,5,0,0,5,2,2,3.8,4.5
1,1.1,5655,49,2,2,427,3,30,1,0,0,0,0,0,0,0,0,,,
1,1.1,5655,50,1,2,427,4,30,1,0,0,0,0,0,0,0,0,,,
1,1.2,5656,46,2,2,4318,2,30,1,5,0,5,1,1,0,0,1,2,0,0
1,1.2,5656,198,1,3,4100,2,40,1,5,0,0,5,0,0,0,1,2,3,4
1,1.1,5660,32,2,2,3263,3,30,1,5,0,0,1,1,0,0,2,,,
1,1.1,5660,33,1,2,3389,5,30,1,0,0,0,0,0,0,0,0,,,
1,1.1,5663,55,2,2,1646,4,30,1,5,0,0,5,0,0,0,1,,,
1,1.1,5663,56,2,2,1964,3,30,1,0,0,0,0,0,0,0,5,,,
1,1.1,5663,57,1,2,1450,2,30,1,0,0,0,0,0,0,0,1,,,
1,1.1,5663,58,1,2,1450,3,30,1,0,0,0,0,0,0,0,1,,,
1,1.1,5664,36,2,2,3014,3,33,1,5,0,0,1,1,0,0,3,,,
1,1.1,5664,37,1,2,3178,2,30,1,0,0,0,0,0,0,0,5,,,
1,1.1,5664,38,2,2,3011,2,30,1,0,0,0,0,0,0,0,0,,,
1,1.1,5664,39,1,2,3014,4,30,1,0,0,0,0,0,0,0,5,,,
1,1.1,5664,41,1,2,3178,3,30,1,0,0,0,0,0,0,0,0,,,
1,1.2,5664,179,1,3,3119,2,30,1,5,0,0,5,0,0,0,1,2,3.4,4
1,1.2,5676,37,2,2,794,2,30,1,5,0,0,5,0,0,0,1,2,3.4,4
1,1.2,5676,38,2,2,794,4,30,1,5,0,5,5,0,0,0,1,2,3.2,4
1,1.1,5676,39,2,2,1300,3,35,1,5,0,0,5,0,0,0,1,,,
1,1.1,5676,41,1,2,1300,4,30,1,0,0,0,0,0,0,0,5,,,
1,1.1,5677,48,1,2,4191,3,30,,,,,,,,,,2,2,4
1,1.1,5677,50,2,2,4191,4,30,,,,,,,,,,2,0,0
1,1.1,5677,51,2,2,4191,5,30,,,,,,,,,,2,0,0
1,1.1,5677,55,2,2,4294,2,30,1,0,0,0,0,0,0,0,2,,,
1,1.1,5677,188,2,3,4294,3,30,1,0,0,0,0,0,0,0,3,,,
1,1.2,5680,36,2,2,9523,3,30,1,1,1,5,5,0,0,0,1,2,998,99
1,1.2,5680,37,2,2,9523,4,30,1,1,1,5,1,1,0,0,1,2,0,0
1,1.2,5680,38,1,2,9523,5,30,1,1,6,0,1,1,5,0,1,2,0,0
1,1.2,5680,39,1,2,5206,3,60,1,5,0,0,5,0,0,5,0,2,0,0
1,1.1,5680,40,1,2,6220,2,30,1,0,0,0,0,0,0,0,1,,,
1,1.1,5680,42,1,2,9523,6,30,1,0,0,0,0,0,0,0,0,,,
1,1.1,5680,181,2,3,5554,2,30,1,0,0,0,0,0,0,0,1,,,
1,1.1,5680,183,2,3,6220,3,30,1,0,0,0,0,0,0,0,1,,,
1,1.2,5683,44,1,2,6719,3,60,1,1,6,5,5,0,0,5,1,2,3,4
1,1.2,5683,45,2,2,6742,3,33,1,5,0,0,5,0,0,0,1,2,3.5,4
1,1.2,5683,46,1,2,4762,2,30,1,1,4,0,5,0,0,0,2,2,998,3.5
1,1.2,5683,47,1,2,6869,2,30,1,5,0,5,5,0,0,0,1,2,2.8,4
1,1.1,5683,48,2,2,9529,4,30,1,1,1,0,5,0,5,0,2,,,
1,1.2,5683,49,1,2,6719,4,60,1,5,0,5,5,0,0,0,1,2,0,0
1,1.2,5683,50,2,2,6719,5,60,1,1,4,0,5,0,0,0,1,2,0,0
1,1.1,5683,51,1,2,5559,3,30,1,1,5,5,5,0,5,0,2,,,
1,1.1,5683,53,2,2,5559,4,30,1,1,1,0,1,5,0,0,4,,,
1,1.1,5683,54,1,2,7572,2,30,1,5,0,0,5,0,0,0,2,,,
1,1.1,5683,55,2,2,7572,4,30,1,0,0,0,0,0,0,0,2,,,
1,1.1,5683,56,2,2,7172,2,30,1,0,0,0,0,0,0,0,2,,,
1,1.1,5683,202,2,3,9529,5,30,1,1,1,0,5,0,5,5,2,,,
1,1.1,5683,211,2,3,7070,4,30,1,5,0,5,5,0,0,0,4,,,
1,1.1,5683,214,1,3,6324,2,30,1,1,5,0,1,1,5,0,4,,,
1,1.2,5684,42,2,2,8538,2,30,1,1,6,0,1,1,0,0,1,2,3.7,4
1,1.2,5684,43,1,2,8538,3,30,1,5,0,5,5,0,0,0,1,2,3,4
1,1.1,5684,44,1,2,7397,2,30,1,5,0,5,5,0,0,0,1,,,
1,1.1,5684,46,1,2,7397,3,30,1,5,0,0,5,0,0,0,1,,,
1,1.2,5684,48,1,2,7939,3,33,1,5,0,5,1,5,0,0,1,2,998,98
1,1.2,5684,49,1,2,7939,4,33,1,5,0,5,1,5,0,0,2,2,0,0
1,1.1,5684,51,1,2,5680,3,30,1,0,0,0,0,0,0,0,1,,,
1,1.1,5684,52,1,2,4811,4,30,1,0,0,0,0,0,0,0,3,,,
1,1.1,5684,53,2,2,5158,4,30,1,0,0,0,0,0,0,0,2,,,
1,1.1,5684,230,1,3,4811,3,30,1,5,0,5,5,0,0,0,2,,,
1,1.2,5685,33,1,2,5303,2,30,1,5,0,0,5,0,0,0,1,2,3,4
1,1.2,5685,34,2,2,5303,3,30,1,5,0,5,5,0,0,0,1,2,0,0
1,1.2,5689,38,2,2,5188,2,30,1,5,0,5,5,0,0,0,1,2,0,0
1,1.1,5689,41,1,2,6142,2,30,1,1,4,5,5,0,0,5,1,,,
1,1.1,5689,42,1,2,6142,3,30,1,0,0,0,0,0,0,0,1,,,
1,1.1,5689,43,1,2,5188,3,30,1,0,0,0,0,0,0,0,5,,,
1,1.1,5689,44,1,2,5188,4,30,1,0,0,0,0,0,0,0,5,,,
1,1.2,5689,235,1,3,6971,2,30,1,1,6,0,1,1,0,0,1,2,0,0
1,1.1,5692,33,2,2,1147,3,30,1,1,5,0,1,1,5,0,3,,,
1,1.1,5692,34,1,2,1147,4,30,1,0,0,0,0,0,0,0,4,,,
1,1.2,5693,52,2,2,4947,2,30,1,5,0,5,1,5,0,0,1,2,0,0
1,1.1,5693,53,1,2,7758,2,30,1,0,0,0,0,0,0,0,0,,,
1,1.1,5693,54,1,2,7758,3,30,1,0,0,0,0,0,0,0,0,,,
1,1.1,5693,223,1,3,6883,2,30,1,0,0,0,0,0,0,0,0,,,
1,1.2,5698,36,2,2,6546,2,30,1,1,5,0,5,0,0,0,1,2,0,0
1,1.2,5698,37,1,2,6546,3,30,1,5,0,5,5,0,0,0,0,2,0,0
1,1.1,5698,38,1,2,6546,5,30,1,0,0,0,0,0,0,0,1,,,
1,1.1,5698,39,1,2,6546,4,30,1,0,0,0,0,0,0,0,0,,,
1,1.1,5706,46,1,2,4582,2,30,1,5,0,0,5,0,0,0,5,,,
1,1.1,5706,47,2,2,7824,3,30,1,5,0,0,5,0,0,0,1,,,
1,1.1,5706,48,2,2,4582,3,30,1,0,0,0,0,0,0,0,5,,,
1,1.1,5706,49,1,2,7824,4,30,1,0,0,0,0,0,0,0,1,,,
1,1.1,5706,50,1,2,5574,3,30,1,0,0,0,0,0,0,0,0,,,
1,1.1,5706,51,1,2,4582,4,30,1,0,0,0,0,0,0,0,2,,,
1,1.2,5706,218,2,3,6203,2,30,1,1,2,0,5,0,1,0,1,2,4.2,4.7
1,1.1,5714,37,1,2,4096,2,30,1,5,0,0,5,0,0,0,4,,,
1,1.2,5714,179,2,3,4218,3,35,1,1,6,0,1,1,0,5,2,2,3.5,4
1,1.1,5715,36,1,2,2379,3,30,1,0,0,0,0,0,0,0,4,,,
1,1.1,5748,44,1,2,8134,2,30,1,5,0,0,5,0,0,0,2,,,
1,1.1,5748,49,1,2,5478,3,30,1,1,5,0,5,0,0,0,2,,,
1,1.1,5748,206,2,3,7426,2,30,1,5,0,0,5,0,0,0,1,,,
1,1.1,5748,207,2,3,7426,3,30,1,5,0,0,5,0,0,0,2,,,
1,1.2,5749,51,1,2,6422,2,30,1,5,0,0,5,0,0,0,1,2,3.6,4
1,1.2,5749,52,2,2,6422,3,30,1,5,0,0,5,0,5,0,1,2,998,4
1,1.2,5749,53,2,2,8689,3,35,1,5,0,0,5,0,0,0,1,2,0,0
1,1.2,5749,54,1,2,6422,4,30,1,5,0,0,5,0,0,5,3,2,0,0
1,1.1,5749,57,2,2,8098,2,30,1,0,0,0,0,0,0,0,0,,,
1,1.1,5771,33,1,2,4499,3,30,1,5,0,0,5,0,0,5,1,,,
1,1.2,5784,38,2,2,782,3,30,1,5,0,5,5,0,5,0,1,2,0,0
1,1.1,5784,39,1,2,503,2,30,1,5,0,0,5,0,0,5,1,,,
1,1.1,5784,41,1,2,782,4,30,1,0,0,0,0,0,0,0,5,,,
1,1.1,5784,43,1,2,503,3,30,1,0,0,0,0,0,0,0,1,,,
1,1.2,5801,37,1,2,1051,2,30,1,5,0,0,5,0,0,0,0,2,998,4
1,1.1,5801,40,1,2,1051,3,30,1,5,0,0,5,0,0,5,0,,,
1,1.1,5801,41,1,2,642,4,30,1,0,0,0,0,0,0,0,2,,,
1,1.1,5801,42,1,2,1051,4,30,1,5,0,0,5,0,0,0,0,,,
1,1.1,5802,31,2,2,1569,3,30,1,1,3,0,5,0,0,0,1,,,
1,1.1,5802,186,1,3,1569,2,30,1,1,2,5,5,0,0,0,1,,,
1,1.2,5812,65,2,2,8550,3,30,1,5,0,0,5,0,5,5,1,2,998,4
1,1.2,5812,66,1,2,8177,3,60,1,5,0,5,5,0,0,5,2,2,3.1,4
1,1.2,5812,67,2,2,9445,3,33,1,1,1,0,1,1,0,0,3,2,0,0
1,1.1,5812,69,2,2,7317,2,30,1,5,0,0,5,0,5,0,0,,,
1,1.2,5812,70,2,2,8550,6,30,1,5,0,0,5,0,1,5,1,2,0,0
1,1.1,5812,73,1,2,5131,2,30,1,5,0,0,5,0,0,0,2,,,
1,1.1,5812,74,2,2,8550,7,30,1,5,0,0,5,0,1,5,1,,,
1,1.1,5812,75,2,2,7034,2,30,1,0,0,0,0,0,0,0,2,,,
1,1.1,5812,77,2,2,7034,3,30,1,0,0,0,0,0,0,0,2,,,
1,1.2,5812,215,1,3,8550,4,30,1,5,0,0,5,0,5,5,1,2,998,98
1,1.2,5812,216,2,3,8550,5,30,1,5,0,0,5,0,1,5,1,2,998,98
1,1.1,5812,242,2,3,9445,4,30,1,0,0,0,0,0,0,0,5,,,
1,1.1,5813,42,1,2,541,2,30,1,0,0,0,0,0,0,0,4,,,
1,1.1,5813,43,2,2,146,3,65,1,0,0,0,0,0,0,0,1,,,
1,1.2,5814,48,2,2,4940,4,33,1,5,0,0,5,0,0,0,1,2,2.5,4
1,1.1,5814,49,2,2,5601,4,30,1,5,0,0,5,0,0,0,2,,,
1,1.2,5814,50,1,2,4940,5,33,1,5,0,0,5,0,0,0,1,2,998,98
1,1.2,5814,51,2,2,8194,4,30,1,1,6,0,1,1,5,5,1,2,0,0
1,1.1,5814,53,1,2,7673,2,30,1,5,0,0,5,0,0,0,2,,,
1,1.1,5814,54,1,2,7866,2,30,1,0,0,0,0,0,0,0,2,,,
1,1.1,5814,55,1,2,7866,3,30,1,0,0,0,0,0,0,0,2,,,
1,1.1,5814,56,2,2,9393,3,30,1,0,0,0,0,0,0,0,0,,,
1,1.1,5814,206,2,3,7526,3,60,1,0,0,0,0,0,0,0,3,,,
1,1.1,5819,38,1,2,9487,3,30,1,1,4,0,5,0,0,0,3,,,
1,1.1,5821,32,1,2,4130,2,30,1,5,0,0,5,0,0,0,3,,,
1,1.1,5821,33,2,2,4333,3,30,1,0,0,0,0,0,0,0,2,,,
1,1.1,5822,39,1,2,9357,4,60,1,0,0,0,0,0,0,0,0,,,
1,1.2,5826,38,1,2,8176,3,30,1,1,2,5,5,0,0,0,2,2,0,0
1,1.1,5826,39,1,2,8218,2,30,1,5,0,5,5,0,0,0,0,,,
1,1.1,5826,40,2,2,8176,4,30,1,1,3,0,1,5,5,0,2,,,
1,1.1,5826,184,1,3,8208,2,60,1,5,0,0,1,1,0,0,4,,,
1,1.1,5826,188,1,3,8208,3,60,1,5,0,0,5,0,0,0,4,,,
1,1.1,5832,31,2,2,3770,3,33,1,0,0,0,0,0,0,0,0,,,
1,1.1,5834,35,1,2,2933,5,95,1,5,0,0,5,0,0,5,1,,,
1,1.1,5834,36,1,2,2907,3,60,1,0,0,0,0,0,0,0,5,,,
1,1.2,5834,187,2,3,2933,4,95,1,5,0,0,5,0,5,0,1,2,0,0
1,1.1,5835,37,1,2,8021,3,30,1,5,0,5,5,0,0,0,5,,,
1,1.2,5839,32,1,2,267,4,70,1,5,0,0,5,0,0,0,1,2,998,98
1,1.1,5839,33,2,2,267,3,30,1,5,0,0,1,5,5,0,1,,,
1,1.1,5841,40,2,2,180,3,30,1,5,0,0,5,0,0,0,5,,,
1,1.2,5853,46,1,2,5647,4,30,1,5,0,5,5,0,0,0,1,2,3.9,4
1,1.2,5853,47,1,2,6306,4,30,1,5,0,5,1,5,0,0,1,2,998,98
1,1.2,5853,48,1,2,5370,2,30,1,5,0,0,5,0,0,0,1,2,0,0
1,1.2,5853,49,1,2,6306,5,30,1,5,0,5,5,0,0,0,1,2,0,0
1,1.1,5853,50,1,2,6306,6,30,1,5,0,5,5,0,0,0,1,,,
1,1.1,5853,51,2,2,5370,3,30,1,0,0,0,0,0,0,0,0,,,
1,1.1,5853,52,1,2,5647,6,60,1,0,0,0,0,0,0,0,0,,,
1,1.2,5858,42,1,2,3064,2,30,1,5,0,0,5,0,0,0,1,2,0,0
1,1.2,5858,43,2,2,2999,3,30,1,1,1,0,5,0,0,5,1,2,2.5,4
1,1.1,5858,44,2,2,2998,2,30,1,1,4,0,5,0,0,0,0,,,
1,1.2,5858,194,2,3,2969,2,30,1,5,0,5,1,5,0,0,0,2,0,0
1,1.2,5861,39,2,2,1588,3,33,1,5,0,0,5,0,0,0,1,2,0,0
1,1.2,5861,40,1,2,2118,3,33,1,1,1,0,5,0,0,0,1,2,3,4
1,1.1,5861,41,2,2,2118,4,33,1,1,1,5,5,0,0,0,5,,,
1,1.1,5861,42,2,2,1588,4,33,1,5,0,0,1,1,0,0,2,,,
1,1.1,5861,43,1,2,2374,5,60,1,5,0,0,5,0,0,0,4,,,
1,1.1,5861,44,2,2,2118,5,30,1,0,0,0,0,0,0,0,5,,,
1,1.1,5861,45,1,2,1588,5,30,1,0,0,0,0,0,0,0,0,,,
1,1.2,5863,47,2,2,795,4,30,1,5,0,0,5,0,0,0,1,2,998,98
1,1.2,5863,48,1,2,1321,3,30,1,5,0,0,5,0,0,5,1,2,0,0
1,1.2,5863,49,2,2,868,2,30,1,5,0,0,1,1,0,0,3,2,0,0
1,1.2,5863,50,1,2,715,3,65,1,5,0,0,5,0,0,0,0,2,0,0
1,1.2,5863,51,1,2,868,3,30,1,5,0,5,5,0,0,0,5,2,0,0
1,1.1,5863,52,1,2,795,5,60,1,5,0,0,5,0,0,0,3,,,
1,1.1,5863,53,1,2,588,3,30,1,0,0,0,0,0,0,0,3,,,
1,1.1,5864,41,2,2,4941,2,30,1,0,0,0,0,0,0,0,2,,,
1,1.1,5864,42,2,2,4941,3,30,1,0,0,0,0,0,0,0,0,,,
1,1.1,5871,32,2,2,5347,2,30,1,5,0,5,5,0,0,0,0,,,
1,1.2,5871,33,2,2,6704,2,30,1,5,0,0,1,5,0,0,1,2,3.3,4
1,1.2,5871,173,1,3,6704,3,30,1,5,0,0,5,0,0,0,1,2,0,0
1,1.2,5872,44,2,2,6149,2,30,1,5,0,0,5,0,5,5,1,2,2,3
1,1.2,5872,45,1,2,6720,2,30,1,1,1,5,5,0,0,0,1,2,998,98
1,1.2,5872,46,1,2,6720,3,30,1,1,5,0,1,1,0,0,3,2,0,0
1,1.1,5872,47,2,2,6720,4,30,1,5,0,0,5,0,0,1,4,,,
1,1.1,5872,49,2,2,6149,3,30,1,0,0,0,0,0,0,0,0,,,
1,1.1,5872,50,1,2,6149,4,60,1,0,0,0,0,0,0,0,0,,,
1,1.1,5872,51,1,2,6720,5,30,1,0,0,0,0,0,0,0,0,,,
1,1.2,5874,34,1,2,1076,5,30,1,5,0,5,5,0,1,0,1,2,998,98
1,1.2,5874,35,2,2,1076,2,30,1,5,0,5,5,0,0,0,2,2,0,0
1,1.2,5874,36,2,2,1076,3,30,1,5,0,0,1,5,0,0,1,2,0,0
1,1.1,5874,37,2,2,1076,6,30,1,0,0,0,0,0,0,0,2,,,
1,1.1,5874,38,2,2,1076,7,30,1,0,0,0,0,0,0,0,0,,,
1,1.2,5876,35,2,2,3072,2,30,1,1,5,0,5,0,5,0,1,2,0,0
1,1.2,5876,36,1,2,3072,3,30,1,1,5,0,1,1,5,0,1,2,0,0
1,1.2,5897,33,2,2,1761,2,30,1,5,0,0,5,0,0,0,2,2,0,0
1,1.1,5897,34,2,2,1370,2,30,1,5,0,0,5,0,0,0,5,,,
1,1.1,5897,35,2,2,1761,3,30,1,5,0,5,5,0,0,0,0,,,
1,1.2,5898,39,2,2,19,3,35,1,1,1,0,1,5,0,5,3,2,0,0
1,1.1,5898,40,2,2,19,4,35,1,1,3,0,1,5,0,5,5,,,
1,1.1,5898,41,1,2,754,2,30,1,0,0,0,0,0,0,0,5,,,
1,1.2,5899,34,2,2,7065,2,95,1,5,0,0,1,5,0,0,0,2,0,0
1,1.2,5900,41,2,2,7785,2,30,1,5,0,0,5,0,0,0,0,2,0,0
1,1.1,5900,42,1,2,7785,3,30,1,0,0,0,0,0,0,0,0,,,
1,1.1,5900,43,1,2,7785,4,30,1,0,0,0,0,0,0,0,0,,,
1,1.1,5900,44,2,2,8566,2,30,1,0,0,0,0,0,0,0,0,,,
1,1.1,5901,46,1,2,2190,2,30,1,5,0,0,1,1,0,0,1,,,
1,1.1,5901,47,2,2,2190,3,30,1,5,0,0,5,0,0,0,1,,,
1,1.1,5901,49,2,2,2870,2,30,1,0,0,0,0,0,0,0,2,,,
1,1.1,5903,175,2,3,282,3,30,1,5,0,5,5,0,0,0,0,,,
1,1.2,5904,62,2,2,7019,3,30,1,5,0,0,5,0,0,0,1,2,0,0
1,1.2,5904,63,2,2,6855,3,30,1,5,0,0,5,0,5,5,1,2,0,0
1,1.1,5904,64,2,2,8697,2,30,1,5,0,0,5,0,0,0,1,,,
1,1.2,5904,65,1,2,7019,4,30,1,5,0,0,5,0,0,0,0,2,0,0
1,1.2,5904,68,2,2,7103,4,30,1,1,5,0,1,1,5,0,4,2,0,0
1,1.1,5904,69,1,2,7019,5,30,1,5,0,0,5,0,0,0,0,,,
1,1.1,5904,70,2,2,8697,3,30,1,0,0,0,0,0,0,0,0,,,
1,1.1,5904,71,1,2,5661,2,30,1,0,0,0,0,0,0,0,0,,,
1,1.1,5904,72,2,2,7235,5,60,1,0,0,0,0,0,0,0,0,,,
1,1.1,5904,73,2,2,6880,2,30,1,0,0,0,0,0,0,0,0,,,
1,1.1,5904,74,1,2,6573,4,30,1,0,0,0,0,0,0,0,0,,,
1,1.2,5904,220,1,3,7103,3,33,1,5,0,0,5,0,0,0,4,2,998,4
1,1.1,5909,41,1,2,7077,2,30,1,5,0,0,5,0,0,0,0,,,
1,1.1,5909,43,1,2,7784,5,30,1,0,0,0,0,0,0,0,0,,,
1,1.1,5909,44,1,2,7077,3,30,1,0,0,0,0,0,0,0,0,,,
1,1.1,5909,45,2,2,5395,6,60,1,0,0,0,0,0,0,0,0,,,
1,1.1,5909,196,2,3,5395,4,30,1,5,0,0,5,0,0,0,1,,,
1,1.1,5909,197,1,3,5395,5,30,1,5,0,5,5,0,5,0,1,,,
1,1.2,5916,43,2,2,6408,2,30,1,5,0,0,5,0,0,0,1,2,3,4
1,1.2,5916,44,1,2,9104,2,30,1,5,0,0,5,0,0,0,1,2,2.8,4
1,1.2,5916,47,1,2,6595,3,35,1,5,0,0,5,0,5,0,1,2,0,0
1,1.2,5916,48,1,2,9104,3,30,1,5,0,0,5,0,0,0,1,2,0,0
1,1.2,5916,49,2,2,9104,4,30,1,5,0,0,5,0,0,0,1,2,0,0
1,1.1,5916,51,2,2,6595,4,30,1,5,0,0,5,0,5,0,1,,,
1,1.1,5916,53,1,2,9104,5,30,1,0,0,0,0,0,0,0,1,,,
1,1.1,5916,54,1,2,8943,2,30,1,0,0,0,0,0,0,0,0,,,
1,1.1,5921,35,1,2,972,6,30,1,1,1,0,5,0,0,0,1,,,
1,1.1,5921,36,2,2,972,7,30,1,0,0,0,0,0,0,0,0,,,
1,1.1,5922,50,2,2,6494,2,30,1,5,0,5,5,0,0,0,1,,,
1,1.2,5922,54,1,2,8366,2,30,1,1,5,0,1,1,0,0,2,2,0,0
1,1.1,5922,55,2,2,7025,2,30,1,5,0,0,1,1,5,0,2,,,
1,1.1,5922,56,1,2,7686,2,30,1,1,4,0,5,0,0,0,1,,,
1,1.1,5922,57,2,2,6931,2,30,1,1,5,0,5,0,0,0,2,,,
1,1.2,5922,58,1,2,6478,3,33,1,1,2,0,1,1,0,0,2,2,0,0
1,1.2,5922,59,2,2,7516,4,30,1,1,2,0,1,1,0,0,2,2,0,0
1,1.1,5922,61,2,2,7059,2,30,1,5,0,0,5,0,0,0,0,,,
1,1.1,5922,64,2,2,6931,3,30,1,5,0,0,5,0,0,0,1,,,
1,1.1,5922,65,1,2,8324,2,30,1,1,3,0,1,5,0,0,4,,,
1,1.1,5922,68,2,2,8366,3,30,1,1,4,0,5,0,0,0,2,,,
1,1.1,5922,69,2,2,7288,3,30,1,0,0,0,0,0,0,0,0,,,
1,1.1,5922,70,1,2,7059,3,30,1,5,0,0,5,0,0,0,0,,,
1,1.1,5922,71,1,2,6104,5,30,1,0,0,0,0,0,0,0,4,,,
1,1.1,5922,74,2,2,7686,3,30,1,0,0,0,0,0,0,0,4,,,
1,1.1,5922,75,1,2,7686,4,30,1,0,0,0,0,0,0,0,0,,,
1,1.1,5922,76,1,2,8366,4,30,1,0,0,0,0,0,0,0,0,,,
1,1.2,5922,250,2,3,5708,3,30,1,5,0,5,5,0,0,0,2,2,998,98
1,1.2,5922,251,1,3,5708,4,30,1,1,5,0,1,1,0,0,2,2,0,0
1,1.2,5922,255,2,3,7516,3,30,1,5,0,5,5,0,0,0,1,2,998,98
1,1.1,5922,273,1,3,6440,3,65,1,5,0,0,5,0,0,0,1,,,
1,1.1,5922,274,2,3,6494,3,30,1,1,5,0,1,1,0,0,2,,,
1,1.2,5925,46,1,2,7895,3,35,1,5,0,0,5,0,0,0,1,2,998,98
1,1.1,5925,50,2,2,8630,3,30,1,5,0,0,1,5,0,0,1,,,
1,1.1,5925,51,1,2,8630,4,30,1,5,0,0,5,0,0,0,3,,,
1,1.1,5925,52,1,2,7895,4,30,1,5,0,0,1,1,0,0,1,,,
1,1.1,5925,55,1,2,7840,2,30,1,5,0,5,5,0,0,0,2,,,
1,1.1,5925,56,2,2,8630,5,30,1,0,0,0,0,0,0,0,2,,,
1,1.2,5925,185,1,3,8630,2,30,1,5,0,0,5,0,0,0,1,2,0,0
1,1.1,5926,40,1,2,7423,3,60,1,0,0,0,0,0,0,0,0,,,
1,1.1,5938,38,1,2,5694,5,60,1,0,0,0,0,0,0,0,0,,,
1,1.2,5938,189,2,3,5278,2,30,1,5,0,0,5,0,0,0,1,2,2.8,4
1,1.1,5938,190,1,3,5278,3,30,1,5,0,0,5,0,0,0,0,,,
1,1.2,5940,34,1,2,4297,3,30,1,5,0,0,5,0,0,5,1,2,3.2,98
1,1.2,5940,36,2,2,4297,4,30,1,5,0,0,5,0,0,5,2,2,0,0
1,1.2,5940,37,2,2,4297,5,30,1,5,0,0,1,5,0,0,2,2,0,0
1,1.2,5942,41,1,2,8430,2,30,1,5,0,0,5,0,5,0,0,2,0,0
1,1.1,5942,42,2,2,8430,3,30,1,5,0,0,5,0,0,0,0,,,
1,1.1,5942,43,2,2,8430,7,30,1,0,0,0,0,0,0,0,0,,,
1,1.1,5942,194,2,3,5204,3,30,1,0,0,0,0,0,0,0,2,,,
1,1.1,5959,43,1,2,5227,4,30,1,5,0,5,5,0,0,0,1,,,
1,1.1,5959,44,2,2,5227,5,30,1,0,0,0,0,0,0,0,1,,,
1,1.1,5959,45,1,2,6731,5,60,1,0,0,0,0,0,0,0,2,,,
1,1.1,5959,46,2,2,4883,2,30,1,0,0,0,0,0,0,0,0,,,
1,1.1,5959,47,2,2,7324,2,30,1,0,0,0,0,0,0,0,0,,,
1,1.1,5960,54,1,2,5572,2,30,1,5,0,0,5,0,0,5,2,,,
1,1.2,5960,56,1,2,7067,3,30,1,5,0,0,5,0,5,0,2,2,4,5
1,1.1,5960,57,1,2,6803,2,30,1,5,0,0,5,0,0,0,0,,,
1,1.2,5960,58,1,2,6803,3,30,1,5,0,5,5,0,0,0,0,2,0,0
1,1.1,5960,60,1,2,7858,2,30,1,5,0,0,5,0,0,0,4,,,
1,1.1,5960,62,2,2,8429,3,30,1,0,0,0,0,0,0,0,2,,,
1,1.1,5960,63,2,2,5205,3,30,1,0,0,0,0,0,0,0,1,,,
1,1.1,5960,64,1,2,6578,4,60,1,0,0,0,0,0,0,0,1,,,
1,1.1,5960,66,1,2,8379,3,30,1,0,0,0,0,0,0,0,2,,,
1,1.1,5960,67,2,2,6884,2,30,1,0,0,0,0,0,0,0,0,,,
1,1.1,5962,33,2,2,7856,3,30,1,1,1,0,5,0,0,0,2,,,
1,1.1,5962,34,1,2,7856,4,30,1,1,4,0,1,1,0,0,2,,,
1,1.2,5965,42,2,2,2898,2,30,1,5,0,0,1,5,0,0,1,2,5.3,5.5
1,1.1,5965,45,2,2,2938,3,30,1,1,1,0,5,0,0,0,2,,,
1,1.1,5965,47,1,2,2938,4,30,1,1,6,0,5,0,0,0,1,,,
1,1.1,5965,48,1,2,3037,2,30,1,1,2,0,5,0,5,5,5,,,
1,1.1,5969,35,1,2,2129,2,30,1,5,0,0,5,0,0,0,0,,,
1,1.1,5969,36,2,2,2129,3,30,1,5,0,0,5,0,0,0,0,,,
1,1.2,5977,37,2,2,6630,3,30,1,1,2,0,5,0,0,0,1,2,3.9,4.2
1,1.2,5984,37,2,2,2411,2,30,1,5,0,5,1,5,0,0,1,2,0,0
1,1.2,5984,38,2,2,1747,4,30,1,1,3,5,1,1,0,0,2,2,0,0
1,1.1,5984,39,1,2,1453,2,30,1,5,0,0,1,1,0,0,1,,,
1,1.1,5984,40,2,2,1747,5,30,1,0,0,0,0,0,0,0,2,,,
1,1.1,5984,41,1,2,1453,3,30,1,0,0,0,0,0,0,0,2,,,
1,1.2,5984,181,1,3,1747,3,30,1,5,0,0,1,1,5,0,2,2,0,0
1,1.1,5987,39,2,2,2804,4,30,1,0,0,0,0,0,0,0,1,,,
1,1.1,5987,197,1,3,2804,3,30,1,5,0,0,5,0,0,0,1,,,
1,1.2,5990,39,1,2,6474,3,33,1,1,1,5,5,0,0,5,3,2,4.2,5
1,1.2,5990,40,2,2,4966,2,30,1,1,3,5,1,1,5,0,4,2,3.4,4
1,1.1,5990,43,1,2,6474,4,30,1,5,0,5,5,0,0,5,2,,,
1,1.2,5990,44,2,2,5009,3,30,1,1,3,0,1,5,0,0,5,2,0,0
1,1.1,5990,47,2,2,6358,2,30,1,5,0,0,5,0,0,0,3,,,
1,1.1,5990,48,1,2,5014,4,30,1,0,0,0,0,0,0,0,2,,,
1,1.1,5990,49,2,2,6474,5,30,1,0,0,0,0,0,0,0,2,,,
1,1.1,5990,50,1,2,6358,3,30,1,0,0,0,0,0,0,0,0,,,
1,1.2,5995,50,2,2,1863,2,30,1,5,0,0,1,1,0,0,1,2,0,0
1,1.2,5995,51,1,2,1705,2,30,1,5,0,0,5,0,0,0,4,2,0,0
1,1.2,5995,52,2,2,1863,3,30,1,5,0,0,5,0,0,0,2,2,0,0
1,1.2,5995,53,2,2,1705,3,30,1,5,0,0,1,5,0,0,2,2,0,0
1,1.2,5995,54,1,2,1863,4,30,1,5,0,0,1,1,5,0,3,2,0,0
1,1.1,5995,55,2,2,1574,3,30,1,5,0,0,5,0,0,0,2,,,
1,1.1,5995,56,2,2,1626,2,30,1,5,0,0,1,5,5,0,1,,,
1,1.1,5995,57,1,2,1626,3,30,1,5,0,0,5,0,5,0,1,,,
1,1.1,5995,58,2,2,1705,4,30,1,0,0,0,0,0,0,0,0,,,
1,1.2,5998,35,2,2,3545,2,30,1,5,0,0,1,5,0,0,1,2,0,0
1,1.2,6009,34,2,2,8548,2,30,1,1,4,0,1,1,5,0,1,2,4.3,4.5
1,1.1,6009,35,2,2,5387,3,30,1,1,5,0,1,1,5,5,1,,,
1,1.1,6026,44,1,2,4310,2,30,1,0,0,0,0,0,0,0,0,,,
1,1.1,6028,53,2,2,4590,3,35,1,5,0,0,5,0,0,0,1,,,
1,1.2,6028,58,2,2,6297,3,60,1,5,0,0,5,0,0,0,2,2,0,0
1,1.1,6028,59,2,2,4590,4,35,1,5,0,0,5,0,0,0,1,,,
1,1.2,6028,62,1,2,6297,4,60,1,1,3,0,5,0,0,0,2,2,0,0
1,1.1,6028,66,1,2,4590,5,35,1,5,0,0,5,0,0,0,2,,,
1,1.1,6028,68,2,2,4590,6,30,1,0,0,0,0,0,0,0,3,,,
1,1.1,6028,187,2,3,5297,2,30,1,5,0,0,1,5,0,0,1,,,
1,1.2,6028,206,2,3,5434,3,30,1,5,0,0,1,5,0,0,2,2,0,0
1,1.1,6028,207,2,3,5434,4,30,1,0,0,0,0,0,0,0,4,,,
1,1.2,6030,41,1,2,2134,3,30,1,5,0,0,5,0,0,0,1,2,3.6,4
1,1.2,6030,42,2,2,1466,2,30,1,5,0,0,5,0,0,0,2,2,998,4
1,1.2,6030,43,2,2,2134,4,30,1,1,1,0,5,0,5,0,1,2,4,4
1,1.2,6030,44,1,2,2134,5,30,1,5,0,5,5,0,0,0,1,2,0,0
1,1.2,6030,45,2,2,1668,2,30,1,5,0,5,5,0,0,0,2,2,0,0
1,1.2,6030,46,2,2,2817,3,30,1,5,0,0,5,0,0,0,5,2,0,0
1,1.1,6030,47,2,2,2079,5,30,1,5,0,0,5,0,0,0,0,,,
1,1.1,6030,48,1,2,1362,2,30,1,0,0,0,0,0,0,0,1,,,
1,1.1,6030,49,2,2,1362,3,30,1,0,0,0,0,0,0,0,1,,,
1,1.1,6030,50,2,2,2817,4,30,1,0,0,0,0,0,0,0,0,,,
1,1.1,6030,51,2,2,1668,3,30,1,0,0,0,0,0,0,0,0,,,
1,1.2,6040,38,1,2,2229,2,30,1,1,2,0,5,0,0,5,2,2,0,0
1,1.1,6041,42,2,2,4545,2,30,1,1,5,5,1,5,0,0,1,,,
1,1.1,6041,43,1,2,4744,2,30,1,0,0,0,0,0,0,0,1,,,
1,1.2,6051,42,2,2,4122,2,30,1,5,0,0,5,0,0,0,0,2,2.36,4
1,1.2,6051,43,2,2,4122,3,30,1,5,0,0,5,0,0,0,1,2,2.5,4
1,1.2,6051,44,2,2,4140,3,30,1,5,0,5,1,5,5,0,1,2,2.7,98
1,1.2,6051,45,2,2,4122,4,30,1,5,0,0,5,0,0,0,5,2,0,0
1,1.2,6051,46,1,2,4122,5,30,1,5,0,0,5,0,0,0,0,2,0,0
1,1.1,6051,47,2,2,4122,6,30,1,5,0,0,5,0,0,0,0,,,
1,1.2,6054,34,1,2,2820,3,30,1,5,0,0,5,0,5,0,1,2,998,4.5
1,1.2,6064,44,2,2,8229,2,40,1,5,0,5,5,0,0,0,1,2,2.5,5
1,1.2,6064,45,1,2,7606,2,30,1,5,0,0,5,0,0,0,1,2,0.6,4
1,1.2,6064,49,1,2,7606,3,30,1,1,5,5,1,1,0,0,4,2,0,0
1,1.2,6069,30,2,2,4734,2,30,1,5,0,0,5,0,0,5,2,2,0,0
1,1.2,6069,31,1,2,6770,2,30,1,1,3,0,5,0,0,0,3,2,0,0
1,1.2,6073,40,1,2,9509,2,30,1,5,0,0,1,5,0,0,1,2,0,0
1,1.2,6073,41,2,2,9509,3,30,1,1,4,0,1,1,0,0,1,2,0,0
1,1.2,6073,42,2,2,5713,3,30,1,1,4,5,1,1,0,0,1,2,0,0
1,1.1,6086,32,1,2,5004,3,60,1,5,0,5,5,0,0,0,3,,,
1,1.2,6093,45,2,2,4156,2,95,1,5,0,5,1,1,0,5,2,2,3.74,4
1,1.2,6093,46,2,2,4160,5,30,1,5,0,5,5,0,0,0,0,2,997,4
1,1.1,6093,47,1,2,3987,5,35,1,5,0,5,5,0,0,0,1,,,
1,1.1,6093,48,1,2,3987,6,35,1,5,0,5,5,0,0,0,1,,,
1,1.1,6093,49,2,2,3887,3,30,1,5,0,0,5,0,0,5,1,,,
1,1.2,6093,50,2,2,3892,2,30,1,5,0,5,5,0,0,0,1,2,0,0
1,1.1,6093,51,1,2,3987,7,35,1,5,0,5,5,0,0,0,1,,,
1,1.2,6093,52,1,2,4160,6,30,1,5,0,0,1,1,0,0,0,2,0,0
1,1.2,6093,53,1,2,3892,3,30,1,5,0,5,5,0,0,0,1,2,0,0
1,1.1,6093,54,2,2,3987,8,35,1,5,0,5,1,1,0,0,1,,,
1,1.1,6093,55,1,2,3887,4,30,1,5,0,0,5,0,0,0,0,,,
1,1.2,6093,56,2,2,4160,7,30,1,5,0,0,5,0,0,0,4,2,0,0
1,1.1,6093,57,2,2,4094,2,30,1,5,0,0,5,0,0,0,2,,,
1,1.1,6093,58,2,2,3987,9,30,1,5,0,0,5,0,0,0,3,,,
1,1.1,6093,60,2,2,4253,3,30,1,0,0,0,0,0,0,0,1,,,
1,1.1,6093,61,1,2,3987,11,97,1,0,0,0,0,0,0,0,1,,,
1,1.1,6093,62,1,2,4160,8,30,1,0,0,0,0,0,0,0,0,,,
1,1.1,6093,63,2,2,3892,5,30,1,0,0,0,0,0,0,0,2,,,
1,1.1,6093,64,1,2,3892,6,70,1,0,0,0,0,0,0,0,1,,,
1,1.1,6093,66,1,2,4253,4,30,1,0,0,0,0,0,0,0,0,,,
1,1.1,6093,67,1,2,4257,2,30,1,0,0,0,0,0,0,0,0,,,
1,1.2,6103,45,2,2,7109,2,30,1,1,1,0,1,5,0,0,1,2,0,0
1,1.1,6103,47,1,2,6521,3,30,1,1,3,0,5,0,0,0,3,,,
1,1.1,6103,49,2,2,7109,3,30,1,1,5,0,1,5,0,0,3,,,
1,1.1,6103,51,2,2,6521,5,30,1,0,0,0,0,0,0,0,5,,,
1,1.1,6103,52,2,2,5818,4,30,1,0,0,0,0,0,0,0,3,,,
1,1.1,6103,53,2,2,6783,4,30,1,0,0,0,0,0,0,0,0,,,
1,1.2,6103,191,2,3,6783,2,30,1,1,5,5,1,1,5,0,1,2,0,0
1,1.2,6103,196,2,3,5818,3,30,1,1,5,0,5,0,0,0,2,2,0,0
1,1.1,6103,201,2,3,6783,3,30,1,0,0,0,0,0,0,0,2,,,
1,1.2,6107,53,1,2,7659,3,35,1,5,0,0,5,0,0,0,1,2,3.2,4
1,1.2,6107,54,2,2,7659,4,35,1,1,1,0,5,0,0,0,2,2,3,4
1,1.1,6107,55,1,2,5880,2,30,1,5,0,5,5,0,0,0,0,,,
1,1.2,6107,56,1,2,6327,2,30,1,5,0,5,5,0,0,0,0,2,0,0
1,1.1,6107,58,2,2,8543,6,30,1,5,0,0,5,0,0,0,2,,,
1,1.1,6107,62,2,2,5962,2,30,1,0,0,0,0,0,0,0,0,,,
1,1.1,6107,63,2,2,5962,3,30,1,0,0,0,0,0,0,0,0,,,
1,1.2,6107,209,2,3,6327,3,30,1,5,0,0,5,0,0,0,1,2,3.2,4
1,1.2,6110,49,2,2,4863,4,30,1,5,0,5,5,0,0,0,3,2,998,98
1,1.1,6110,52,1,2,8023,3,60,1,0,0,0,0,0,0,0,3,,,
1,1.1,6110,55,1,2,9199,3,30,1,0,0,0,0,0,0,0,0,,,
1,1.1,6111,35,2,2,7505,3,30,1,0,0,0,0,0,0,0,0,,,
1,1.2,6112,41,1,2,6460,2,30,1,5,0,0,5,0,0,0,1,2,998,98
1,1.1,6112,42,2,2,3026,4,30,1,5,0,0,5,0,0,0,3,,,
1,1.1,6112,43,2,2,3033,3,30,1,0,0,0,0,0,0,0,2,,,
1,1.1,6112,44,1,2,3293,2,30,1,0,0,0,0,0,0,0,0,,,
1,1.1,6112,45,2,2,3184,4,60,1,0,0,0,0,0,0,0,0,,,
1,1.1,6112,46,2,2,3033,4,30,1,0,0,0,0,0,0,0,0,,,
1,1.1,6114,58,1,2,4275,3,30,1,1,6,5,5,0,0,0,1,,,
1,1.2,6114,59,2,2,4195,2,30,1,5,0,0,1,5,0,5,1,2,0,0
1,1.2,6114,60,1,2,4195,3,30,1,5,0,0,5,0,0,5,1,2,0,0
1,1.1,6114,62,2,2,3950,3,30,1,9,0,0,9,0,0,0,0,,,
1,1.2,6114,63,2,2,4195,4,30,1,1,4,0,1,1,5,0,1,2,0,0
1,1.1,6114,66,1,2,4275,4,30,1,0,0,0,0,0,0,0,5,,,
1,1.1,6114,67,1,2,3998,3,30,1,0,0,0,0,0,0,0,5,,,
1,1.1,6114,68,2,2,4275,5,30,1,0,0,0,0,0,0,0,0,,,
1,1.1,6114,69,1,2,4193,3,30,1,0,0,0,0,0,0,0,0,,,
1,1.1,6114,70,2,2,4095,3,30,1,0,0,0,0,0,0,0,5,,,
1,1.1,6114,218,2,3,4193,2,30,1,5,0,0,5,0,0,0,3,,,
1,1.2,6115,57,1,2,8414,3,30,1,5,0,0,5,0,0,0,3,2,2.9,4
1,1.2,6115,59,2,2,4675,3,35,1,5,0,0,5,0,0,0,0,2,0,0
1,1.1,6115,63,2,2,6185,4,30,1,5,0,0,5,0,0,0,1,,,
1,1.2,6115,66,2,2,5588,2,30,1,5,0,5,5,0,0,0,2,2,0,0
1,1.1,6115,69,1,2,5588,3,30,1,0,0,0,0,0,0,0,2,,,
1,1.1,6115,71,2,2,8376,4,30,1,0,0,0,0,0,0,0,1,,,
1,1.1,6115,72,1,2,8387,2,30,1,0,0,0,0,0,0,0,0,,,
1,1.1,6115,73,1,2,8270,7,30,1,0,0,0,0,0,0,0,5,,,
1,1.2,6115,200,1,3,4675,4,35,1,5,0,0,1,5,0,0,0,2,3,4.2
1,1.1,6115,210,2,3,8553,3,60,1,5,0,0,5,0,0,0,0,,,
1,1.1,6115,211,2,3,8553,4,60,1,5,0,0,5,0,0,0,0,,,
1,1.1,6115,212,2,3,8553,6,60,1,5,0,0,5,0,0,0,0,,,
1,1.1,6115,213,2,3,8553,7,60,1,5,0,0,5,0,0,0,0,,,
1,1.2,6115,216,1,3,8376,3,30,1,5,0,0,5,0,5,0,1,2,0,0
1,1.1,6115,229,2,3,8270,5,30,1,0,0,0,0,0,0,0,2,,,
1,1.1,6115,230,1,3,8270,6,30,1,0,0,0,0,0,0,0,3,,,
1,1.1,6120,36,2,2,8728,2,70,1,5,0,5,5,0,0,0,3,,,
1,1.1,6120,37,1,2,7281,3,30,1,0,0,0,0,0,0,0,2,,,
1,1.1,6121,68,1,2,7449,5,30,1,5,0,0,5,0,0,0,1,,,
1,1.1,6121,72,2,2,7771,2,30,1,5,0,5,5,0,0,0,0,,,
1,1.1,6121,73,1,2,7771,4,30,1,5,0,0,5,0,0,0,0,,,
1,1.1,6121,74,2,2,7771,3,30,1,5,0,0,5,0,0,0,0,,,
1,1.2,6121,75,2,2,6908,2,30,1,5,0,5,1,5,0,5,1,2,0,0
1,1.1,6121,76,1,2,6908,3,30,1,5,0,5,5,0,5,0,1,,,
1,1.1,6121,78,2,2,7771,5,30,1,5,0,0,5,0,0,0,0,,,
1,1.1,6121,79,1,2,8178,4,30,1,0,0,0,0,0,0,0,0,,,
1,1.1,6121,80,2,2,7771,6,30,1,5,0,0,5,0,0,0,0,,,
1,1.1,6121,82,2,2,7677,3,30,1,0,0,0,0,0,0,0,0,,,
1,1.1,6121,83,1,2,7677,4,30,1,0,0,0,0,0,0,0,0,,,
1,1.1,6121,84,2,2,7677,5,30,1,0,0,0,0,0,0,0,0,,,
1,1.2,6121,212,1,3,8192,2,30,1,5,0,0,5,0,0,0,0,2,998,98
1,1.2,6121,224,2,3,4730,3,30,1,5,0,5,5,0,0,0,1,2,0,0
1,1.2,6121,225,2,3,4730,4,30,1,5,0,5,5,0,0,0,1,2,0,0
1,1.1,6121,243,1,3,8178,3,30,1,5,0,0,5,0,0,0,0,,,
1,1.1,6125,39,1,2,7087,3,30,1,1,3,0,5,0,0,0,4,,,
1,1.1,6125,40,2,2,7087,4,30,1,0,0,0,0,0,0,0,4,,,
1,1.2,6127,42,1,2,7453,2,30,1,5,0,0,5,0,0,0,2,2,998,98
1,1.2,6127,43,2,2,6998,4,30,1,5,0,0,5,0,0,5,3,2,0,0
1,1.2,6127,44,1,2,7613,2,30,1,5,0,0,5,0,0,0,1,2,0,0
1,1.1,6127,45,1,2,7812,2,30,1,1,3,5,1,1,0,0,1,,,
1,1.2,6127,46,2,2,7613,3,30,1,5,0,0,1,5,5,0,1,2,0,0
1,1.1,6127,48,1,2,8412,3,60,1,0,0,0,0,0,0,0,5,,,
1,1.2,6127,186,2,3,6998,3,30,1,5,0,0,5,0,0,0,3,2,2.4,4
1,1.1,6129,42,1,2,9452,4,30,1,0,0,0,0,0,0,0,2,,,
1,1.1,6129,181,1,3,9452,3,30,1,5,0,0,5,0,0,0,1,,,
1,1.1,6150,37,1,2,7774,3,30,1,5,0,5,5,0,0,0,1,,,
1,1.1,6150,38,1,2,5761,3,30,1,5,0,0,5,0,0,0,1,,,
1,1.1,6150,39,2,2,5650,4,30,1,0,0,0,0,0,0,0,0,,,
1,1.1,6150,40,1,2,4635,3,30,1,0,0,0,0,0,0,0,2,,,
1,1.1,6150,41,1,2,4635,4,30,1,0,0,0,0,0,0,0,0,,,
1,1.1,6150,189,1,3,5761,2,30,1,5,0,0,5,0,0,0,2,,,
1,1.1,6154,36,2,2,3194,5,30,1,1,5,0,1,1,0,0,1,,,
1,1.1,6154,38,1,2,3194,6,30,1,5,0,0,5,0,0,0,2,,,
1,1.2,6159,47,2,2,5619,4,30,1,5,0,0,5,0,0,0,1,2,3,4.8
1,1.2,6159,48,2,2,6810,3,30,1,5,0,0,5,0,0,0,2,2,3,4
1,1.2,6159,49,1,2,5619,5,30,1,5,0,0,5,0,0,0,1,2,998,98
1,1.2,6159,50,1,2,6727,3,33,1,5,0,5,5,0,5,0,1,2,0,0
1,1.2,6159,51,2,2,6810,4,30,1,5,0,0,5,0,0,0,2,2,0,0
1,1.2,6159,52,1,2,5619,6,30,1,5,0,0,5,0,0,0,1,2,0,0
1,1.2,6159,53,2,2,5619,7,30,1,5,0,0,5,0,0,0,1,2,0,0
1,1.2,6159,54,1,2,6727,4,33,1,5,0,0,5,0,5,0,2,2,0,0
1,1.2,6159,55,1,2,6810,5,30,1,5,0,0,5,0,0,0,4,2,0,0
1,1.1,6159,56,2,2,5619,8,30,1,5,0,0,5,0,0,0,2,,,
1,1.2,6159,57,1,2,6727,5,33,1,5,0,0,5,0,5,0,1,2,0,0
1,1.1,6159,58,1,2,5619,9,30,1,5,0,0,5,0,0,0,1,,,
1,1.1,6159,59,1,2,7308,4,60,1,5,0,0,5,0,0,0,1,,,
1,1.1,6159,61,2,2,6810,6,60,1,0,0,0,0,0,0,0,0,,,
1,1.1,6161,35,1,2,4075,2,30,1,5,0,5,5,0,0,0,2,,,
1,1.2,6165,40,1,2,4634,3,30,1,5,0,0,5,0,0,0,1,2,3,4
1,1.2,6165,41,2,2,4634,4,30,1,5,0,5,5,0,0,0,0,2,0,0
1,1.1,6165,42,1,2,6460,3,30,1,5,0,5,5,0,0,0,5,,,
1,1.1,6165,43,2,2,8790,3,30,1,0,0,0,0,0,0,0,5,,,
1,1.1,6165,44,1,2,8188,3,30,1,0,0,0,0,0,0,0,2,,,
1,1.1,6165,45,1,2,8188,4,30,1,0,0,0,0,0,0,0,2,,,
1,1.1,6166,69,2,2,5306,2,30,1,5,0,0,5,0,0,0,1,,,
1,1.1,6166,72,1,2,4821,2,30,1,5,0,0,5,0,0,0,5,,,
1,1.1,6166,75,1,2,8462,5,30,1,5,0,0,1,1,5,0,2,,,
1,1.1,6166,76,2,2,5376,3,30,1,0,0,0,0,0,0,0,5,,,
1,1.1,6166,77,1,2,8462,6,30,1,0,0,0,0,0,0,0,5,,,
1,1.1,6166,78,2,2,8462,7,30,1,0,0,0,0,0,0,0,5,,,
1,1.1,6166,79,1,2,5845,2,30,1,0,0,0,0,0,0,0,2,,,
1,1.1,6166,80,2,2,5845,3,30,1,0,0,0,0,0,0,0,5,,,
1,1.1,6166,81,2,2,4584,3,60,1,0,0,0,0,0,0,0,0,,,
1,1.1,6166,82,1,2,4584,4,60,1,0,0,0,0,0,0,0,0,,,
1,1.2,6166,187,2,3,8578,2,30,1,5,0,0,1,5,0,0,1,2,3.1,3.5
1,1.1,6166,195,2,3,8462,3,30,1,5,0,5,1,1,0,5,1,,,
1,1.1,6166,196,1,3,8462,4,30,1,5,0,0,5,0,5,0,1,,,
1,1.1,6171,35,1,2,888,4,30,1,5,0,0,5,0,0,0,1,,,
1,1.1,6171,36,1,2,888,2,30,1,5,0,0,5,0,0,0,3,,,
1,1.1,6171,37,2,2,888,3,30,1,0,0,0,0,0,0,0,5,,,
1,1.1,6172,33,1,2,275,2,30,1,0,0,0,0,0,0,0,1,,,
1,1.2,6179,45,1,2,3139,3,30,1,5,0,5,5,0,0,0,5,2,0,0
1,1.1,6179,46,2,2,3139,4,30,1,0,0,0,0,0,0,0,5,,,
1,1.2,6187,42,1,2,7298,2,30,1,1,6,0,1,1,0,0,1,2,3.7,5
1,1.2,6187,43,1,2,7298,3,30,1,1,6,0,1,1,5,0,1,2,3.7,4
1,1.1,6187,49,1,2,7650,4,30,1,0,0,0,0,0,0,0,5,,,
1,1.2,6191,34,2,2,5013,3,30,1,1,1,0,5,0,0,0,1,2,3.8,98
1,1.2,6191,36,2,2,8637,3,30,1,1,6,0,1,1,0,0,1,2,4.1,98
1,1.2,6191,37,1,2,8637,4,30,1,1,6,5,1,1,0,0,1,2,0,0
1,1.2,6200,42,2,2,8473,2,30,1,1,2,5,5,0,0,5,1,2,4.1,5
1,1.1,6200,43,1,2,8473,3,30,1,5,0,0,5,0,0,5,2,,,
1,1.1,6200,44,1,2,8434,5,60,1,0,0,0,0,0,0,0,4,,,
1,1.1,6203,39,1,2,6364,2,30,1,5,0,0,5,0,0,0,1,,,
1,1.2,6203,40,1,2,6364,3,30,1,5,0,0,5,0,5,0,1,2,0,0
1,1.1,6203,41,1,2,4801,2,30,1,5,0,0,5,0,0,0,1,,,
1,1.2,6203,42,1,2,6655,2,30,1,5,0,0,5,0,0,0,3,2,0,0
1,1.1,6203,43,2,2,5115,2,30,1,5,0,0,5,0,0,0,2,,,
1,1.1,6203,44,2,2,4801,3,30,1,5,0,0,5,0,5,0,3,,,
1,1.1,6203,45,1,2,4801,4,30,1,5,0,0,5,0,0,0,3,,,
1,1.1,6203,47,1,2,4801,5,30,1,0,0,0,0,0,0,0,4,,,
1,1.1,6203,48,2,2,5115,3,30,1,0,0,0,0,0,0,0,3,,,
1,1.1,6203,49,2,2,9295,4,30,1,0,0,0,0,0,0,0,0,,,
1,1.1,6203,200,1,3,9295,3,30,1,5,0,5,5,0,0,0,5,,,
1,1.2,6205,46,1,2,8459,3,30,1,1,1,0,5,0,0,0,1,2,998,98
1,1.2,6205,47,2,2,7266,2,30,1,5,0,0,1,5,0,5,1,2,998,98
1,1.2,6205,48,1,2,4571,4,30,1,5,0,0,5,0,0,0,2,2,998,98
1,1.2,6205,49,2,2,7266,3,30,1,5,0,5,5,0,0,0,1,2,0,0
1,1.1,6205,51,1,2,8459,4,30,1,1,1,0,5,0,0,0,1,,,
1,1.1,6205,52,1,2,6610,2,30,1,5,0,0,5,0,0,0,1,,,
1,1.1,6205,53,1,2,7359,3,30,1,1,2,0,1,1,0,0,3,,,
1,1.1,6205,55,2,2,7359,4,30,1,0,0,0,0,0,0,0,3,,,
1,1.1,6205,56,1,2,7266,4,30,1,0,0,0,0,0,0,0,1,,,
1,1.1,6205,57,1,2,7359,5,30,1,0,0,0,0,0,0,0,3,,,
1,1.1,6205,58,1,2,6610,3,30,1,0,0,0,0,0,0,0,4,,,
1,1.1,6205,59,1,2,4571,5,60,1,0,0,0,0,0,0,0,0,,,
1,1.1,6205,60,2,2,6944,6,30,1,0,0,0,0,0,0,0,0,,,
1,1.1,6205,220,2,3,6944,5,30,1,0,0,0,0,0,0,0,1,,,
1,1.2,6210,45,2,2,6626,2,30,1,5,0,0,1,5,5,0,2,2,0,0
1,1.2,6210,46,1,2,4600,3,30,1,5,0,0,5,0,5,5,5,2,0,0
1,1.1,6210,48,2,2,4600,4,30,1,0,0,0,0,0,0,0,5,,,
1,1.2,6212,44,1,2,3756,3,30,1,5,0,0,5,0,0,0,1,2,998,4.6
1,1.1,6212,45,2,2,3817,2,30,1,5,0,0,5,0,5,0,1,,,
1,1.1,6212,46,2,2,3771,3,33,1,1,1,0,5,0,0,0,5,,,
1,1.2,6212,47,2,2,3606,3,30,1,1,5,5,1,1,5,0,2,2,0,0
1,1.1,6212,48,2,2,3489,4,30,1,5,0,5,5,0,0,0,0,,,
1,1.1,6212,49,1,2,3487,2,30,1,5,0,5,5,0,0,0,5,,,
1,1.1,6212,50,1,2,3817,3,30,1,5,0,5,5,0,0,0,2,,,
1,1.1,6212,51,1,2,3588,3,30,1,0,0,0,0,0,0,0,1,,,
1,1.1,6212,52,1,2,3588,4,30,1,0,0,0,0,0,0,0,1,,,
1,1.2,6212,185,2,3,3661,3,30,1,5,0,5,5,0,0,0,1,2,1.88,98
1,1.2,6212,186,1,3,3661,2,30,1,5,0,0,5,0,0,0,5,2,0,0
1,1.1,6212,191,2,3,3588,2,30,1,0,0,0,0,0,0,0,1,,,
1,1.1,6216,31,1,2,1226,3,30,1,0,0,0,0,0,0,0,4,,,
1,1.1,6216,32,1,2,1226,4,30,1,0,0,0,0,0,0,0,0,,,
1,1.1,6217,38,2,2,702,2,30,1,0,0,0,0,0,0,0,0,,,
1,1.1,6217,184,1,3,859,3,30,1,1,3,5,1,1,0,0,2,,,
1,1.1,6228,38,1,2,1972,3,30,1,5,0,5,5,0,0,0,1,,,
1,1.1,6228,39,2,2,1972,4,30,1,1,5,0,5,0,0,0,1,,,
1,1.1,6228,40,1,2,1972,5,30,1,5,0,0,5,0,0,0,2,,,
1,1.1,6228,41,1,2,2102,6,30,1,0,0,0,0,0,0,0,1,,,
1,1.1,6228,188,2,3,2102,5,30,1,5,0,0,5,0,0,5,1,,,
1,1.2,6229,35,1,2,872,2,30,1,1,3,0,5,0,0,0,1,2,0,0
1,1.1,6229,36,2,2,872,3,30,1,0,0,0,0,0,0,0,0,,,
1,1.2,6231,45,1,2,4010,2,30,1,1,1,0,5,0,0,0,2,2,998,4
1,1.2,6231,46,1,2,4264,3,33,1,5,0,0,5,0,0,0,1,2,998,98
1,1.2,6231,49,1,2,4010,3,30,1,1,1,0,5,0,0,0,1,2,0,0
1,1.1,6231,51,1,2,4000,3,30,1,0,0,0,0,0,0,0,3,,,
1,1.1,6231,52,1,2,4000,4,30,1,0,0,0,0,0,0,0,5,,,
1,1.1,6231,53,2,2,4010,4,30,1,0,0,0,0,0,0,0,1,,,
1,1.1,6231,54,1,2,4049,2,30,1,0,0,0,0,0,0,0,0,,,
1,1.1,6231,55,2,2,4000,5,30,1,0,0,0,0,0,0,0,0,,,
1,1.2,6232,50,2,2,1387,5,30,1,5,0,0,1,1,0,0,0,2,998,98
1,1.1,6232,56,2,2,1892,2,30,1,5,0,0,5,0,0,0,0,,,
1,1.1,6232,57,1,2,2714,2,30,1,1,6,0,1,1,0,0,3,,,
1,1.1,6232,59,1,2,1892,3,30,1,0,0,0,0,0,0,0,2,,,
1,1.2,6232,198,1,3,1387,4,30,1,5,0,0,5,0,0,0,0,2,998,4
1,1.1,6232,201,2,3,1496,2,30,,,,,,,,,,2,0,0
1,1.1,6233,44,2,2,8622,3,30,1,5,0,0,5,0,0,0,1,,,
1,1.1,6243,31,1,2,2587,3,30,1,1,5,0,1,1,0,5,2,,,
1,1.1,6243,32,1,2,2587,4,30,1,1,6,0,1,1,0,5,5,,,
1,1.1,6262,40,2,2,5541,4,30,1,5,0,0,5,0,0,1,1,,,
1,1.1,6262,41,1,2,5541,5,30,1,5,0,5,5,0,5,5,1,,,
1,1.2,6262,42,2,2,8183,3,33,1,1,6,5,5,0,5,5,1,2,0,0
1,1.1,6262,43,2,2,8183,4,33,1,1,5,0,1,1,0,0,1,,,
1,1.1,6275,36,2,2,1513,2,30,1,0,0,0,0,0,0,0,0,,,
1,1.1,6287,50,1,2,3049,3,33,1,5,0,0,5,0,0,0,1,,,
1,1.2,6287,52,1,2,3240,3,30,1,5,0,0,5,0,0,5,0,2,0,0
1,1.1,6287,53,1,2,3051,2,30,1,5,0,0,5,0,0,0,2,,,
1,1.1,6287,54,1,2,3240,4,30,1,0,0,0,0,0,0,0,0,,,
1,1.1,6287,56,2,2,3240,5,30,1,0,0,0,0,0,0,0,0,,,
1,1.1,6316,34,1,2,1552,3,30,1,0,0,0,0,0,0,0,5,,,
1,1.1,6316,184,1,3,2398,4,30,1,1,2,0,5,0,0,0,1,,,
1,1.1,6316,185,2,3,2398,3,30,1,5,0,0,5,0,0,0,1,,,
1,1.1,6335,42,1,2,5072,2,30,1,5,0,0,5,0,5,0,1,,,
1,1.2,6335,43,2,2,6909,3,35,1,5,0,0,1,5,0,0,1,2,0,0
1,1.1,6335,44,1,2,5814,3,30,1,5,0,0,5,0,0,0,2,,,
1,1.1,6335,45,1,2,5814,4,30,1,5,0,5,5,0,0,0,2,,,
1,1.2,6335,46,2,2,6909,4,35,1,5,0,0,1,5,0,0,5,2,0,0
1,1.1,6335,47,2,2,5814,5,30,1,0,0,0,0,0,0,0,2,,,
1,1.1,6335,48,2,2,6951,5,65,1,0,0,0,0,0,0,0,2,,,
1,1.1,6335,49,2,2,5072,3,30,1,0,0,0,0,0,0,0,0,,,
1,1.1,6335,50,2,2,6909,5,30,1,0,0,0,0,0,0,0,0,,,
1,1.2,6335,178,2,3,6809,4,60,1,5,0,0,5,0,0,0,3,2,3.3,4
1,1.2,6357,38,1,2,5611,4,30,1,1,5,5,1,1,5,0,1,2,3.5,5
1,1.2,6358,44,1,2,6878,2,30,1,5,0,0,1,1,0,0,5,2,0,0
1,1.1,6358,46,2,2,7925,2,60,1,0,0,0,0,0,0,0,2,,,
1,1.1,6365,67,2,2,5970,2,30,1,5,0,5,5,0,0,0,4,,,
1,1.1,6365,73,2,2,5970,3,30,1,0,0,0,0,0,0,0,2,,,
1,1.1,6365,75,2,2,5970,4,30,1,0,0,0,0,0,0,0,1,,,
1,1.1,6365,77,2,2,8484,3,30,1,0,0,0,0,0,0,0,0,,,
1,1.2,6367,39,2,2,1804,3,30,1,1,5,0,5,0,0,0,1,2,0,0
1,1.2,6368,37,2,2,2151,3,30,1,1,6,5,5,0,5,0,1,2,0,0
1,1.1,6368,38,2,2,2408,2,30,1,5,0,5,1,1,5,0,1,,,
1,1.2,6368,39,1,2,1818,2,30,1,5,0,0,5,0,0,0,3,2,0,0
1,1.1,6368,40,2,2,2050,2,30,1,5,0,0,5,0,0,1,4,,,
1,1.1,6368,193,1,3,1565,2,60,1,5,0,0,5,0,0,0,1,,,
1,1.1,6368,194,1,3,1565,3,60,1,0,0,0,0,0,0,0,4,,,
1,1.2,6370,45,1,2,3224,2,30,1,5,0,0,5,0,0,0,2,2,2.8,4
1,1.2,6370,47,1,2,2931,3,30,1,1,4,0,1,1,5,0,3,2,0,0
1,1.2,6370,49,1,2,2962,2,30,1,5,0,0,5,0,0,0,1,2,0,0
1,1.2,6370,50,2,2,2931,4,30,1,5,0,0,5,0,0,0,4,2,0,0
1,1.1,6370,51,2,2,2962,3,30,1,0,0,0,0,0,0,0,0,,,
1,1.1,6370,52,1,2,2962,4,30,1,0,0,0,0,0,0,0,0,,,
1,1.1,6375,36,2,2,5159,4,30,1,5,0,0,5,0,0,0,1,,,
1,1.2,6377,38,2,2,2537,3,35,1,1,6,0,1,1,1,0,1,2,0,0
1,1.1,6377,39,1,2,2537,4,30,1,0,0,0,0,0,0,0,0,,,
1,1.2,6381,43,2,2,8088,3,33,1,1,1,0,5,0,0,0,1,2,3.9,4
1,1.1,6381,44,2,2,5911,3,30,1,5,0,0,5,0,0,0,3,,,
1,1.2,6381,45,2,2,5957,3,30,1,5,0,0,1,1,0,0,1,2,0,0
1,1.1,6381,46,2,2,5911,4,30,1,5,0,0,5,0,0,0,1,,,
1,1.2,6381,47,1,2,8088,4,30,1,1,6,0,5,0,0,0,0,2,0,0
1,1.1,6381,48,1,2,8088,5,30,1,5,0,5,5,0,0,0,3,,,
1,1.1,6381,49,2,2,9361,2,30,1,5,0,0,5,0,0,0,1,,,
1,1.1,6381,50,1,2,6162,3,30,1,0,0,0,0,0,0,0,2,,,
1,1.1,6381,51,2,2,9361,3,30,1,0,0,0,0,0,0,0,1,,,
1,1.1,6381,53,2,2,9361,4,30,1,0,0,0,0,0,0,0,1,,,
1,1.1,6381,54,2,2,9361,5,30,1,0,0,0,0,0,0,0,1,,,
1,1.1,6381,55,1,2,5861,2,30,1,0,0,0,0,0,0,0,0,,,
1,1.2,6396,32,2,2,8280,7,30,1,5,0,0,1,1,0,0,5,2,0,0
1,1.1,6396,180,2,3,8280,3,30,1,5,0,0,5,0,0,0,5,,,
1,1.1,6398,32,1,2,3090,2,30,1,1,4,0,1,1,0,0,1,,,
1,1.2,6411,35,1,2,4288,2,30,1,1,5,0,1,1,0,0,1,2,0,0
1,1.2,6411,36,2,2,4288,3,30,1,5,0,0,1,5,0,0,1,2,0,0
1,1.1,6411,37,1,2,4055,2,30,1,0,0,0,0,0,0,0,3,,,
1,1.2,6418,37,1,2,134,2,30,1,1,5,0,5,0,0,0,1,2,2.8,4
1,1.2,6418,38,1,2,134,3,30,1,5,0,5,5,0,0,0,2,2,0,0
1,1.1,6431,35,1,2,2677,3,30,1,5,0,0,1,5,5,0,2,,,
1,1.1,6431,36,1,2,2677,4,30,1,0,0,0,0,0,0,0,2,,,
1,1.1,6434,175,2,3,3043,3,30,1,5,0,0,5,0,0,0,0,,,
1,1.2,6436,54,2,2,4629,3,30,1,5,0,0,5,0,0,0,1,2,3.75,4
1,1.2,6436,55,2,2,4566,3,60,1,5,0,0,5,0,0,0,1,2,0,0
1,1.2,6438,33,2,2,2110,2,30,1,1,4,0,5,0,1,0,1,2,998,4
1,1.1,6438,34,2,2,1520,3,35,1,1,5,5,5,0,0,0,0,,,
1,1.1,6438,35,1,2,1520,4,30,1,0,0,0,0,0,0,0,0,,,
1,1.2,6438,177,1,3,2730,4,30,1,1,3,5,5,0,0,1,2,2,998,4.3
1,1.2,6475,52,2,2,5829,2,30,1,5,0,5,5,0,5,0,1,2,0,0
1,1.1,6475,55,1,2,7743,3,30,1,5,0,0,5,0,0,0,1,,,
1,1.1,6475,58,2,2,5222,2,30,1,1,5,0,5,0,0,0,0,,,
1,1.1,6475,59,1,2,5222,3,30,1,0,0,0,0,0,0,0,0,,,
1,1.1,6475,60,2,2,5222,4,30,1,0,0,0,0,0,0,0,0,,,
1,1.2,6475,212,1,3,7743,2,30,1,5,0,0,5,0,0,0,1,2,0,0
1,1.1,6476,38,1,2,2313,3,30,1,1,5,0,5,0,0,0,2,,,
1,1.1,6476,40,2,2,2313,4,30,1,0,0,0,0,0,0,0,0,,,
1,1.1,6478,55,2,2,6418,2,30,1,1,2,5,1,5,0,0,0,,,
1,1.2,6478,56,1,2,5153,3,33,1,1,5,0,5,0,5,0,2,2,0,0
1,1.1,6478,57,2,2,7835,3,30,1,1,2,0,5,0,0,1,2,,,
1,1.1,6478,58,1,2,5153,4,30,1,0,0,0,0,0,0,0,2,,,
1,1.1,6478,59,2,2,7835,4,30,1,0,0,0,0,0,0,0,0,,,
1,1.1,6478,205,1,3,7143,2,30,1,0,0,0,0,0,0,0,5,,,
1,1.1,6484,49,1,2,871,2,30,1,5,0,0,5,0,5,5,5,,,
1,1.1,6484,51,2,2,871,3,30,1,5,0,0,1,5,0,0,5,,,
1,1.2,6485,46,1,2,5666,3,30,1,5,0,0,5,0,5,0,2,2,4.3,5
1,1.2,6485,47,1,2,7560,2,30,1,5,0,0,5,0,0,0,1,2,0,0
1,1.1,6485,48,2,2,7560,3,30,1,5,0,0,1,5,0,0,1,,,
1,1.2,6485,49,2,2,5538,2,30,1,5,0,0,1,1,0,1,0,2,0,0
1,1.1,6485,50,2,2,7560,4,30,1,5,0,0,5,0,0,0,1,,,
1,1.1,6485,51,2,2,7560,5,30,1,5,0,0,5,0,0,0,2,,,
1,1.2,6485,192,2,3,7197,2,30,1,5,0,0,5,0,0,0,3,2,3.1,4.5
1,1.2,6485,206,1,3,5190,3,30,1,1,2,0,5,0,5,0,3,2,0,0
1,1.2,6489,30,2,2,747,3,30,1,1,3,0,5,0,0,0,3,2,0,0
1,1.1,6494,37,1,2,2154,2,30,1,0,0,0,0,0,0,0,5,,,
1,1.1,6494,38,1,2,2154,3,30,1,0,0,0,0,0,0,0,0,,,
1,1.1,6494,39,1,2,1675,3,30,1,0,0,0,0,0,0,0,0,,,
1,1.1,6494,198,1,3,1675,2,30,1,0,0,0,0,0,0,0,0,,,
1,1.2,6499,40,1,2,3254,4,30,1,5,0,0,5,0,5,0,2,2,0,0
1,1.1,6499,42,1,2,3222,2,30,1,5,0,0,5,0,0,0,1,,,
1,1.2,6519,41,2,2,4815,3,30,1,1,3,0,5,0,1,0,4,2,0,0
1,1.1,6519,42,1,2,5295,3,30,1,0,0,0,0,0,0,0,5,,,
1,1.2,6537,41,2,2,9291,3,30,1,5,0,0,1,5,5,1,1,2,2.9,3.5
1,1.2,6537,42,1,2,9291,4,30,1,5,0,0,5,0,5,0,1,2,2.8,3
1,1.1,6537,43,2,2,4759,2,30,1,5,0,0,1,5,0,0,1,,,
1,1.1,6537,44,1,2,4759,3,30,1,5,0,0,5,0,0,0,2,,,
1,1.1,6537,45,1,2,5255,2,30,1,0,0,0,0,0,0,0,0,,,
1,1.1,6537,47,1,2,4519,2,30,1,0,0,0,0,0,0,0,2,,,
1,1.1,6539,31,2,2,7256,2,30,1,5,0,0,5,0,0,0,5,,,
1,1.1,6539,32,2,2,7256,3,30,1,5,0,0,5,0,0,0,5,,,
1,1.2,6541,34,2,2,4530,3,30,1,1,2,0,5,0,0,0,2,2,4.5,5
1,1.2,6545,45,1,2,7269,3,30,1,1,1,0,5,0,0,0,5,2,3.2,4
1,1.2,6545,46,2,2,5304,2,30,1,1,6,0,1,1,1,5,1,2,0,0
1,1.1,6545,47,1,2,8450,2,30,1,5,0,0,5,0,0,0,2,,,
1,1.1,6545,48,2,2,4924,3,30,1,1,5,0,1,5,5,0,3,,,
1,1.1,6545,49,1,2,4924,4,30,1,0,0,0,0,0,0,0,4,,,
1,1.1,6545,50,1,2,5304,3,30,1,0,0,0,0,0,0,0,1,,,
1,1.1,6545,52,1,2,4924,5,30,1,0,0,0,0,0,0,0,4,,,
1,1.1,6545,54,1,2,7842,2,30,1,0,0,0,0,0,0,0,0,,,
1,1.1,6546,39,1,2,7411,2,30,1,1,3,0,5,0,0,0,5,,,
1,1.2,6547,34,2,2,111,2,30,1,5,0,5,1,5,1,0,1,2,998,3
1,1.1,6547,35,1,2,398,2,30,1,0,0,0,0,0,0,0,5,,,
1,1.1,6547,36,2,2,1039,3,30,1,0,0,0,0,0,0,0,0,,,
1,1.2,6549,32,1,2,2532,3,30,1,5,0,0,5,0,0,0,2,2,0,0
1,1.1,6549,33,1,2,2532,4,30,1,5,0,0,5,0,0,0,5,,,
1,1.1,6553,178,1,3,4971,2,30,1,0,0,0,0,0,0,0,5,,,
1,1.2,6560,34,2,2,1598,3,33,1,5,0,0,1,1,5,0,1,2,4,5
1,1.2,6560,35,2,2,1598,4,33,1,1,5,0,1,1,5,0,1,2,3.5,4
1,1.2,6560,36,2,2,1598,5,33,1,1,5,0,1,1,5,0,1,2,0,0
1,1.2,6571,42,1,2,1666,3,30,1,5,0,0,5,0,5,0,1,2,3.2,4
1,1.2,6577,44,1,2,7318,2,30,1,5,0,0,5,0,0,5,1,2,3.2,4
1,1.2,6577,45,2,2,8316,5,30,1,1,3,0,5,0,0,0,1,2,4,98
1,1.1,6577,49,1,2,6215,2,30,1,0,0,0,0,0,0,0,1,,,
1,1.1,6577,50,1,2,8316,6,60,1,0,0,0,0,0,0,0,5,,,
1,1.1,6577,51,2,2,6215,3,30,1,0,0,0,0,0,0,0,0,,,
1,1.2,6582,36,1,2,4406,3,30,1,1,5,0,1,5,0,5,4,2,998,98
1,1.2,6582,39,2,2,3975,3,33,1,1,5,0,1,1,0,0,5,2,0,0
1,1.1,6582,40,1,2,4393,3,30,1,1,4,0,5,0,0,0,5,,,
1,1.1,6582,42,2,2,4449,2,30,1,0,0,0,0,0,0,0,0,,,
1,1.1,6582,43,1,2,3975,4,30,1,0,0,0,0,0,0,0,5,,,
1,1.1,6582,44,1,2,3975,5,30,1,0,0,0,0,0,0,0,5,,,
1,1.1,6582,195,2,3,4214,3,30,1,5,0,0,5,0,0,0,1,,,
1,1.1,6582,196,1,3,4214,4,30,1,5,0,0,5,0,0,0,0,,,
1,1.2,6583,65,2,2,5524,3,30,1,5,0,0,5,0,0,0,2,2,4.1,98
1,1.1,6583,72,2,2,8749,3,33,1,1,5,0,1,1,1,0,1,,,
1,1.1,6583,73,1,2,5423,2,30,1,5,0,0,5,0,0,0,4,,,
1,1.1,6583,74,2,2,7711,3,30,1,1,3,0,1,1,0,5,3,,,
1,1.1,6583,76,2,2,6087,4,30,1,5,0,5,5,0,0,1,2,,,
1,1.1,6583,77,2,2,5524,4,30,1,5,0,0,5,0,0,0,3,,,
1,1.1,6583,79,2,2,7711,4,30,1,1,2,5,5,0,0,5,2,,,
1,1.1,6583,80,2,2,6087,5,30,1,5,0,5,5,0,0,0,0,,,
1,1.1,6583,81,1,2,5770,3,30,1,0,0,0,0,0,0,0,0,,,
1,1.1,6583,82,1,2,7711,5,30,1,0,0,0,0,0,0,0,4,,,
1,1.1,6583,83,1,2,8749,4,30,1,0,0,0,0,0,0,0,5,,,
1,1.1,6583,84,1,2,6087,6,30,1,0,0,0,0,0,0,0,5,,,
1,1.1,6583,85,2,2,5770,4,30,1,0,0,0,0,0,0,0,0,,,
1,1.1,6583,87,1,2,8749,5,30,1,0,0,0,0,0,0,0,0,,,
1,1.2,6583,229,2,3,7246,2,30,1,5,0,0,5,0,0,0,5,2,3,4
1,1.1,6583,231,2,3,6087,3,30,1,5,0,0,5,0,0,0,0,,,
1,1.1,6583,235,1,3,6522,3,30,1,5,0,0,5,0,0,0,4,,,
1,1.1,6588,44,1,2,2558,3,30,1,0,0,0,0,0,0,0,0,,,
1,1.2,6589,36,2,2,3737,2,30,1,5,0,0,5,0,0,0,2,2,3.7,4
1,1.1,6589,38,1,2,3678,2,30,1,5,0,0,5,0,5,5,1,,,
1,1.2,6590,50,2,2,5293,3,60,1,8,0,0,5,0,0,5,8,2,3,98
1,1.2,6590,51,2,2,5293,4,60,1,8,0,0,5,0,0,0,8,2,4,98
1,1.2,6590,52,1,2,4777,3,30,1,5,0,0,5,0,0,5,2,2,998,4.3
1,1.2,6590,53,2,2,4769,2,30,1,5,0,0,5,0,0,0,1,2,998,98
1,1.1,6590,54,2,2,4769,3,30,1,5,0,0,5,0,0,5,1,,,
1,1.1,6590,55,2,2,4769,4,30,1,5,0,0,5,0,0,0,1,,,
1,1.1,6590,57,1,2,5040,3,30,1,0,0,0,0,0,0,0,2,,,
1,1.2,6590,182,2,3,5293,5,60,1,5,0,5,8,0,0,0,1,2,0,0
1,1.1,6591,42,2,2,7440,3,30,1,1,1,0,5,0,5,0,1,,,
1,1.1,6591,44,1,2,7440,4,30,1,1,1,0,5,0,0,0,1,,,
1,1.1,6591,45,2,2,7440,5,30,1,1,4,0,1,1,0,0,2,,,
1,1.1,6591,47,2,2,4538,4,30,1,9,0,0,9,0,0,0,0,,,
1,1.1,6591,196,1,3,7923,3,30,1,5,0,5,5,0,0,5,2,,,
1,1.2,6602,44,1,2,5689,3,30,1,5,0,0,5,0,0,0,1,2,0,0
1,1.2,6602,47,1,2,5689,4,30,1,5,0,0,5,0,0,0,1,2,0,0
1,1.1,6602,50,2,2,5905,3,30,1,5,0,5,5,0,0,0,9,,,
1,1.1,6602,51,1,2,4932,2,30,1,0,0,0,0,0,0,0,0,,,
1,1.1,6602,53,1,2,4932,3,30,1,0,0,0,0,0,0,0,0,,,
1,1.1,6605,41,2,2,7123,3,30,1,5,0,0,5,0,0,0,1,,,
1,1.1,6605,42,2,2,7123,4,30,1,5,0,5,5,0,0,0,1,,,
1,1.1,6605,45,2,2,7123,5,30,1,1,2,5,1,1,0,0,1,,,
1,1.1,6605,47,2,2,7175,3,30,1,5,0,0,5,0,0,0,3,,,
1,1.1,6605,48,2,2,7175,4,30,1,5,0,5,5,0,0,0,5,,,
1,1.1,6605,49,1,2,7123,6,30,1,0,0,0,0,0,0,0,5,,,
1,1.1,6605,51,1,2,7123,7,30,1,0,0,0,0,0,0,0,0,,,
1,1.2,6607,31,1,2,530,4,30,1,5,0,0,5,0,0,5,2,2,0,0
1,1.2,6615,41,1,2,1975,4,30,1,5,0,0,5,0,0,0,1,2,998,4
1,1.1,6615,42,2,2,1975,6,30,1,5,0,0,5,0,0,0,5,,,
1,1.1,6615,43,1,2,1975,7,30,1,5,0,5,5,0,0,0,5,,,
1,1.2,6616,39,1,2,7146,3,33,1,5,0,0,5,0,0,0,1,2,0,0
1,1.2,6616,40,1,2,5609,2,30,1,5,0,0,5,0,0,0,4,2,0,0
1,1.1,6616,41,2,2,9315,3,30,1,5,0,0,5,0,0,0,1,,,
1,1.1,6616,43,1,2,7146,4,33,1,5,0,0,1,1,0,5,4,,,
1,1.1,6616,44,2,2,9315,4,30,1,1,5,0,5,0,0,5,2,,,
1,1.1,6616,45,1,2,7944,2,30,1,5,0,0,5,0,0,0,2,,,
1,1.1,6616,47,1,2,7146,5,30,1,5,0,0,5,0,0,0,5,,,
1,1.1,6616,48,1,2,7146,6,30,1,0,0,0,0,0,0,0,5,,,
1,1.1,6616,49,2,2,7944,3,30,1,0,0,0,0,0,0,0,1,,,
1,1.2,6616,207,2,3,6943,3,30,1,5,0,5,5,0,0,0,5,2,0,0
1,1.1,6624,35,2,2,3195,3,33,,,,,,,,,,2,3.2,4
1,1.1,6624,37,1,2,3195,4,33,,,,,,,,,,2,3.2,4
1,1.1,6624,38,1,2,3195,5,30,1,0,0,0,0,0,0,0,4,,,
1,1.1,6625,178,1,3,5315,3,30,1,5,0,0,5,0,0,0,2,,,
1,1.1,6626,41,2,2,9024,5,60,1,0,0,0,0,0,0,0,3,,,
1,1.1,6633,38,1,2,9179,2,30,1,5,0,0,5,0,0,0,1,,,
1,1.2,6635,61,1,2,5876,2,60,1,1,5,5,1,1,5,0,1,2,0,0
1,1.1,6635,67,2,2,6559,5,30,1,5,0,5,5,0,0,0,0,,,
1,1.1,6635,195,2,3,6559,4,30,1,5,0,5,5,0,0,0,0,,,
1,1.1,6635,198,1,3,5381,2,30,1,1,4,0,5,0,0,0,1,,,
1,1.2,6639,42,2,2,7064,4,30,1,5,0,5,1,5,0,0,1,2,998,98
1,1.2,6639,43,2,2,7064,5,30,1,5,0,5,5,0,0,0,1,2,998,98
1,1.2,6639,44,1,2,7064,6,30,1,1,1,5,1,1,0,0,4,2,0,0
1,1.2,6639,186,2,3,7240,3,30,1,1,2,5,5,0,5,0,1,2,0,0
1,1.1,6646,45,2,2,6724,2,30,1,5,0,0,1,1,0,0,3,,,
1,1.2,6646,46,1,2,8382,3,33,1,5,0,0,5,0,0,0,2,2,0,0
1,1.1,6646,48,2,2,8382,4,30,1,0,0,0,0,0,0,0,2,,,
1,1.1,6649,36,1,2,232,3,30,1,5,0,0,1,1,0,0,4,,,
1,1.1,6652,173,1,3,3175,3,30,1,1,3,0,5,0,0,0,1,,,
1,1.1,6652,174,2,3,3175,4,30,1,1,3,0,1,5,0,0,1,,,
1,1.2,6655,45,2,2,5924,3,35,1,1,3,5,5,0,0,0,5,2,3.5,4
1,1.2,6655,46,2,2,5714,2,30,1,5,0,0,5,0,0,0,1,2,3.6,4
1,1.2,6655,47,2,2,6414,3,30,1,5,0,0,5,0,0,5,2,2,998,98
1,1.2,6655,48,2,2,5924,4,35,1,1,6,0,1,1,5,0,5,2,0,0
1,1.1,6655,49,2,2,7477,2,30,1,0,0,0,0,0,0,0,4,,,
1,1.1,6655,50,1,2,6414,4,30,1,0,0,0,0,0,0,0,5,,,
1,1.1,6655,51,1,2,5924,5,30,1,0,0,0,0,0,0,0,0,,,
1,1.2,6655,186,2,3,4735,2,30,1,5,0,0,1,1,0,5,2,2,0,0
1,1.2,6663,35,1,2,8911,3,30,1,5,0,0,5,0,0,0,1,2,0,0
1,1.2,6663,36,2,2,8911,4,30,1,5,0,0,5,0,0,0,1,2,998,4
1,1.1,6663,37,1,2,8911,5,30,1,5,0,0,5,0,0,0,2,,,
1,1.1,6663,38,1,2,8911,6,30,1,0,0,0,0,0,0,0,2,,,
1,1.1,6664,34,2,2,5000,2,30,1,5,0,0,5,0,0,0,5,,,
1,1.2,6674,36,2,2,8025,4,30,1,1,3,0,1,1,5,5,1,2,0,0
1,1.1,6674,37,2,2,8025,5,30,1,1,5,5,1,1,5,5,1,,,
1,1.2,6682,37,1,2,3129,4,30,1,1,1,0,5,0,0,0,1,2,2.43,4
1,1.2,6682,39,2,2,3129,5,30,1,1,1,0,5,0,0,0,1,2,0,0
1,1.2,6684,43,2,2,7674,4,60,1,5,0,0,1,5,5,0,1,2,3,4
1,1.2,6684,44,2,2,7674,2,60,1,1,1,0,5,0,0,0,1,2,2.8,4
1,1.2,6684,46,1,2,7674,3,60,1,5,0,0,5,0,0,0,2,2,0,0
1,1.1,6684,47,1,2,7674,5,60,1,5,0,0,5,0,0,0,1,,,
1,1.1,6684,49,2,2,6407,4,30,1,0,0,0,0,0,0,0,0,,,
1,1.1,6684,52,2,2,6407,5,30,1,0,0,0,0,0,0,0,0,,,
1,1.1,6694,33,1,2,3467,3,30,1,5,0,0,5,0,0,0,1,,,
1,1.1,6694,34,2,2,3467,4,30,1,0,0,0,0,0,0,0,1,,,
1,1.2,6703,33,2,2,1351,2,30,1,5,0,5,5,0,0,0,0,2,2,4
1,1.1,6706,41,1,2,8291,2,30,1,5,0,5,5,0,0,0,1,,,
1,1.1,6706,42,1,2,8291,3,30,1,5,0,5,5,0,0,0,1,,,
1,1.2,6707,35,1,2,8330,2,30,1,5,0,0,5,0,0,0,2,2,3,3.5
1,1.2,6707,36,1,2,8330,3,30,1,5,0,0,5,0,0,0,2,2,2.66,4
1,1.2,6721,37,1,2,6887,5,30,1,5,0,5,5,0,0,0,2,2,0,0
1,1.1,6721,38,2,2,4897,5,30,1,0,0,0,0,0,0,0,4,,,
1,1.2,6721,174,2,3,6887,3,30,1,5,0,0,5,0,0,0,5,2,3.7,4.5
1,1.2,6721,175,2,3,6887,4,30,1,5,0,5,5,0,0,0,3,2,0,0
1,1.2,6722,32,2,2,3201,2,30,1,5,0,0,1,1,0,0,4,2,0,0
1,1.1,6722,33,2,2,3201,4,30,1,5,0,5,5,0,0,0,5,,,
1,1.1,6724,47,1,2,5653,3,60,1,5,0,0,1,1,0,0,5,,,
1,1.1,6724,49,2,2,5725,3,35,1,0,0,0,0,0,0,0,0,,,
1,1.1,6724,52,2,2,7698,2,30,1,0,0,0,0,0,0,0,5,,,
1,1.1,6735,56,1,2,8658,2,30,1,1,4,5,1,1,0,0,4,,,
1,1.1,6735,60,2,2,8658,3,30,1,1,5,0,5,0,0,0,2,,,
1,1.1,6735,61,1,2,8658,4,30,1,5,0,0,5,0,0,0,3,,,
1,1.1,6735,62,2,2,4648,2,30,1,5,0,0,5,0,0,0,2,,,
1,1.1,6735,68,2,2,7882,2,30,1,0,0,0,0,0,0,0,0,,,
1,1.1,6736,41,2,2,3491,3,30,1,5,0,0,5,0,0,5,3,,,
1,1.1,6736,42,2,2,3791,3,30,1,1,1,0,5,0,1,0,1,,,
1,1.1,6736,43,1,2,3491,4,30,1,0,0,0,0,0,0,0,1,,,
1,1.1,6736,44,2,2,3458,3,30,1,0,0,0,0,0,0,0,5,,,
1,1.1,6736,45,1,2,3791,5,30,1,0,0,0,0,0,0,0,0,,,
1,1.1,6736,216,2,3,3791,4,30,1,0,0,0,0,0,0,0,5,,,
1,1.1,6738,43,1,2,8732,2,30,1,0,0,0,0,0,0,0,5,,,
1,1.1,6740,37,2,2,6563,3,30,1,5,0,0,5,0,0,0,1,,,
1,1.1,6740,38,2,2,5726,2,30,1,5,0,0,5,0,0,0,0,,,
1,1.1,6740,39,2,2,5726,3,30,1,0,0,0,0,0,0,0,0,,,
1,1.1,6750,39,1,2,4368,2,30,1,1,5,0,5,0,0,0,2,,,
1,1.2,6765,40,2,2,7215,2,30,1,5,0,0,1,5,5,0,1,2,0,0
1,1.2,6772,32,2,2,2866,3,33,1,1,5,0,1,1,1,0,1,2,0,0
1,1.2,6779,53,2,2,6482,3,30,1,5,0,5,1,1,0,0,1,2,0,0
1,1.2,6779,55,1,2,6482,2,30,1,5,0,0,1,1,0,0,3,2,0,0
1,1.1,6779,57,1,2,4856,2,30,1,0,0,0,0,0,0,0,2,,,
1,1.1,6779,58,1,2,6294,3,60,1,0,0,0,0,0,0,0,5,,,
1,1.2,6779,218,2,3,6482,4,30,1,5,0,0,5,0,0,0,1,2,3.93,4
1,1.1,6780,42,1,2,2953,3,30,1,5,0,0,5,0,0,0,1,,,
1,1.1,6780,43,2,2,2953,4,30,1,0,0,0,0,0,0,0,1,,,
1,1.2,6785,40,2,2,2143,2,30,1,5,0,0,5,0,0,0,1,2,998,4
1,1.1,6785,41,2,2,2143,3,30,1,1,5,0,1,1,5,5,1,,,
1,1.2,6785,42,1,2,2103,4,30,1,5,0,0,5,0,0,0,2,2,2.5,4
1,1.1,6785,43,2,2,1617,4,60,1,5,0,5,5,0,0,0,5,,,
1,1.1,6785,44,1,2,1617,5,60,1,5,0,0,5,0,0,0,0,,,
1,1.2,6785,45,1,2,2168,2,30,1,1,3,0,5,0,0,0,2,2,0,0
1,1.1,6785,47,2,2,2159,3,30,1,1,1,0,5,0,0,0,2,,,
1,1.2,6785,48,1,2,2103,5,30,1,5,0,0,5,0,0,0,2,2,0,0
1,1.1,6785,49,1,2,2159,4,30,1,1,3,0,5,0,0,0,2,,,
1,1.1,6785,50,2,2,2103,6,30,1,5,0,5,5,0,0,0,2,,,
1,1.1,6785,51,1,2,2589,3,30,1,5,0,0,5,0,0,0,1,,,
1,1.1,6785,52,2,2,2589,4,30,1,0,0,0,0,0,0,0,0,,,
1,1.1,6785,53,2,2,2103,7,30,1,0,0,0,0,0,0,0,2,,,
1,1.1,6789,34,1,2,779,3,30,1,0,0,0,0,0,0,0,1,,,
1,1.1,6790,41,1,2,7144,2,30,1,1,4,5,5,0,0,0,2,,,
1,1.1,6790,45,2,2,6271,3,30,1,0,0,0,0,0,0,0,2,,,
1,1.1,6793,41,2,2,3231,2,30,1,1,3,0,1,5,0,0,1,,,
1,1.1,6793,42,2,2,3230,2,30,1,5,0,5,5,0,0,0,1,,,
1,1.1,6793,43,1,2,3230,3,30,1,5,0,5,5,0,0,5,1,,,
1,1.1,6793,44,1,2,3231,3,30,1,1,2,5,1,5,0,0,2,,,
1,1.1,6793,45,2,2,3230,4,30,1,5,0,5,1,5,0,5,0,,,
1,1.1,6793,46,1,2,3231,4,30,1,5,0,0,5,0,0,0,1,,,
1,1.1,6793,47,1,2,3306,2,30,1,5,0,5,5,0,0,0,1,,,
1,1.1,6795,35,2,2,9247,4,30,1,5,0,0,1,5,0,0,0,,,
1,1.2,6795,175,2,3,9247,2,30,1,5,0,5,5,0,0,0,1,2,998,3.5
1,1.2,6795,176,2,3,9247,3,30,1,5,0,0,1,5,0,0,1,2,3.3,4.2
1,1.2,6798,41,2,2,5792,3,30,1,1,1,0,1,5,0,0,2,2,3.25,4.5
1,1.2,6798,42,1,2,5792,4,30,1,1,1,0,5,0,0,0,1,2,4,4.75
1,1.2,6798,43,1,2,7713,2,30,1,5,0,5,5,0,0,0,2,2,0,0
1,1.1,6798,45,1,2,9362,3,60,1,0,0,0,0,0,0,0,0,,,
1,1.1,6800,39,1,2,2890,3,30,1,5,0,0,5,0,0,0,2,,,
1,1.1,6801,43,1,2,3643,3,95,1,5,0,0,5,0,0,0,1,,,
1,1.1,6801,44,2,2,3760,3,30,1,0,0,0,0,0,0,0,0,,,
1,1.1,6801,45,2,2,3760,4,30,1,0,0,0,0,0,0,0,0,,,
1,1.1,6801,46,2,2,3610,4,30,1,0,0,0,0,0,0,0,5,,,
1,1.1,6803,34,2,2,7227,2,30,1,0,0,0,0,0,0,0,4,,,
1,1.1,6820,40,1,2,6352,2,30,1,5,0,0,5,0,0,0,3,,,
1,1.1,6820,44,1,2,6352,3,30,1,0,0,0,0,0,0,0,4,,,
1,1.1,6820,45,1,2,7959,4,30,1,0,0,0,0,0,0,0,0,,,
1,1.2,6826,34,1,2,3188,4,30,1,5,0,5,5,0,0,0,1,2,3,3
1,1.1,6826,35,1,2,3196,2,30,1,1,4,0,1,1,0,0,1,,,
1,1.1,6826,36,1,2,3188,3,30,1,0,0,0,0,0,0,0,0,,,
1,1.2,6832,49,1,2,9181,2,30,1,5,0,0,1,1,5,0,1,2,3,4
1,1.2,6836,31,1,2,723,5,30,1,5,0,5,5,0,0,0,1,2,2.8,4.9
1,1.1,6838,34,1,2,29,4,30,1,5,0,0,5,0,0,0,2,,,
1,1.2,6838,35,2,2,29,5,30,1,5,0,0,5,0,0,0,2,2,0,0
1,1.1,6839,41,2,2,3655,3,30,1,5,0,0,5,0,0,0,1,,,
1,1.2,6839,42,2,2,3773,3,60,1,5,0,0,5,0,0,0,1,2,0,0
1,1.1,6839,43,2,2,3655,4,30,1,5,0,0,5,0,0,1,1,,,
1,1.2,6839,44,1,2,3469,2,30,1,1,5,5,1,1,5,0,2,2,0,0
1,1.2,6839,45,1,2,3486,3,33,1,1,5,0,5,0,0,0,4,2,0,0
1,1.2,6839,46,1,2,3469,3,30,1,5,0,0,5,0,5,1,3,2,0,0
1,1.1,6839,47,1,2,3475,3,30,1,1,3,5,5,0,0,0,0,,,
1,1.1,6839,48,2,2,3842,4,30,1,5,0,0,5,0,0,0,2,,,
1,1.1,6839,49,2,2,3842,5,30,1,5,0,0,5,0,0,0,3,,,
1,1.1,6839,50,2,2,3611,3,30,1,0,0,0,0,0,0,0,2,,,
1,1.1,6839,51,2,2,3486,4,33,1,0,0,0,0,0,0,0,2,,,
1,1.1,6839,52,2,2,3693,3,30,1,0,0,0,0,0,0,0,0,,,
1,1.1,6839,53,1,2,3842,6,30,1,0,0,0,0,0,0,0,0,,,
1,1.2,6839,191,2,3,3644,2,30,1,5,0,0,1,1,0,0,1,2,0,0
1,1.2,6839,194,2,3,3457,4,30,1,5,0,0,5,0,0,0,0,2,998,98
1,1.1,6839,202,1,3,3693,2,30,1,5,0,0,5,0,0,0,0,,,
1,1.2,6841,32,1,2,2270,4,30,1,5,0,0,1,5,0,0,5,2,3,98
1,1.2,6841,33,2,2,2270,5,30,1,1,6,0,1,1,0,0,1,2,0,0
1,1.1,6841,34,2,2,1887,3,30,1,1,5,0,1,1,0,5,5,,,
1,1.1,6841,35,2,2,1887,4,30,1,5,0,0,5,0,0,5,2,,,
1,1.1,6841,36,2,2,2270,6,30,1,5,0,0,5,0,0,0,4,,,
1,1.1,6841,37,2,2,1887,5,30,1,1,1,0,1,5,0,1,4,,,
1,1.1,6841,38,1,2,2270,7,30,1,0,0,0,0,0,0,0,1,,,
1,1.1,6843,36,1,2,7185,2,30,1,5,0,5,5,0,0,0,2,,,
1,1.1,6845,46,1,2,5766,3,30,1,5,0,0,5,0,0,0,1,,,
1,1.1,6845,48,2,2,6879,2,30,1,5,0,0,5,0,0,0,0,,,
1,1.1,6845,49,1,2,6077,2,30,1,0,0,0,0,0,0,0,3,,,
1,1.1,6845,50,1,2,6581,3,65,1,0,0,0,0,0,0,0,0,,,
1,1.1,6845,51,1,2,5766,4,30,1,0,0,0,0,0,0,0,0,,,
1,1.1,6845,52,2,2,6581,4,65,1,0,0,0,0,0,0,0,0,,,
1,1.1,6845,53,1,2,7356,3,30,1,0,0,0,0,0,0,0,0,,,
1,1.1,6849,35,2,2,9497,3,30,1,0,0,0,0,0,0,0,5,,,
1,1.2,6853,35,2,2,7592,4,30,1,5,0,0,1,1,5,0,1,2,4.1,5.1
1,1.1,6853,36,1,2,7592,5,30,1,5,0,0,5,0,0,5,0,,,
1,1.1,6862,49,2,2,4240,3,33,1,5,0,5,1,5,0,0,1,,,
1,1.1,6862,52,2,2,4240,4,30,1,0,0,0,0,0,0,0,0,,,
1,1.1,6864,178,2,3,2534,2,30,1,1,4,5,5,0,0,5,5,,,
1,1.1,6864,180,2,3,2534,3,30,1,1,4,5,5,0,0,0,5,,,
1,1.1,6864,181,2,3,2534,4,30,1,1,4,5,5,0,0,0,3,,,
1,1.2,6872,34,2,2,3734,2,30,1,5,0,5,1,1,0,0,1,2,0,0
1,1.2,6872,35,1,2,3682,3,30,1,5,0,0,5,0,0,0,1,2,0,0
1,1.2,6872,38,1,2,3682,4,30,1,5,0,0,5,0,0,0,2,2,0,0
