KIDS,KID21,ER30001,ER30002,ER32000,ER32006,ER34901,ER34902,ER34903,P21REL,P21E5,P21E6,P21E10_09,P21E15,P21E16_3,P21E26_5,P21E33_6,P21E53A,C21REL,C21B12,C21B13,C21B31,C21B32
1,1.1,4,48,2,2,3753,3,30,1,5,0,0,5,0,0,0,1,,,,,
1,1.1,4,49,1,2,4719,3,60,1,5,0,0,5,0,0,0,1,,,,,
1,1.1,4,50,1,2,4719,4,60,1,5,0,0,5,0,0,0,2,,,,,
1,1.1,4,51,2,2,3753,4,30,1,5,0,5,5,0,0,0,1,,,,,
1,1.1,4,52,2,2,6326,2,30,1,5,0,0,5,0,0,0,0,,,,,
1,1.2,7,54,2,2,4020,4,30,1,5,0,0,5,0,5,0,1,1,998,4,7,6
1,1.2,7,55,1,2,7533,3,30,1,5,0,0,5,0,0,0,1,1,0,0,2,2
1,1.2,7,56,1,2,4020,5,30,1,5,0,0,5,0,0,0,1,1,0,0,0,0
1,1.1,7,57,1,2,6614,3,30,1,5,0,0,5,0,0,0,2,,,,,
1,1.1,7,58,2,2,6517,3,35,1,1,5,5,5,0,0,0,1,,,,,
1,1.1,7,60,2,2,7533,4,30,1,5,0,0,5,0,0,0,1,,,,,
1,1.1,7,61,2,2,6614,4,30,1,5,0,0,5,0,0,0,2,,,,,
1,1.1,7,63,1,2,6517,4,35,1,5,0,5,5,0,0,0,5,,,,,
1,1.1,7,66,1,2,6528,3,30,1,0,0,0,0,0,0,0,0,,,,,
1,1.1,7,67,2,2,6528,4,30,1,0,0,0,0,0,0,0,0,,,,,
1,1.1,7,68,2,2,6517,5,35,1,0,0,0,0,0,0,0,1,,,,,
1,1.2,10,36,2,2,1220,3,30,1,5,0,0,1,5,5,5,3,1,4.2,5,6,6
1,1.1,10,37,2,2,1517,2,30,1,5,0,0,1,5,0,5,5,,,,,
1,1.2,16,37,2,2,1978,3,30,1,1,1,0,5,0,5,0,1,1,4.1,4.5,2,6
1,1.2,16,41,2,2,1978,4,30,1,1,4,0,5,0,5,1,1,1,0,0,5,6
1,1.1,18,53,1,2,2245,5,60,1,0,0,0,0,0,0,0,0,,,,,
1,1.1,22,33,2,2,6532,2,60,1,5,0,0,5,0,0,0,2,,,,,
1,1.1,22,35,2,2,6532,4,60,1,5,0,0,5,0,0,0,1,,,,,
1,1.2,23,33,1,2,4787,3,30,1,1,5,0,5,0,5,0,1,1,3.5,4,6,6
1,1.1,23,34,2,2,4787,4,30,1,5,0,0,1,5,5,0,2,,,,,
1,1.1,40,44,2,2,3314,3,30,1,5,0,0,1,5,0,5,1,,,,,
1,1.2,40,45,1,2,3314,4,30,1,5,0,0,5,0,0,5,1,1,0,0,2,2
1,1.2,41,40,2,2,4204,4,30,1,1,6,0,1,1,0,0,1,1,4.3,5,6,6
1,1.2,41,43,2,2,5149,2,30,1,5,0,0,5,0,0,0,5,1,0,0,2,2
1,1.1,41,44,1,2,3986,3,30,1,1,1,0,1,1,0,0,1,,,,,
1,1.1,41,45,1,2,3986,4,30,1,1,5,5,1,1,0,0,1,,,,,
1,1.1,41,47,1,2,3986,5,30,1,1,3,0,1,1,0,0,1,,,,,
1,1.1,41,49,1,2,5149,3,30,1,5,0,0,5,0,0,0,5,,,,,
1,1.2,45,35,2,2,4081,3,60,1,5,0,0,5,0,0,0,1,1,998,4,6,6
1,1.1,45,190,1,3,6323,4,60,1,5,0,0,5,0,0,0,1,,,,,
1,1.2,53,44,2,2,4724,2,30,1,1,2,0,5,0,0,0,1,1,3.75,4,6,6
1,1.2,53,50,2,2,6387,3,30,1,5,0,0,5,0,0,5,2,1,0,0,7,7
1,1.1,53,53,2,2,7387,3,30,1,5,0,5,5,0,0,0,0,,,,,
1,1.1,53,56,2,2,2201,3,30,1,0,0,0,0,0,0,0,5,,,,,
1,1.1,57,35,2,2,7918,4,30,1,5,0,0,5,0,0,0,1,,,,,
1,1.1,57,186,1,3,7918,3,30,1,5,0,0,5,0,0,0,2,,,,,
1,1.1,61,38,1,2,7207,3,30,1,5,0,5,5,0,0,0,2,,,,,
1,1.1,61,39,1,2,7207,4,30,1,5,0,5,5,0,0,0,2,,,,,
1,1.1,61,40,1,2,3678,3,30,1,5,0,0,1,1,0,0,0,,,,,
1,1.1,61,42,1,2,7207,5,30,1,0,0,0,0,0,0,0,1,,,,,
1,1.2,68,32,1,2,4834,4,30,1,1,1,5,5,0,5,0,1,1,3.2,4.5,6,6
1,1.2,68,33,2,2,4834,5,30,1,1,1,5,5,0,0,5,4,1,3.1,98,7,6
1,1.1,84,40,2,2,7847,4,30,1,1,6,0,1,1,0,0,2,,,,,
1,1.1,84,43,2,2,3807,3,30,1,0,0,0,0,0,0,0,2,,,,,
1,1.1,84,44,1,2,6409,4,30,1,0,0,0,0,0,0,0,5,,,,,
1,1.1,84,190,1,3,6409,3,30,1,0,0,0,0,0,0,0,5,,,,,
1,1.1,88,41,2,2,4150,3,30,1,1,3,0,5,0,0,0,4,,,,,
1,1.1,88,42,2,2,4150,4,30,1,0,0,0,0,0,0,0,3,,,,,
1,1.1,96,36,1,2,1418,3,30,1,1,5,5,5,0,5,5,2,,,,,
1,1.1,96,37,2,2,1418,4,30,1,0,0,0,0,0,0,0,4,,,,,
1,1.1,96,38,2,2,1848,3,30,1,0,0,0,0,0,0,0,5,,,,,
1,1.1,105,43,2,2,5160,3,30,1,1,5,0,1,1,0,0,1,,,,,
1,1.1,105,45,2,2,7801,4,60,1,5,0,0,5,0,0,0,3,,,,,
1,1.2,105,185,2,3,7592,2,30,1,5,0,0,5,0,0,0,1,1,998,4,7,7
1,1.1,105,198,1,3,7743,3,30,1,5,0,0,5,0,0,0,1,,,,,
1,1.2,113,33,2,2,864,4,30,1,1,2,0,5,0,0,0,2,1,998,98,6,6
1,1.2,113,34,2,2,864,5,30,1,1,2,0,5,0,0,0,2,1,0,0,0,0
1,1.1,122,42,2,2,7349,3,30,1,5,0,0,5,0,5,5,1,,,,,
1,1.2,127,38,2,2,3113,3,30,1,1,1,0,1,1,0,0,1,1,0,0,6,6
1,1.1,127,41,2,2,3113,4,30,1,1,2,0,1,5,5,0,5,,,,,
1,1.1,138,35,2,2,6623,4,30,1,1,2,0,5,0,0,0,4,,,,,
1,1.1,138,36,1,2,6623,5,30,1,1,3,0,5,0,0,0,4,,,,,
1,1.2,151,41,1,2,3872,4,30,1,5,0,0,5,0,0,0,2,1,4.2,4.8,6,6
1,1.2,151,42,2,2,3872,5,30,1,5,0,0,5,0,0,0,2,1,4.2,4.5,6,6
1,1.1,151,43,1,2,3872,6,30,1,5,0,0,5,0,0,0,5,,,,,
1,1.1,151,45,2,2,3114,3,30,1,0,0,0,0,0,0,0,0,,,,,
1,1.1,151,46,1,2,2792,3,30,1,0,0,0,0,0,0,0,2,,,,,
1,1.1,151,48,2,2,2792,4,30,1,0,0,0,0,0,0,0,0,,,,,
1,1.1,151,49,1,2,3114,4,30,1,0,0,0,0,0,0,0,0,,,,,
1,1.2,156,33,1,2,2975,4,30,1,5,0,0,5,0,0,5,1,1,3.85,4,6,6
1,1.1,165,33,1,2,533,3,30,1,5,0,5,5,0,0,0,2,,,,,
1,1.1,165,34,1,2,533,4,30,1,5,0,5,5,0,0,0,2,,,,,
1,1.2,166,34,1,2,199,3,30,1,1,1,5,5,0,5,0,1,1,4,4,7,7
1,1.2,166,35,1,2,199,4,30,1,5,0,0,5,0,0,0,2,1,0,0,99,99
1,1.1,172,44,2,2,5855,3,30,1,1,4,0,1,1,0,0,2,,,,,
1,1.1,172,45,2,2,5855,4,30,1,1,3,0,5,0,0,0,5,,,,,
1,1.1,173,43,1,2,7541,2,30,1,5,0,0,5,0,0,0,2,,,,,
1,1.1,173,44,2,2,7900,3,30,1,1,5,0,1,1,0,0,1,,,,,
1,1.2,173,45,2,2,8232,3,30,1,5,0,0,5,0,0,5,4,1,0,0,0,0
1,1.1,173,46,1,2,8232,4,30,1,5,0,0,5,0,0,5,5,,,,,
1,1.1,173,47,2,2,4143,3,35,1,5,0,0,1,1,0,0,3,,,,,
1,1.1,173,48,2,2,7900,4,30,1,5,0,0,1,5,0,0,2,,,,,
1,1.1,173,50,2,2,4143,4,35,1,0,0,0,0,0,0,0,2,,,,,
1,1.1,174,43,2,2,7391,3,30,1,5,0,0,1,5,5,0,1,,,,,
1,1.1,174,44,2,2,7391,4,30,1,0,0,0,0,0,0,0,2,,,,,
1,1.1,174,45,2,2,3239,3,30,1,0,0,0,0,0,0,0,0,,,,,
1,1.1,174,46,2,2,3239,4,30,1,0,0,0,0,0,0,0,0,,,,,
1,1.1,180,34,2,2,3277,2,30,1,5,0,0,1,1,0,0,4,,,,,
1,1.1,180,35,2,2,3277,3,30,1,5,0,0,5,0,0,0,4,,,,,
1,1.1,180,36,1,2,5464,4,30,1,5,0,0,5,0,0,0,0,,,,,
1,1.1,180,37,1,2,5464,5,30,1,5,0,0,5,0,0,0,0,,,,,
1,1.1,180,38,1,2,9238,4,30,1,0,0,0,0,0,0,0,0,,,,,
1,1.1,180,175,1,3,5464,3,35,1,5,0,0,5,0,0,0,0,,,,,
1,1.1,197,41,2,2,6814,3,30,1,5,0,0,5,0,0,0,0,,,,,
1,1.1,197,47,1,2,7320,3,30,1,5,0,5,5,0,0,5,0,,,,,
1,1.1,197,48,2,2,7320,4,30,1,5,0,5,1,5,0,5,0,,,,,
1,1.1,197,49,2,2,7320,5,30,1,5,0,0,1,5,5,0,0,,,,,
1,1.1,197,52,2,2,6814,4,30,1,0,0,0,0,0,0,0,0,,,,,
1,1.1,197,55,1,2,6814,5,30,1,0,0,0,0,0,0,0,0,,,,,
1,1.2,200,44,1,2,3950,2,30,1,5,0,0,5,0,0,0,1,1,3.2,4,2,2
1,1.2,200,47,1,2,2644,4,30,1,1,1,0,5,0,5,0,1,1,0,0,0,0
1,1.1,200,48,2,2,2644,5,30,1,0,0,0,0,0,0,0,1,,,,,
1,1.1,220,31,1,2,971,3,30,1,5,0,0,5,0,0,0,5,,,,,
1,1.1,220,32,2,2,971,4,30,1,0,0,0,0,0,0,0,0,,,,,
1,1.1,223,32,2,2,1833,3,30,1,1,3,5,5,0,5,0,1,,,,,
1,1.1,223,33,2,2,1833,4,30,1,1,4,0,1,5,5,0,1,,,,,
1,1.1,228,33,2,2,1358,3,30,1,0,0,0,0,0,0,0,5,,,,,
1,1.2,236,37,1,2,6412,4,30,1,1,1,0,5,0,0,0,1,1,3.81,98,7,7
1,1.2,236,38,2,2,6412,5,30,1,1,1,0,5,0,5,0,1,1,3.8,4,7,7
1,1.2,236,39,2,2,6412,6,30,1,1,1,0,5,0,5,0,1,1,2.8,4,7,6
1,1.2,236,40,1,2,3364,3,30,1,1,3,0,1,1,0,0,2,1,0,0,6,6
1,1.1,236,41,1,2,3364,4,30,1,1,1,0,5,0,0,5,3,,,,,
1,1.1,236,42,1,2,3364,5,30,1,0,0,0,0,0,0,0,0,,,,,
1,1.1,246,32,2,2,1673,3,30,1,1,3,0,1,5,0,0,3,,,,,
1,1.1,254,32,1,2,7481,3,30,1,1,4,0,1,5,5,0,1,,,,,
1,1.2,263,42,1,2,534,4,30,1,1,1,5,5,0,0,0,1,1,2.7,4,2,2
1,1.1,263,47,2,2,513,3,30,1,5,0,0,5,0,5,0,3,,,,,
1,1.2,267,32,1,2,477,3,30,1,1,5,0,1,1,0,0,2,1,0,0,6,6
1,1.2,267,33,2,2,498,3,30,1,1,3,0,5,0,5,5,2,1,4,4,7,6
1,1.1,267,34,1,2,498,4,30,1,1,2,0,5,0,5,0,4,,,,,
1,1.1,267,35,2,2,477,4,30,1,5,0,0,1,5,0,0,2,,,,,
1,1.1,280,38,1,2,2335,2,30,1,5,0,5,5,0,0,5,0,,,,,
1,1.2,284,32,1,2,2172,3,30,1,5,0,0,5,0,0,5,2,1,997,5,6,6
1,1.1,297,64,1,2,6936,2,30,1,1,5,0,5,0,0,0,1,,,,,
1,1.2,297,65,1,2,5550,4,30,1,5,0,0,5,0,0,0,2,1,4.5,4.8,6,6
1,1.2,297,71,2,2,5550,5,30,1,5,0,5,5,0,0,5,1,1,0,0,6,2
1,1.1,297,72,1,2,6936,3,30,1,1,5,0,5,0,0,0,0,,,,,
1,1.2,302,39,1,2,600,3,30,1,1,5,0,5,0,0,0,2,1,0,0,6,6
1,1.1,302,40,1,2,600,4,30,1,1,3,0,1,1,0,0,3,,,,,
1,1.1,303,32,2,2,1818,3,30,1,0,0,0,0,0,0,0,1,,,,,
1,1.2,308,38,1,2,2662,3,30,1,1,1,0,5,0,0,0,1,1,3.1,4,6,6
1,1.2,308,40,1,2,2207,3,30,1,1,1,0,5,0,0,0,1,1,0,0,0,0
1,1.1,308,41,1,2,2207,4,30,1,1,1,0,5,0,0,0,1,,,,,
1,1.1,308,42,2,2,6679,3,30,1,1,3,0,1,5,0,0,2,,,,,
1,1.1,308,43,2,2,2207,5,30,1,1,2,0,1,1,0,0,1,,,,,
1,1.1,308,45,1,2,6679,4,30,1,0,0,0,0,0,0,0,2,,,,,
1,1.1,317,36,1,2,4050,3,30,1,5,0,0,5,0,5,0,1,,,,,
1,1.2,317,37,2,2,3048,3,30,1,1,5,0,1,1,0,0,1,1,3.8,4,6,6
1,1.2,317,38,1,2,3048,4,30,1,1,3,0,1,1,0,0,1,1,4,4,6,6
1,1.2,317,39,1,2,4050,4,30,1,1,2,0,5,0,5,0,1,1,3.9,4,7,6
1,1.1,317,43,2,2,4050,5,30,1,1,4,0,1,1,0,0,1,,,,,
1,1.2,321,33,2,2,4500,4,30,1,1,2,0,5,0,5,0,2,1,0,0,7,7
1,1.1,321,36,2,2,4500,5,30,1,1,3,0,5,0,5,0,2,,,,,
1,1.2,321,181,1,3,4500,3,30,1,1,1,0,5,0,0,0,1,1,3.78,4,7,7
1,1.1,327,41,2,2,521,2,30,1,0,0,0,0,0,0,0,0,,,,,
1,1.1,327,42,2,2,1058,3,35,1,0,0,0,0,0,0,0,1,,,,,
1,1.1,327,43,2,2,1058,4,35,1,0,0,0,0,0,0,0,5,,,,,
1,1.2,343,35,2,2,352,4,30,1,1,2,0,5,0,0,0,1,1,4.2,98,7,6
1,1.1,344,39,1,2,7360,3,30,1,0,0,0,0,0,0,0,0,,,,,
1,1.1,344,41,2,2,7360,4,30,1,0,0,0,0,0,0,0,0,,,,,
1,1.1,350,34,1,2,516,3,30,1,0,0,0,0,0,0,0,5,,,,,
1,1.2,351,41,2,2,4987,3,60,1,5,0,0,5,0,0,0,5,1,998,98,2,2
1,1.1,351,44,1,2,2854,3,30,1,5,0,0,5,0,5,0,0,,,,,
1,1.1,351,45,2,2,3695,2,30,1,1,3,0,5,0,0,0,5,,,,,
1,1.1,351,46,1,2,2854,4,30,1,5,0,0,1,1,5,0,0,,,,,
1,1.1,351,47,2,2,2854,5,30,1,0,0,0,0,0,0,0,0,,,,,
1,1.1,352,34,1,2,1950,2,30,1,1,3,0,5,0,0,0,0,,,,,
1,1.1,352,35,2,2,1950,3,30,1,1,3,0,5,0,0,0,4,,,,,
1,1.1,352,36,2,2,1950,4,30,1,0,0,0,0,0,0,0,2,,,,,
1,1.1,354,35,2,2,4364,4,35,1,0,0,0,0,0,0,0,5,,,,,
1,1.1,354,184,2,3,4364,3,35,1,1,5,0,1,5,0,0,4,,,,,
1,1.1,355,37,2,2,1469,3,30,1,0,0,0,0,0,0,0,2,,,,,
1,1.1,368,34,2,2,5747,3,30,1,5,0,5,5,0,0,0,1,,,,,
1,1.2,368,35,1,2,5747,4,30,1,1,1,0,5,0,0,0,2,1,3.8,5,7,7
1,1.2,368,36,1,2,7648,4,30,1,1,2,0,5,0,5,0,2,1,3.5,5,7,6
1,1.2,368,37,2,2,7648,5,30,1,1,2,0,5,0,5,0,2,1,4.02,5,6,6
1,1.2,409,38,2,2,6027,2,30,1,1,2,5,5,0,0,0,2,1,5.4,6,6,6
1,1.2,409,42,2,2,6027,3,30,1,1,2,0,5,0,0,0,1,1,0,0,7,7
1,1.1,419,41,2,2,6393,2,30,1,5,0,5,5,0,0,0,2,,,,,
1,1.1,419,43,2,2,6393,3,30,1,5,0,0,5,0,0,0,2,,,,,
1,1.1,419,182,1,3,3597,2,60,1,1,5,0,5,0,0,0,0,,,,,
1,1.1,436,43,2,2,3531,3,30,1,1,5,0,5,0,0,5,1,,,,,
1,1.1,436,44,2,2,3531,4,30,1,1,5,0,1,5,0,5,2,,,,,
1,1.1,436,46,2,2,3531,5,30,1,1,2,0,1,5,5,5,4,,,,,
1,1.1,436,48,1,2,3052,3,30,1,5,0,0,5,0,0,5,5,,,,,
1,1.1,436,49,1,2,5193,3,30,1,0,0,0,0,0,0,0,0,,,,,
1,1.1,436,51,2,2,3052,4,30,1,0,0,0,0,0,0,0,5,,,,,
1,1.1,440,34,2,2,1224,3,30,1,1,2,0,1,5,0,0,2,,,,,
1,1.1,441,32,2,2,1659,3,30,1,0,0,0,0,0,0,0,0,,,,,
1,1.2,445,33,2,2,4487,2,30,1,5,0,0,5,0,0,0,1,1,3.6,98,99,99
1,1.2,445,35,1,2,6339,3,30,1,1,6,0,5,0,0,0,1,1,998,4,7,6
1,1.2,445,36,2,2,6339,4,30,1,1,2,0,5,0,0,0,1,1,4.1,5,6,6
1,1.1,450,34,2,2,1158,2,30,1,1,4,0,5,0,0,0,1,,,,,
1,1.1,450,35,2,2,1158,3,30,1,1,3,0,1,5,0,5,1,,,,,
1,1.1,450,36,1,2,492,3,33,1,1,3,0,5,0,0,0,2,,,,,
1,1.1,450,37,1,2,1158,4,30,1,0,0,0,0,0,0,0,0,,,,,
1,1.2,452,43,1,2,4491,4,30,1,1,6,0,5,0,0,0,5,1,0,0,5,7
1,1.2,452,44,2,2,4491,5,30,1,1,6,0,5,0,0,5,1,1,0,0,6,6
1,1.2,452,193,2,3,2911,2,30,1,1,5,5,1,1,0,0,1,1,0,0,6,5
1,1.1,465,35,1,2,6546,3,30,1,5,0,0,5,0,0,0,1,,,,,
1,1.1,465,36,2,2,6546,4,30,1,5,0,0,5,0,0,0,2,,,,,
1,1.2,473,47,1,2,3585,3,30,1,5,0,0,5,0,0,5,1,1,3.5,4,6,3
1,1.2,473,49,2,2,3585,4,30,1,5,0,0,5,0,0,0,5,1,0,0,6,6
1,1.1,473,51,1,2,3585,5,30,1,5,0,0,5,0,0,0,5,,,,,
1,1.2,478,47,2,2,3141,4,30,1,1,2,0,5,0,0,0,1,1,3.5,4,6,6
1,1.2,478,48,1,2,3141,5,30,1,1,1,0,5,0,0,0,1,1,998,5,4,6
1,1.1,478,49,2,2,3370,3,30,1,1,6,0,1,1,0,0,1,,,,,
1,1.1,478,50,2,2,8177,4,30,1,5,0,0,1,5,5,5,2,,,,,
1,1.1,478,51,2,2,3370,4,30,1,1,6,0,5,0,0,0,1,,,,,
1,1.1,478,52,1,2,8177,5,30,1,0,0,0,0,0,0,0,2,,,,,
1,1.1,490,35,2,2,5253,5,30,1,1,1,0,5,0,0,0,1,,,,,
1,1.2,541,36,2,2,358,2,30,1,1,3,0,1,1,5,0,1,1,3.5,4,6,6
1,1.1,544,33,1,2,874,3,30,1,0,0,0,0,0,0,0,0,,,,,
1,1.1,548,44,1,2,1501,3,30,1,1,4,5,5,0,0,0,5,,,,,
1,1.1,548,45,2,2,1501,4,30,1,1,4,0,5,0,0,5,0,,,,,
1,1.1,557,36,2,2,111,2,30,1,5,0,5,5,0,0,0,1,,,,,
1,1.1,557,37,1,2,711,3,30,1,1,1,0,5,0,0,0,1,,,,,
1,1.2,563,53,2,2,2759,4,30,1,5,0,0,5,0,0,0,1,1,998,98,3,3
1,1.1,564,40,1,2,1838,2,65,1,5,0,0,5,0,0,0,5,,,,,
1,1.1,564,174,1,3,1838,3,65,1,0,0,0,0,0,0,0,0,,,,,
1,1.2,565,35,2,2,3778,3,30,1,5,0,0,5,0,0,0,1,1,3.5,4,6,6
1,1.2,565,36,2,2,3778,4,30,1,1,5,0,1,1,0,0,1,1,0,0,2,2
1,1.1,565,37,1,2,4368,3,30,1,0,0,0,0,0,0,0,2,,,,,
1,1.1,569,34,1,2,2856,2,30,1,5,0,0,5,0,0,0,2,,,,,
1,1.1,569,35,2,2,3612,3,30,1,1,6,0,1,1,0,0,2,,,,,
1,1.1,569,36,1,2,3612,4,30,1,1,4,0,5,0,0,0,2,,,,,
1,1.1,569,37,2,2,2856,3,30,1,5,0,5,5,0,0,0,0,,,,,
1,1.1,569,38,2,2,2856,4,30,1,5,0,5,5,0,0,0,0,,,,,
1,1.1,570,42,2,2,88,3,30,1,0,0,0,0,0,0,0,3,,,,,
1,1.1,573,38,1,2,6001,2,30,1,5,0,0,5,0,0,0,2,,,,,
1,1.2,577,33,2,2,1166,3,30,1,1,5,0,5,0,0,0,1,1,3.7,4,4,2
1,1.1,577,34,2,2,1166,4,30,1,1,2,0,5,0,0,0,1,,,,,
1,1.1,577,35,1,2,1166,5,30,1,5,0,0,5,0,0,0,2,,,,,
1,1.1,581,30,1,2,241,3,30,1,1,6,0,5,0,0,0,2,,,,,
1,1.2,582,36,1,2,4977,3,30,1,1,4,0,5,0,0,0,1,1,997,98,2,2
1,1.2,595,32,1,2,1639,2,30,1,5,0,0,5,0,0,0,3,1,4,4.5,6,6
1,1.1,596,41,1,2,3656,3,30,1,1,5,0,5,0,0,5,5,,,,,
1,1.2,602,38,1,2,5942,3,30,1,1,2,0,5,0,5,0,2,1,0,0,0,0
1,1.1,602,40,2,2,7318,3,30,1,1,5,0,5,0,0,0,0,,,,,
1,1.1,602,41,1,2,7318,4,30,1,1,1,0,5,0,0,0,0,,,,,
1,1.2,605,33,2,2,1890,3,30,1,1,2,0,5,0,5,5,2,1,4.59,5,7,7
1,1.2,607,47,1,2,3128,3,30,1,5,0,0,5,0,0,5,2,1,998,98,6,6
1,1.1,607,48,1,2,2472,3,30,1,5,0,0,5,0,0,5,2,,,,,
1,1.2,607,49,1,2,3128,4,30,1,1,2,0,5,0,5,5,2,1,0,0,2,2
1,1.2,607,50,2,2,3128,5,30,1,1,3,5,5,0,0,0,1,1,0,0,3,3
1,1.2,608,40,2,2,5628,4,30,1,1,1,0,1,5,5,0,1,1,0,0,3,3
1,1.1,608,42,1,2,8567,4,35,1,1,3,0,5,0,0,0,1,,,,,
1,1.1,608,43,2,2,8567,5,35,1,1,6,0,5,0,0,0,1,,,,,
1,1.1,608,44,1,2,8567,6,35,1,1,3,0,5,0,5,0,1,,,,,
1,1.1,608,45,1,2,5172,3,33,1,1,5,0,5,0,0,0,5,,,,,
1,1.1,616,32,1,2,6471,3,30,1,5,0,0,5,0,0,0,5,,,,,
1,1.1,616,33,1,2,6471,4,30,1,5,0,0,5,0,0,0,5,,,,,
1,1.1,620,44,2,2,3856,3,30,1,1,2,0,1,5,0,0,2,,,,,
1,1.1,620,46,2,2,3856,4,30,1,1,2,5,1,5,0,0,5,,,,,
1,1.2,624,31,1,2,1600,3,30,1,1,5,0,1,1,5,0,1,1,0,0,0,0
1,1.1,624,32,2,2,1600,4,30,1,5,0,0,5,0,5,0,2,,,,,
1,1.1,624,33,2,2,1644,7,30,1,0,0,0,0,0,0,0,2,,,,,
1,1.1,624,180,1,3,1644,3,30,1,5,0,5,1,1,5,0,1,,,,,
1,1.1,626,55,2,2,4282,2,30,1,1,3,5,5,0,0,0,0,,,,,
1,1.1,628,187,1,3,3619,3,30,1,1,6,0,5,0,0,0,5,,,,,
1,1.1,630,34,1,2,7582,3,30,1,0,0,0,0,0,0,0,2,,,,,
1,1.2,632,32,2,2,5905,3,35,1,5,0,0,5,0,0,0,1,1,3.8,98,4,4
1,1.2,633,44,2,2,4052,3,30,1,5,0,0,5,0,0,0,3,1,0,0,7,7
1,1.2,634,39,1,2,4199,2,30,1,5,0,0,5,0,0,0,2,1,0,0,2,3
1,1.1,634,42,2,2,4199,3,30,1,0,0,0,0,0,0,0,0,,,,,
1,1.1,636,34,2,2,1748,2,30,1,1,4,0,5,0,0,0,5,,,,,
1,1.1,639,33,1,2,4389,3,30,1,5,0,0,5,0,0,0,5,,,,,
1,1.1,639,34,1,2,4389,4,30,1,5,0,0,5,0,0,0,4,,,,,
1,1.2,641,34,2,2,1834,3,30,1,5,0,0,5,0,5,0,1,1,4.3,4.5,7,5
1,1.1,644,32,2,2,229,3,30,1,1,5,0,1,1,0,0,4,,,,,
1,1.1,644,33,1,2,229,4,30,1,0,0,0,0,0,0,0,4,,,,,
1,1.2,647,37,1,2,3877,2,30,1,1,1,0,5,0,0,5,1,1,3.8,4,6,6
1,1.1,647,39,1,2,3877,3,30,1,1,2,0,5,0,0,0,4,,,,,
1,1.2,654,37,2,2,4442,5,30,1,5,0,0,5,0,0,0,2,1,998,4,6,6
1,1.2,656,39,1,2,3595,3,30,1,5,0,0,5,0,0,0,1,1,0,0,6,6
1,1.1,656,40,2,2,3595,4,30,1,5,0,0,1,5,0,0,1,,,,,
1,1.1,664,38,2,2,3238,3,30,1,1,2,0,5,0,5,0,1,,,,,
1,1.1,664,39,1,2,3105,3,30,1,0,0,0,0,0,0,0,5,,,,,
1,1.1,664,40,1,2,3105,4,30,1,0,0,0,0,0,0,0,5,,,,,
1,1.1,671,31,2,2,1904,3,30,1,5,0,0,5,0,0,0,0,,,,,
1,1.1,671,32,2,2,1904,4,30,1,0,0,0,0,0,0,0,0,,,,,
1,1.2,672,31,2,2,5200,2,30,1,1,2,5,5,0,0,0,1,1,998,98,3,3
1,1.1,672,33,1,2,3887,2,30,1,1,4,0,5,0,0,0,1,,,,,
1,1.2,672,34,2,2,5200,3,30,1,1,5,0,5,0,5,0,2,1,0,0,7,6
1,1.1,672,36,1,2,3732,4,30,1,0,0,0,0,0,0,0,5,,,,,
1,1.1,672,37,2,2,5200,4,30,1,0,0,0,0,0,0,0,4,,,,,
1,1.1,672,38,2,2,3732,6,30,1,0,0,0,0,0,0,0,5,,,,,
1,1.1,677,39,2,2,4048,2,95,1,5,0,0,5,0,0,0,2,,,,,
1,1.1,677,43,2,2,2519,2,30,1,1,2,0,1,5,0,0,2,,,,,
1,1.1,677,45,2,2,2519,3,30,1,1,2,0,1,5,0,0,2,,,,,
1,1.1,686,38,1,2,4848,3,30,1,0,0,0,0,0,0,0,1,,,,,
1,1.1,687,36,2,2,7414,4,60,1,1,4,5,1,1,0,0,3,,,,,
1,1.1,687,37,1,2,7414,5,60,1,1,4,0,5,0,0,0,4,,,,,
1,1.1,687,38,2,2,7414,6,60,1,0,0,0,0,0,0,0,0,,,,,
1,1.1,691,38,1,2,2679,3,30,1,0,0,0,0,0,0,0,5,,,,,
1,1.1,698,40,2,2,3947,3,30,1,1,6,0,1,1,0,0,1,,,,,
1,1.1,698,44,1,2,3947,4,30,1,1,5,0,1,1,0,0,5,,,,,
1,1.1,702,33,1,2,1498,3,30,1,5,0,0,5,0,5,0,2,,,,,
1,1.2,706,33,1,2,1269,3,30,1,5,0,0,5,0,0,0,2,1,3.5,4,3,3
1,1.1,706,35,1,2,1486,3,30,1,5,0,0,5,0,0,0,4,,,,,
1,1.1,706,37,2,2,1486,4,30,1,0,0,0,0,0,0,0,4,,,,,
1,1.1,707,34,1,2,5225,2,30,1,5,0,0,5,0,0,0,1,,,,,
1,1.1,707,35,2,2,5225,3,30,1,0,0,0,0,0,0,0,1,,,,,
1,1.2,709,51,1,2,3273,3,30,1,5,0,0,5,0,0,0,2,1,998,98,98,2
1,1.1,709,53,1,2,3273,4,30,1,5,0,5,5,0,0,5,2,,,,,
1,1.1,709,54,1,2,3273,5,30,1,5,0,5,5,0,0,5,2,,,,,
1,1.2,712,35,2,2,4449,3,30,1,1,6,0,1,1,0,0,1,1,3.9,4,6,6
1,1.2,712,37,1,2,4449,5,30,1,1,2,0,5,0,1,0,1,1,0,0,6,6
1,1.1,712,177,2,3,4449,8,30,1,1,5,0,1,5,0,0,0,,,,,
1,1.1,725,32,2,2,1008,3,30,1,0,0,0,0,0,0,0,5,,,,,
1,1.1,727,32,1,2,7756,3,35,1,1,5,0,5,0,0,0,5,,,,,
1,1.1,728,35,2,2,511,3,30,1,1,1,0,5,0,0,0,1,,,,,
1,1.1,728,36,1,2,511,4,30,1,0,0,0,0,0,0,0,0,,,,,
1,1.1,729,48,1,2,6555,2,30,1,5,0,0,5,0,0,5,4,,,,,
1,1.1,729,52,2,2,4959,2,30,1,5,0,0,5,0,0,5,0,,,,,
1,1.1,729,55,2,2,4959,3,30,1,0,0,0,0,0,0,0,0,,,,,
1,1.1,729,58,1,2,4959,4,30,1,0,0,0,0,0,0,0,0,,,,,
1,1.2,749,39,2,2,7458,5,30,1,5,0,0,5,0,1,0,1,1,3.83,4,2,2
1,1.1,749,46,1,2,5403,3,30,1,0,0,0,0,0,0,0,0,,,,,
1,1.1,751,43,1,2,7607,3,30,1,1,2,0,5,0,0,0,2,,,,,
1,1.1,751,44,1,2,5809,2,30,1,1,1,0,5,0,0,0,1,,,,,
1,1.2,751,45,2,2,7362,2,30,1,5,0,0,5,0,0,0,2,1,2.3,4,3,2
1,1.2,751,46,1,2,7607,4,30,1,1,2,0,5,0,0,0,1,1,3.2,4.1,7,6
1,1.1,751,47,2,2,5809,3,30,1,1,2,0,5,0,0,0,1,,,,,
1,1.1,751,49,2,2,5809,4,30,1,1,1,0,5,0,0,0,1,,,,,
1,1.2,762,34,1,2,5279,3,30,1,1,5,0,5,0,0,0,2,1,0,0,6,2
1,1.1,762,35,1,2,5279,4,30,1,1,1,0,5,0,0,0,1,,,,,
1,1.1,762,36,1,2,5279,5,30,1,0,0,0,0,0,0,0,2,,,,,
1,1.1,771,33,1,2,1359,3,30,1,1,5,0,5,0,0,0,1,,,,,
1,1.1,774,33,2,2,5489,3,30,1,5,0,0,1,5,0,0,5,,,,,
1,1.1,774,34,2,2,5489,4,30,1,5,0,0,1,5,0,0,2,,,,,
1,1.2,798,30,1,2,949,3,30,1,1,3,0,5,0,0,0,2,1,0,0,6,5
1,1.1,798,32,1,2,949,4,30,1,5,0,0,5,0,0,0,5,,,,,
1,1.1,823,36,1,2,1491,3,30,1,1,2,5,5,0,0,0,5,,,,,
1,1.1,823,38,1,2,1491,4,30,1,1,3,5,5,0,0,0,5,,,,,
1,1.1,823,39,1,2,1491,5,30,1,0,0,0,0,0,0,0,0,,,,,
1,1.2,826,37,2,2,1976,5,30,1,5,0,0,5,0,0,0,1,1,0,0,2,2
1,1.2,828,31,2,2,1098,2,30,1,5,0,0,5,0,0,0,1,1,3.8,4,7,6
1,1.2,833,39,2,2,3015,3,30,1,1,4,0,1,1,0,0,1,1,0,0,6,6
1,1.1,833,43,2,2,3015,4,30,1,1,1,0,5,0,0,0,1,,,,,
1,1.1,833,45,1,2,5494,3,96,1,0,0,0,0,0,0,0,2,,,,,
1,1.1,838,32,2,2,392,3,30,1,1,1,0,5,0,0,0,1,,,,,
1,1.2,840,51,1,2,4933,4,30,1,1,6,0,5,0,0,0,1,1,998,98,2,2
1,1.1,840,58,2,2,7352,2,30,1,0,0,0,0,0,0,0,0,,,,,
1,1.2,846,49,1,2,3056,2,30,1,5,0,5,5,0,0,0,2,1,0,0,6,5
1,1.1,848,32,1,2,4465,3,30,1,5,0,0,5,0,0,0,1,,,,,
1,1.1,855,34,2,2,538,3,30,1,1,3,0,1,1,0,0,4,,,,,
1,1.1,855,35,1,2,538,4,30,1,1,3,0,1,1,0,0,4,,,,,
1,1.1,855,36,2,2,538,5,30,1,5,0,0,5,0,0,0,5,,,,,
1,1.1,856,39,2,2,2895,3,33,1,1,1,0,5,0,0,0,1,,,,,
1,1.1,856,40,2,2,2895,4,33,1,1,1,0,5,0,5,0,1,,,,,
1,1.1,856,41,1,2,2895,5,30,1,1,2,5,5,0,0,0,1,,,,,
1,1.1,856,43,2,2,5175,3,30,1,5,0,0,5,0,0,0,0,,,,,
1,1.1,856,44,2,2,3869,3,30,1,1,2,0,5,0,0,5,5,,,,,
1,1.2,860,30,1,2,18,3,30,1,1,3,0,5,0,0,0,1,1,3.9,4.5,6,6
1,1.2,863,38,2,2,4038,3,30,1,5,0,0,5,0,0,0,1,1,3.2,4,6,6
1,1.1,863,43,2,2,2184,3,30,1,0,0,0,0,0,0,0,1,,,,,
1,1.1,866,35,2,2,4663,3,30,1,0,0,0,0,0,0,0,2,,,,,
1,1.1,866,36,2,2,5805,3,30,1,0,0,0,0,0,0,0,4,,,,,
1,1.1,868,39,2,2,6967,3,30,1,0,0,0,0,0,0,0,0,,,,,
1,1.1,878,34,2,2,8002,3,30,1,5,0,0,1,1,0,0,2,,,,,
1,1.2,894,36,1,2,2215,3,30,1,1,1,0,5,0,0,0,1,1,4,5.3,7,7
1,1.2,894,38,2,2,2215,4,30,1,1,1,0,5,0,0,5,1,1,998,98,6,6
1,1.2,897,38,1,2,2059,2,30,1,1,3,5,1,1,5,1,1,1,0,0,0,0
1,1.1,897,39,2,2,6154,3,30,1,1,6,0,1,1,5,0,4,,,,,
1,1.1,897,40,2,2,6154,4,30,1,1,3,0,5,0,5,0,4,,,,,
1,1.1,897,41,2,2,6154,5,30,1,1,2,0,5,0,5,0,1,,,,,
1,1.1,899,36,2,2,1967,3,30,1,1,2,0,5,0,0,0,4,,,,,
1,1.2,906,33,2,2,3173,3,30,1,1,2,0,5,0,5,5,1,1,3.8,5,7,7
1,1.1,906,34,1,2,3173,4,30,1,1,5,0,5,0,5,0,2,,,,,
1,1.1,908,40,2,2,2555,4,30,1,1,4,0,5,0,0,0,1,,,,,
1,1.1,908,41,2,2,2555,5,30,1,0,0,0,0,0,0,0,2,,,,,
1,1.1,910,43,1,2,59,4,30,1,0,0,0,0,0,0,0,4,,,,,
1,1.1,915,37,2,2,1536,3,30,1,5,0,0,5,0,0,0,2,,,,,
1,1.1,916,40,1,2,7585,2,30,1,5,0,0,5,0,0,0,1,,,,,
1,1.1,941,46,2,2,4356,3,30,1,5,0,0,1,5,0,0,3,,,,,
1,1.1,941,47,1,2,4356,4,30,1,0,0,0,0,0,0,0,2,,,,,
1,1.1,946,31,1,2,2276,3,30,1,5,0,0,5,0,0,0,3,,,,,
1,1.1,946,33,2,2,2276,4,30,1,1,1,0,5,0,0,0,3,,,,,
1,1.1,951,33,2,2,5353,3,30,1,5,0,0,5,0,0,0,1,,,,,
1,1.1,952,34,1,2,6221,3,30,1,5,0,0,5,0,5,0,4,,,,,
1,1.1,952,35,2,2,6221,4,30,1,0,0,0,0,0,0,0,5,,,,,
1,1.2,961,42,1,2,4390,2,30,1,1,1,0,5,0,5,0,5,1,3.93,4,98,5
1,1.1,967,32,2,2,481,3,30,1,1,3,0,5,0,0,0,2,,,,,
1,1.1,967,33,2,2,481,4,30,1,1,5,0,5,0,0,0,1,,,,,
1,1.1,982,34,1,2,368,2,30,1,5,0,0,5,0,0,0,1,,,,,
1,1.2,984,34,2,2,843,3,30,1,1,4,0,1,1,0,0,2,1,0,0,6,6
1,1.1,984,35,2,2,206,3,30,1,1,4,0,1,1,0,0,1,,,,,
1,1.2,988,33,2,2,208,3,30,1,1,1,0,5,0,0,0,2,1,3.6,98,2,2
1,1.2,988,34,1,2,208,4,30,1,1,1,0,5,0,5,0,5,1,0,0,3,2
1,1.2,990,32,2,2,7539,3,30,1,1,3,5,5,0,5,0,1,1,4,98,6,6
1,1.2,990,33,2,2,7539,4,30,1,1,2,0,1,1,5,0,2,1,0,0,0,0
1,1.1,991,37,2,2,2743,4,30,1,5,0,0,5,0,0,0,1,,,,,
1,1.2,1012,33,2,2,1773,3,30,1,1,6,0,5,0,0,0,2,1,998,98,3,3
1,1.2,1012,36,1,2,1773,4,30,1,1,3,0,5,0,0,0,2,1,998,98,2,2
1,1.1,1012,37,1,2,1773,5,30,1,1,5,0,1,1,0,0,2,,,,,
1,1.1,1012,39,1,2,1770,4,30,1,1,6,0,5,0,0,0,2,,,,,
1,1.1,1012,41,2,2,1770,5,30,1,1,6,0,1,1,0,0,4,,,,,
1,1.1,1012,42,1,2,1770,6,30,1,1,6,0,5,0,0,0,4,,,,,
1,1.1,1033,33,1,2,4830,3,30,1,5,0,5,5,0,5,0,5,,,,,
1,1.2,1038,35,2,2,3831,3,30,1,1,6,0,1,5,0,0,1,1,0,0,6,6
1,1.1,1038,36,2,2,3831,4,30,1,1,5,0,1,5,0,0,1,,,,,
1,1.1,1048,44,2,2,6776,3,33,1,5,0,0,5,0,0,0,2,,,,,
1,1.1,1048,57,2,2,2102,2,30,1,5,0,0,5,0,0,0,1,,,,,
1,1.1,1048,61,2,2,2102,3,30,1,1,3,0,5,0,0,0,5,,,,,
1,1.1,1048,64,2,2,3192,3,30,1,0,0,0,0,0,0,0,2,,,,,
1,1.1,1048,251,2,3,4163,3,35,1,5,0,0,5,0,0,0,4,,,,,
1,1.1,1048,276,2,3,2102,4,30,1,0,0,0,0,0,0,0,0,,,,,
1,1.2,1051,49,2,2,6341,3,30,1,1,1,5,5,0,0,0,1,1,4.2,4.5,7,7
1,1.2,1051,50,2,2,6341,4,30,1,1,5,0,1,1,0,0,1,1,4,4.5,7,7
1,1.2,1051,188,1,3,9225,4,60,1,5,0,0,5,0,0,0,2,1,998,98,2,2
1,1.1,1055,33,1,2,2300,4,30,1,1,3,0,5,0,0,0,5,,,,,
1,1.1,1055,34,2,2,5967,3,30,1,1,3,0,5,0,0,0,2,,,,,
1,1.1,1055,35,1,2,2300,5,30,1,1,2,5,5,0,0,0,5,,,,,
1,1.1,1055,37,1,2,2300,7,30,1,0,0,0,0,0,0,0,5,,,,,
1,1.1,1062,32,2,2,401,3,30,1,0,0,0,0,0,0,0,0,,,,,
1,1.1,1064,39,1,2,1731,3,30,1,5,0,0,5,0,0,0,2,,,,,
1,1.2,1066,39,2,2,2367,3,33,1,1,1,5,5,0,0,0,1,1,2.8,4,5,6
1,1.1,1068,35,2,2,4041,3,33,1,1,3,5,1,5,0,0,4,,,,,
1,1.2,1070,33,2,2,306,3,30,1,5,0,0,5,0,0,0,3,1,3,4,2,2
1,1.1,1070,172,2,3,306,4,30,1,5,0,5,5,0,0,0,1,,,,,
1,1.1,1072,35,1,2,1592,2,30,1,0,0,0,0,0,0,0,5,,,,,
1,1.2,1074,36,1,2,336,3,30,1,5,0,5,1,5,0,0,2,1,0,0,0,0
1,1.1,1074,37,1,2,336,4,30,1,5,0,0,5,0,0,0,5,,,,,
1,1.1,1077,35,1,2,1338,3,30,1,0,0,0,0,0,0,0,5,,,,,
1,1.1,1077,36,1,2,1338,4,30,1,0,0,0,0,0,0,0,0,,,,,
1,1.2,1080,31,2,2,705,3,30,1,1,3,0,1,1,5,0,1,1,3.2,5,3,3
1,1.2,1081,33,2,2,369,3,30,1,1,2,0,5,0,0,0,1,1,4,4,6,6
1,1.2,1081,34,2,2,369,4,30,1,1,4,0,5,0,0,0,1,1,0,0,99,2
1,1.1,1081,35,1,2,436,3,30,1,1,1,0,5,0,0,0,2,,,,,
1,1.1,1081,36,2,2,436,4,30,1,0,0,0,0,0,0,0,5,,,,,
1,1.1,1087,32,1,2,4258,3,30,1,1,2,0,5,0,0,5,1,,,,,
1,1.1,1087,33,2,2,4258,4,30,1,1,2,0,5,0,0,5,1,,,,,
1,1.2,1088,43,2,2,7798,5,30,1,5,0,0,5,0,0,0,5,1,3.4,4,7,6
1,1.2,1088,44,1,2,3019,3,30,1,1,5,0,1,1,0,0,5,1,0,0,0,0
1,1.2,1088,45,1,2,8026,2,30,1,1,6,0,1,1,0,0,1,1,0,0,0,0
1,1.1,1088,46,2,2,3019,4,30,1,1,2,0,1,5,0,0,5,,,,,
1,1.2,1089,33,2,2,7942,4,30,1,5,0,0,5,0,0,0,3,1,2.7,4.5,6,6
1,1.2,1089,173,1,3,7942,5,30,1,5,0,0,5,0,0,0,2,1,3.01,98,6,6
1,1.1,1093,36,1,2,8573,3,30,1,0,0,0,0,0,0,0,5,,,,,
1,1.2,1094,34,2,2,3745,4,30,1,5,0,0,5,0,0,0,1,1,4,4,6,6
1,1.1,1094,35,2,2,3061,3,30,1,1,4,0,5,0,5,5,1,,,,,
1,1.2,1097,32,2,2,1156,3,30,1,5,0,0,5,0,5,0,1,1,3.4,4,6,6
1,1.2,1097,34,2,2,1156,4,30,1,1,1,0,5,0,0,0,1,1,0,0,7,6
1,1.1,1100,36,2,2,347,3,60,1,0,0,0,0,0,0,0,4,,,,,
1,1.1,1125,37,2,2,7793,3,33,1,5,0,5,5,0,0,0,0,,,,,
1,1.2,1127,34,1,2,4347,2,30,1,5,0,5,5,0,0,5,1,1,3,4,6,6
1,1.2,1127,35,1,2,7178,3,30,1,1,6,0,1,1,0,0,2,1,998,98,6,6
1,1.2,1129,48,2,2,2551,3,30,1,5,0,0,5,0,0,0,1,1,0,0,2,2
1,1.1,1129,49,1,2,2551,4,30,1,5,0,0,5,0,0,0,1,,,,,
1,1.2,1141,39,1,2,8553,2,30,1,1,1,0,5,0,0,0,5,1,0,0,2,2
1,1.1,1141,40,1,2,4039,3,30,1,1,1,5,5,0,0,5,2,,,,,
1,1.1,1141,41,1,2,4039,4,30,1,1,5,5,1,1,0,0,2,,,,,
1,1.1,1141,42,1,2,4098,2,30,1,0,0,0,0,0,0,0,2,,,,,
1,1.1,1141,43,2,2,4039,5,30,1,0,0,0,0,0,0,0,4,,,,,
1,1.2,1144,40,2,2,6457,3,30,1,5,0,0,5,0,5,5,1,1,0,0,6,5
1,1.2,1144,41,1,2,6715,3,30,1,1,5,0,5,0,0,0,4,1,0,0,3,2
1,1.1,1144,42,1,2,6457,4,30,1,5,0,5,5,0,0,5,5,,,,,
1,1.1,1150,30,1,2,456,3,30,1,5,0,0,5,0,0,0,2,,,,,
1,1.2,1152,44,2,2,3924,3,30,1,1,2,5,1,5,1,0,1,1,3.5,4,6,6
1,1.2,1152,45,1,2,4128,2,30,1,1,2,5,5,0,5,0,1,1,997,98,5,6
1,1.1,1152,48,1,2,5635,4,30,1,1,4,5,5,0,0,0,1,,,,,
1,1.1,1152,49,1,2,4128,3,30,1,1,3,0,1,1,5,0,4,,,,,
1,1.2,1152,51,1,2,2579,3,30,1,5,0,0,5,0,5,0,5,1,0,0,0,0
1,1.1,1152,53,1,2,2579,4,30,1,5,0,0,5,0,5,0,5,,,,,
1,1.1,1152,54,2,2,2879,3,30,1,5,0,0,5,0,5,0,1,,,,,
1,1.1,1152,55,1,2,2579,5,30,1,0,0,0,0,0,0,0,5,,,,,
1,1.1,1163,49,1,2,7139,3,30,1,5,0,0,5,0,0,0,3,,,,,
1,1.2,1163,50,2,2,7965,3,30,1,1,1,0,5,0,0,5,1,1,4.12,5,6,6
1,1.2,1163,51,2,2,7965,4,30,1,1,2,0,5,0,0,5,1,1,4,4.3,7,7
1,1.1,1163,53,2,2,4467,3,30,1,1,6,0,5,0,5,0,0,,,,,
1,1.1,1163,54,1,2,4467,4,30,1,1,1,0,5,0,5,0,0,,,,,
1,1.1,1163,55,1,2,7965,5,30,1,1,6,0,1,1,0,0,2,,,,,
1,1.1,1163,57,2,2,5266,4,30,1,1,5,0,1,1,5,5,3,,,,,
1,1.1,1163,58,2,2,3966,3,30,1,5,0,0,5,0,0,0,5,,,,,
1,1.1,1163,59,1,2,3966,4,30,1,5,0,0,1,5,0,0,5,,,,,
1,1.1,1163,62,2,2,4467,5,30,1,1,5,0,5,0,0,0,0,,,,,
1,1.1,1163,64,1,2,5266,5,30,1,1,2,0,5,0,0,5,4,,,,,
1,1.1,1163,67,2,2,5266,6,30,1,0,0,0,0,0,0,0,0,,,,,
1,1.1,1163,69,2,2,6518,3,30,1,0,0,0,0,0,0,0,0,,,,,
1,1.2,1164,35,2,2,5081,3,30,1,5,0,5,5,0,0,0,1,1,0,0,0,0
1,1.1,1164,38,2,2,5081,4,30,1,1,1,5,5,0,0,0,1,,,,,
1,1.1,1164,39,1,2,5081,5,30,1,1,1,0,5,0,0,0,0,,,,,
1,1.1,1167,51,1,2,4796,2,30,1,0,0,0,0,0,0,0,2,,,,,
1,1.2,1168,48,2,2,4751,3,30,1,1,2,0,5,0,0,0,2,1,8.6,9,6,6
1,1.1,1168,50,1,2,6441,5,30,1,5,0,0,5,0,0,0,1,,,,,
1,1.1,1168,51,1,2,6441,6,30,1,5,0,5,5,0,0,0,1,,,,,
1,1.2,1168,53,1,2,4388,3,30,1,5,0,0,5,0,0,0,1,1,998,98,99,2
1,1.2,1168,54,2,2,4388,4,30,1,5,0,0,5,0,0,5,2,1,3.9,4,6,6
1,1.2,1168,57,1,2,7240,3,30,1,5,0,0,5,0,0,0,1,1,997,98,6,6
1,1.2,1168,59,1,2,4386,3,33,1,5,0,5,5,0,5,0,5,1,0,0,6,6
1,1.2,1168,60,2,2,4751,4,30,1,1,5,0,5,0,0,0,3,1,0,0,6,6
1,1.1,1168,65,1,2,4388,6,30,1,5,0,0,5,0,0,0,2,,,,,
1,1.1,1168,66,2,2,7240,4,30,1,5,0,5,5,0,0,0,1,,,,,
1,1.1,1168,67,1,2,7240,5,30,1,5,0,0,5,0,0,0,3,,,,,
1,1.1,1200,36,1,2,1905,3,33,1,1,1,5,5,0,0,0,3,,,,,
1,1.2,1200,37,2,2,1722,5,30,1,5,0,0,5,0,0,5,1,1,0,0,7,7
1,1.2,1200,179,2,3,1722,4,30,1,5,0,5,5,0,5,0,1,1,3.87,4,7,6
1,1.1,1213,34,1,2,1632,3,30,1,5,0,5,5,0,5,5,1,,,,,
1,1.1,1213,35,1,2,1632,4,30,1,5,0,5,1,5,5,0,2,,,,,
1,1.1,1213,36,2,2,1632,5,30,1,0,0,0,0,0,0,0,1,,,,,
1,1.1,1221,38,1,2,3312,3,30,1,1,6,0,1,1,0,0,1,,,,,
1,1.1,1221,180,1,3,3312,2,30,1,1,1,0,5,0,0,0,2,,,,,
1,1.1,1222,41,2,2,5702,3,30,1,5,0,0,5,0,0,5,1,,,,,
1,1.1,1222,42,2,2,3417,2,30,1,1,5,5,1,1,5,0,2,,,,,
1,1.1,1222,43,1,2,6248,3,30,1,5,0,0,5,0,0,0,0,,,,,
1,1.1,1222,44,1,2,2815,3,30,1,1,6,0,1,1,0,0,4,,,,,
1,1.1,1222,45,2,2,2815,4,30,1,1,6,5,1,1,0,0,5,,,,,
1,1.1,1222,46,2,2,3417,3,30,1,1,3,5,1,1,5,0,1,,,,,
1,1.1,1222,47,1,2,6248,4,30,1,1,5,0,1,1,0,0,0,,,,,
1,1.1,1222,49,1,2,5702,4,30,1,0,0,0,0,0,0,0,3,,,,,
1,1.1,1225,32,2,2,6867,3,30,1,5,0,0,5,0,0,0,5,,,,,
1,1.1,1225,33,2,2,6867,4,30,1,0,0,0,0,0,0,0,5,,,,,
1,1.1,1236,35,2,2,7658,4,30,1,1,4,0,5,0,0,0,4,,,,,
1,1.1,1236,175,2,3,7658,3,30,1,1,4,0,1,5,5,0,1,,,,,
1,1.1,1242,43,1,2,7051,4,30,1,1,5,0,5,0,1,5,0,,,,,
1,1.1,1242,44,2,2,6090,3,30,1,1,6,0,1,1,5,0,5,,,,,
1,1.1,1242,46,2,2,6090,4,30,1,1,6,0,1,1,5,0,4,,,,,
1,1.1,1242,47,2,2,5718,3,30,1,1,5,0,1,1,0,0,2,,,,,
1,1.1,1242,48,2,2,6090,5,30,1,0,0,0,0,0,0,0,0,,,,,
1,1.2,1255,32,2,2,388,3,30,1,1,1,0,5,0,0,0,2,1,4,4,7,7
1,1.2,1255,33,2,2,388,4,30,1,1,1,0,5,0,0,0,2,1,4.2,4.5,7,7
1,1.2,1255,35,2,2,388,5,30,1,1,5,0,5,0,0,0,1,1,4,4.5,7,7
1,1.1,1256,30,2,2,1157,3,30,1,1,5,0,5,0,0,0,3,,,,,
1,1.2,1260,45,2,2,2298,3,30,1,1,1,0,5,0,0,0,1,1,997,98,2,2
1,1.2,1260,46,2,2,2298,4,30,1,1,1,0,5,0,0,0,1,1,0,0,7,7
1,1.2,1266,32,1,2,6266,4,30,1,5,0,0,5,0,0,0,1,1,998,98,2,2
1,1.2,1266,34,2,2,6266,2,30,1,5,0,0,1,1,0,0,2,1,0,0,6,6
1,1.1,1266,35,2,2,6266,3,30,1,5,0,0,5,0,0,0,1,,,,,
1,1.1,1267,33,1,2,502,4,30,1,1,1,0,5,0,0,0,1,,,,,
1,1.2,1269,38,1,2,3555,4,30,1,1,1,0,5,0,5,0,5,1,0,0,6,6
1,1.1,1270,34,1,2,959,3,30,1,5,0,0,5,0,0,5,2,,,,,
1,1.1,1270,35,1,2,959,4,30,1,5,0,0,5,0,0,5,4,,,,,
1,1.1,1274,34,1,2,7472,3,30,1,0,0,0,0,0,0,0,1,,,,,
1,1.1,1281,37,1,2,5235,3,30,1,0,0,0,0,0,0,0,2,,,,,
1,1.1,1281,38,1,2,4210,3,30,1,0,0,0,0,0,0,0,4,,,,,
1,1.1,1282,39,1,2,1204,3,30,1,1,2,5,5,0,0,0,5,,,,,
1,1.1,1282,40,2,2,1204,4,30,1,1,2,0,5,0,0,0,5,,,,,
1,1.1,1282,41,2,2,1242,3,30,1,5,0,0,5,0,0,0,0,,,,,
1,1.1,1282,42,1,2,1204,5,30,1,0,0,0,0,0,0,0,5,,,,,
1,1.2,1284,36,2,2,3760,3,30,1,1,1,0,5,0,5,0,1,1,4.2,4.5,7,7
1,1.1,1285,35,2,2,7737,2,30,1,5,0,0,1,5,0,0,4,,,,,
1,1.1,1290,37,1,2,2882,3,30,1,1,1,0,5,0,0,0,1,,,,,
1,1.2,1301,33,1,2,1657,4,60,1,1,6,0,1,1,0,5,1,1,998,98,6,2
1,1.2,1301,34,1,2,1708,3,35,1,1,6,0,1,1,1,0,2,1,0,0,6,7
1,1.1,1301,35,2,2,1708,4,30,1,5,0,0,5,0,0,0,0,,,,,
1,1.1,1301,36,1,2,1708,5,30,1,0,0,0,0,0,0,0,2,,,,,
1,1.2,1302,38,2,2,3436,3,35,1,1,1,5,1,5,0,0,1,1,998,98,3,3
1,1.1,1302,42,2,2,3436,4,30,1,1,2,0,1,5,1,0,1,,,,,
1,1.1,1302,43,1,2,3771,3,30,1,1,5,0,1,5,5,0,2,,,,,
1,1.1,1302,46,2,2,3771,4,30,1,0,0,0,0,0,0,0,2,,,,,
1,1.1,1302,48,1,2,3436,5,30,1,0,0,0,0,0,0,0,5,,,,,
1,1.2,1314,34,2,2,3152,4,30,1,1,6,0,1,1,0,0,1,1,2.9,4,7,6
1,1.2,1314,35,1,2,3430,2,30,1,1,1,0,1,1,5,0,3,1,0,0,3,3
1,1.1,1315,42,1,2,3925,3,30,1,0,0,0,0,0,0,0,3,,,,,
1,1.1,1315,43,1,2,7879,3,30,1,0,0,0,0,0,0,0,5,,,,,
1,1.1,1315,44,1,2,7879,4,30,1,0,0,0,0,0,0,0,0,,,,,
1,1.1,1315,46,2,2,3088,3,30,1,0,0,0,0,0,0,0,0,,,,,
1,1.2,1335,68,1,2,5061,2,30,1,1,2,0,1,1,0,5,1,1,4.14,4.5,6,6
1,1.2,1335,77,2,2,5061,3,30,1,1,2,0,5,0,0,0,1,1,0,0,7,7
1,1.2,1335,78,1,2,3218,3,30,1,5,0,0,5,0,0,0,3,1,3.5,4,4,4
1,1.2,1335,80,2,2,3000,3,33,1,5,0,0,5,0,0,0,1,1,0,0,6,6
1,1.2,1335,83,1,2,5061,4,30,1,1,2,0,5,0,0,5,1,1,0,0,0,0
1,1.2,1335,84,2,2,3218,4,30,1,1,5,0,1,1,0,0,3,1,0,0,4,3
1,1.1,1335,88,1,2,4876,3,30,1,5,0,5,5,0,0,0,5,,,,,
1,1.1,1335,93,1,2,3755,3,30,1,1,3,0,5,0,0,0,2,,,,,
1,1.1,1335,94,2,2,7668,3,30,1,0,0,0,0,0,0,0,4,,,,,
1,1.1,1335,95,2,2,3000,5,30,1,0,0,0,0,0,0,0,2,,,,,
1,1.1,1335,96,2,2,3000,6,30,1,0,0,0,0,0,0,0,5,,,,,
1,1.1,1335,97,1,2,3755,4,30,1,0,0,0,0,0,0,0,2,,,,,
1,1.1,1335,98,1,2,5152,3,30,1,0,0,0,0,0,0,0,0,,,,,
1,1.2,1342,33,2,2,2698,2,30,1,5,0,0,5,0,0,0,2,1,998,4,2,2
1,1.2,1342,34,1,2,2698,3,30,1,5,0,0,5,0,0,0,3,1,998,4,2,2
1,1.2,1345,39,1,2,3426,5,30,1,1,5,0,1,1,5,0,1,1,4,4,6,6
1,1.1,1351,38,1,2,40,3,30,1,0,0,0,0,0,0,0,0,,,,,
1,1.2,1353,39,1,2,888,3,30,1,1,5,0,5,0,5,5,2,1,998,4,4,2
1,1.2,1353,43,1,2,888,4,30,1,1,2,0,5,0,0,5,2,1,0,0,0,0
1,1.1,1358,31,2,2,715,2,30,1,5,0,0,5,0,5,0,2,,,,,
1,1.1,1368,37,2,2,8973,3,70,1,0,0,0,0,0,0,0,3,,,,,
1,1.1,1368,187,1,3,7545,2,30,1,5,0,5,1,1,0,0,5,,,,,
1,1.2,1376,33,2,2,5714,2,30,1,1,2,5,1,5,1,0,1,1,998,5,6,6
1,1.2,1376,34,2,2,8321,3,33,1,5,0,0,5,0,5,5,2,1,998,98,6,6
1,1.1,1376,35,2,2,5549,3,30,1,1,2,0,5,0,0,0,5,,,,,
1,1.1,1376,36,1,2,5549,4,30,1,1,2,0,5,0,0,0,4,,,,,
1,1.1,1377,34,2,2,3121,3,30,1,5,0,5,5,0,0,5,3,,,,,
1,1.1,1377,35,1,2,5787,3,30,1,5,0,0,5,0,0,0,1,,,,,
1,1.1,1377,36,2,2,5787,4,30,1,0,0,0,0,0,0,0,4,,,,,
1,1.1,1383,41,2,2,7898,3,33,1,5,0,0,1,5,0,0,5,,,,,
1,1.1,1383,42,2,2,4324,3,30,1,0,0,0,0,0,0,0,1,,,,,
1,1.1,1383,43,2,2,7898,4,33,1,0,0,0,0,0,0,0,5,,,,,
1,1.2,1394,41,2,2,3232,4,30,1,1,1,0,5,0,0,0,1,1,2.7,4,6,3
1,1.1,1394,43,2,2,6131,2,30,1,5,0,0,5,0,0,0,1,,,,,
1,1.1,1394,44,2,2,4161,2,30,1,5,0,0,5,0,0,0,2,,,,,
1,1.1,1394,45,1,2,4341,3,30,1,1,6,0,5,0,0,0,1,,,,,
1,1.1,1394,46,2,2,4341,4,30,1,1,5,5,5,0,0,0,1,,,,,
1,1.1,1397,40,2,2,3854,4,30,1,0,0,0,0,0,0,0,1,,,,,
1,1.1,1397,41,1,2,6570,3,30,1,0,0,0,0,0,0,0,3,,,,,
1,1.1,1397,184,1,3,3854,3,30,1,1,5,0,5,0,0,0,1,,,,,
1,1.1,1399,46,1,2,2624,3,30,1,5,0,0,1,1,0,0,0,,,,,
1,1.1,1399,47,2,2,2624,4,30,1,0,0,0,0,0,0,0,0,,,,,
1,1.2,1406,36,1,2,6180,3,30,1,5,0,0,5,0,0,0,1,1,3.2,6,6,6
1,1.2,1406,37,1,2,6180,4,30,1,5,0,0,5,0,0,0,1,1,0,0,5,6
1,1.1,1406,38,2,2,6180,5,30,1,5,0,0,1,5,0,0,3,,,,,
1,1.1,1407,34,2,2,2382,3,33,1,1,2,0,5,0,0,5,2,,,,,
1,1.1,1407,35,2,2,2382,4,30,1,1,2,0,5,0,0,5,2,,,,,
1,1.2,1411,49,2,2,2203,4,30,1,1,2,0,5,0,0,0,4,1,997,4,6,6
1,1.1,1426,47,1,2,4975,3,30,1,5,0,5,1,1,0,0,2,,,,,
1,1.1,1426,50,1,2,4975,4,30,1,5,0,0,5,0,0,0,1,,,,,
1,1.1,1426,52,2,2,7565,3,30,1,1,4,5,1,5,0,0,1,,,,,
1,1.1,1426,55,2,2,4975,5,30,1,5,0,0,1,1,0,0,2,,,,,
1,1.2,1434,41,2,2,3027,5,30,1,1,2,0,5,0,0,0,1,1,4.17,98,4,4
1,1.2,1434,44,2,2,7155,4,30,1,1,5,0,1,1,5,5,1,1,998,4,6,5
1,1.1,1434,45,2,2,3264,4,30,1,1,1,0,5,0,0,5,1,,,,,
1,1.2,1434,47,1,2,7155,5,30,1,1,3,0,1,5,5,5,1,1,0,0,3,2
1,1.2,1438,40,2,2,3575,2,30,1,5,0,0,5,0,0,0,1,1,3.6,4,6,6
1,1.1,1438,42,2,2,4621,4,30,1,1,2,5,1,5,5,0,2,,,,,
1,1.1,1438,43,2,2,4332,2,30,1,5,0,0,5,0,0,0,2,,,,,
1,1.1,1438,44,2,2,2907,3,30,1,0,0,0,0,0,0,0,0,,,,,
1,1.1,1445,39,2,2,4747,3,30,1,5,0,0,5,0,0,5,4,,,,,
1,1.1,1445,40,1,2,4747,4,30,1,5,0,0,5,0,0,5,5,,,,,
1,1.1,1445,41,1,2,5562,3,30,1,1,4,0,5,0,5,0,0,,,,,
1,1.1,1445,42,2,2,4747,5,30,1,0,0,0,0,0,0,0,5,,,,,
1,1.1,1445,178,1,3,5562,4,30,1,1,2,5,5,0,5,0,0,,,,,
1,1.1,1454,35,1,2,6184,3,30,1,1,1,0,5,0,0,0,2,,,,,
1,1.1,1454,36,1,2,6184,4,30,1,1,3,0,5,0,0,0,5,,,,,
1,1.1,1454,39,2,2,6184,5,30,1,0,0,0,0,0,0,0,5,,,,,
1,1.1,1459,34,1,2,7278,3,30,1,1,1,0,5,0,0,0,2,,,,,
1,1.2,1473,33,2,2,7165,3,30,1,5,0,0,5,0,5,0,1,1,4.2,5,7,7
1,1.2,1473,34,2,2,3982,3,30,1,5,0,0,5,0,0,0,1,1,3.8,4,7,6
1,1.2,1473,35,1,2,7165,4,30,1,5,0,0,5,0,5,0,1,1,3.8,5,6,6
1,1.2,1473,36,2,2,3982,4,30,1,5,0,0,1,1,0,5,1,1,0,0,6,6
1,1.1,1475,175,2,3,1465,3,30,1,1,5,0,5,0,0,5,5,,,,,
1,1.1,1475,176,1,3,1465,4,30,1,5,0,0,1,1,0,0,2,,,,,
1,1.1,1480,36,1,2,3270,3,33,1,1,5,0,5,0,5,0,1,,,,,
1,1.2,1485,38,1,2,4575,3,33,1,1,1,0,5,0,5,5,2,1,3,98,2,2
1,1.1,1485,39,1,2,4575,4,33,1,1,3,0,5,0,0,5,1,,,,,
1,1.1,1485,40,1,2,4335,3,30,1,5,0,0,5,0,0,0,5,,,,,
1,1.2,1496,36,1,2,7397,5,30,1,1,2,0,5,0,0,0,1,1,3.9,4,6,6
1,1.1,1498,44,1,2,8258,3,30,1,1,2,0,5,0,0,0,4,,,,,
1,1.1,1498,46,1,2,8258,4,30,1,0,0,0,0,0,0,0,5,,,,,
1,1.1,1498,47,2,2,4558,3,30,1,0,0,0,0,0,0,0,5,,,,,
1,1.1,1522,46,2,2,6737,3,30,1,5,0,0,1,5,5,0,1,,,,,
1,1.1,1522,47,1,2,6737,4,30,1,1,6,0,1,1,0,5,1,,,,,
1,1.1,1537,30,2,2,210,3,30,1,1,4,0,1,1,5,5,1,,,,,
1,1.1,1542,45,1,2,3151,3,30,1,5,0,0,5,0,0,0,4,,,,,
1,1.1,1542,46,2,2,5648,3,30,1,0,0,0,0,0,0,0,0,,,,,
1,1.1,1542,48,1,2,4104,3,30,1,0,0,0,0,0,0,0,0,,,,,
1,1.1,1547,36,2,2,307,5,30,1,5,0,0,1,5,5,5,5,,,,,
1,1.2,1551,40,1,2,4100,3,30,1,5,0,5,5,0,0,0,1,1,0,0,3,3
1,1.1,1551,41,1,2,4100,4,30,1,5,0,0,5,0,0,0,2,,,,,
1,1.1,1551,46,1,2,4100,5,30,1,5,0,0,5,0,0,0,2,,,,,
1,1.1,1570,33,2,2,551,2,30,1,5,0,5,5,0,0,0,3,,,,,
1,1.1,1570,184,2,3,143,3,30,1,5,0,0,5,0,0,0,2,,,,,
1,1.1,1570,185,2,3,143,4,30,1,5,0,0,1,1,0,0,1,,,,,
1,1.2,1571,45,1,2,3046,3,30,1,5,0,0,5,0,0,0,1,1,1.8,4,3,2
1,1.2,1571,48,1,2,3046,4,30,1,5,0,0,5,0,0,0,1,1,0,0,2,2
1,1.1,1572,51,1,2,4520,2,30,1,5,0,0,5,0,0,0,1,,,,,
1,1.1,1572,52,1,2,5194,3,30,1,5,0,0,5,0,0,0,4,,,,,
1,1.1,1572,53,1,2,4520,3,30,1,1,6,0,1,1,5,0,1,,,,,
1,1.1,1572,54,1,2,6845,2,30,1,5,0,0,5,0,0,0,1,,,,,
1,1.1,1572,56,1,2,3657,2,30,1,5,0,0,5,0,0,0,1,,,,,
1,1.1,1572,57,1,2,5194,4,30,1,5,0,5,5,0,0,0,4,,,,,
1,1.1,1572,60,1,2,3657,4,30,1,5,0,0,5,0,0,0,1,,,,,
1,1.1,1577,33,1,2,1604,4,30,1,1,6,0,1,1,0,0,1,,,,,
1,1.2,1579,46,1,2,3076,4,30,1,1,3,5,1,1,0,5,1,1,3.8,4,6,6
1,1.1,1579,50,2,2,4224,3,30,1,5,0,0,5,0,0,0,2,,,,,
1,1.2,1579,51,2,2,3346,3,30,1,5,0,0,1,5,0,5,1,1,3.9,4,7,7
1,1.1,1579,52,2,2,4224,4,30,1,5,0,0,5,0,0,0,2,,,,,
1,1.2,1579,54,1,2,3076,5,30,1,1,5,0,1,1,0,5,1,1,0,0,6,6
1,1.1,1579,56,2,2,3076,6,30,1,1,5,0,1,1,0,5,1,,,,,
1,1.1,1579,58,1,2,3346,5,30,1,1,2,0,5,0,0,5,4,,,,,
1,1.1,1579,59,1,2,3346,6,30,1,5,0,0,5,0,0,5,3,,,,,
1,1.1,1579,60,1,2,2807,2,30,1,1,2,0,5,0,0,5,4,,,,,
1,1.1,1579,61,2,2,5362,5,30,1,1,6,0,5,0,1,0,1,,,,,
1,1.1,1579,62,2,2,4224,5,30,1,5,0,0,1,5,0,0,4,,,,,
1,1.1,1579,63,1,2,2807,3,30,1,1,2,0,5,0,0,5,4,,,,,
1,1.1,1579,64,2,2,5362,6,30,1,1,6,0,5,0,1,0,1,,,,,
1,1.1,1579,65,1,2,3471,3,30,1,0,0,0,0,0,0,0,0,,,,,
1,1.1,1579,68,2,2,5362,7,30,1,0,0,0,0,0,0,0,2,,,,,
1,1.1,1583,33,2,2,3609,3,35,1,5,0,0,1,1,0,0,1,,,,,
1,1.2,1583,34,2,2,7181,2,30,1,5,0,5,5,0,0,0,2,1,2.5,4,7,7
1,1.1,1583,35,1,2,7181,3,30,1,5,0,5,5,0,0,0,0,,,,,
1,1.1,1591,41,1,2,6178,3,30,1,0,0,0,0,0,0,0,0,,,,,
1,1.1,1624,38,1,2,3666,3,30,1,0,0,0,0,0,0,0,2,,,,,
1,1.1,1624,39,2,2,3666,6,30,1,0,0,0,0,0,0,0,0,,,,,
1,1.1,1627,33,2,2,182,4,30,1,5,0,0,5,0,0,0,1,,,,,
1,1.1,1630,35,2,2,1787,3,30,1,0,0,0,0,0,0,0,1,,,,,
1,1.2,1633,30,2,2,5553,3,30,1,1,1,0,5,0,0,0,1,1,4,4,7,7
1,1.2,1633,31,1,2,7041,2,30,1,5,0,0,5,0,0,0,1,1,2.8,4,3,2
1,1.1,1634,34,2,2,187,3,30,1,1,6,0,5,0,0,0,0,,,,,
1,1.1,1634,35,2,2,187,4,30,1,0,0,0,0,0,0,0,0,,,,,
1,1.1,1635,32,2,2,1197,3,30,1,1,6,0,1,1,5,5,1,,,,,
1,1.2,1652,39,2,2,2321,4,30,1,1,3,0,1,5,0,0,1,1,3.25,4,2,2
1,1.2,1652,40,2,2,6004,3,30,1,1,5,0,1,1,5,5,1,1,3.8,4,6,6
1,1.1,1652,41,2,2,6004,4,30,1,1,6,0,1,1,5,5,4,,,,,
1,1.1,1652,42,2,2,6004,5,30,1,1,3,0,1,5,0,5,3,,,,,
1,1.1,1654,33,1,2,4649,3,30,1,0,0,0,0,0,0,0,5,,,,,
1,1.1,1654,34,1,2,4649,4,30,1,0,0,0,0,0,0,0,0,,,,,
1,1.2,1655,36,2,2,690,2,30,1,1,6,5,1,1,0,0,1,1,0,0,6,6
1,1.1,1663,53,2,2,7716,3,30,1,1,2,0,1,5,5,5,5,,,,,
1,1.1,1663,55,2,2,7716,4,30,1,1,2,0,1,5,5,5,5,,,,,
1,1.2,1682,37,1,2,814,4,30,1,1,1,0,1,1,0,0,1,1,998,98,6,6
1,1.1,1682,38,1,2,104,2,30,1,1,2,0,5,0,0,0,5,,,,,
1,1.1,1684,45,1,2,5686,3,30,1,5,0,0,5,0,0,0,3,,,,,
1,1.1,1684,47,1,2,5686,4,30,1,5,0,0,5,0,0,0,2,,,,,
1,1.1,1687,33,1,2,836,3,30,1,0,0,0,0,0,0,0,0,,,,,
1,1.1,1692,47,1,2,8016,2,30,1,0,0,0,0,0,0,0,2,,,,,
1,1.2,1695,60,2,2,3572,3,33,1,1,1,0,5,0,0,0,1,1,3.66,4.5,2,2
1,1.2,1695,61,2,2,2663,3,30,1,5,0,0,5,0,0,0,1,1,3.4,4,6,6
1,1.1,1695,62,1,2,5423,3,30,1,5,0,0,5,0,0,0,1,,,,,
1,1.2,1695,65,1,2,3572,4,30,1,1,1,0,5,0,0,0,1,1,3.2,4,6,5
1,1.2,1695,66,1,2,5894,3,30,1,1,5,0,1,1,0,0,3,1,0,0,0,0
1,1.2,1695,67,1,2,2260,3,30,1,1,4,0,5,0,0,0,2,1,0,0,6,6
1,1.2,1695,69,1,2,3572,5,30,1,1,1,0,5,0,0,0,1,1,0,0,6,6
1,1.2,1695,70,2,2,2663,4,30,1,5,0,0,5,0,0,0,1,1,0,0,4,4
1,1.2,1695,71,2,2,2663,5,30,1,5,0,0,5,0,0,0,1,1,0,0,0,0
1,1.1,1695,72,2,2,5423,4,30,1,5,0,0,5,0,5,0,1,,,,,
1,1.2,1695,74,2,2,2260,4,30,1,1,1,0,5,0,0,0,1,1,0,0,0,0
1,1.1,1695,84,1,2,2681,3,30,1,5,0,0,5,0,0,0,5,,,,,
1,1.1,1695,87,2,2,2681,4,30,1,0,0,0,0,0,0,0,0,,,,,
1,1.1,1695,89,2,2,2386,4,30,1,0,0,0,0,0,0,0,2,,,,,
1,1.1,1695,90,1,2,2386,5,30,1,0,0,0,0,0,0,0,2,,,,,
1,1.2,1695,253,2,3,8252,3,30,1,1,5,0,1,1,0,0,2,1,0,0,6,6
1,1.1,1695,254,1,3,8252,4,30,1,1,4,0,5,0,0,5,2,,,,,
1,1.1,1695,255,2,3,8252,5,30,1,1,4,0,5,0,0,5,2,,,,,
1,1.2,1697,54,2,2,8447,3,30,1,5,0,0,1,5,1,0,1,1,2.7,4,4,4
1,1.2,1697,56,2,2,5935,2,30,1,1,1,0,1,5,0,5,1,1,0,0,2,2
1,1.1,1697,57,1,2,7336,3,30,1,1,4,0,5,0,5,5,3,,,,,
1,1.1,1697,58,2,2,8447,4,30,1,5,0,0,1,5,1,0,2,,,,,
1,1.1,1697,60,2,2,7336,4,30,1,1,2,0,1,5,0,5,2,,,,,
1,1.1,1700,45,2,2,5697,3,30,1,5,0,0,5,0,0,0,2,,,,,
1,1.1,1700,46,2,2,5697,4,30,1,0,0,0,0,0,0,0,2,,,,,
1,1.1,1700,47,2,2,5697,5,30,1,0,0,0,0,0,0,0,2,,,,,
1,1.1,1709,34,2,2,668,2,30,1,1,3,0,1,5,5,0,1,,,,,
1,1.1,1720,36,2,2,2563,2,30,1,5,0,5,5,0,0,0,8,,,,,
1,1.1,1720,39,1,2,2563,3,30,1,5,0,0,5,0,0,0,5,,,,,
1,1.1,1722,47,1,2,1174,2,30,1,5,0,5,5,0,0,0,2,,,,,
1,1.1,1723,36,2,2,5452,2,30,1,1,5,5,5,0,0,0,5,,,,,
1,1.1,1723,179,1,3,2146,4,60,1,1,1,0,5,0,0,0,5,,,,,
1,1.2,1726,35,2,2,4555,4,30,1,5,0,0,5,0,5,0,1,1,3.7,5.5,6,6
1,1.1,1726,36,2,2,4555,5,30,1,1,5,0,1,1,5,0,1,,,,,
1,1.1,1726,37,1,2,3132,3,30,1,1,4,0,1,1,0,0,1,,,,,
1,1.1,1731,40,2,2,1817,3,30,1,0,0,0,0,0,0,0,5,,,,,
1,1.1,1731,41,2,2,1177,3,30,1,0,0,0,0,0,0,0,0,,,,,
1,1.1,1732,32,1,2,360,3,33,1,1,1,0,5,0,5,0,5,,,,,
1,1.2,1762,58,2,2,2190,2,30,1,5,0,0,5,0,0,0,1,1,998,98,4,2
1,1.1,1762,60,2,2,6659,2,30,1,5,0,5,1,1,0,0,1,,,,,
1,1.1,1762,65,1,2,7417,7,30,1,0,0,0,0,0,0,0,0,,,,,
1,1.2,1763,42,1,2,5970,3,30,1,5,0,5,5,0,5,0,1,1,998,98,6,5
1,1.2,1763,44,1,2,3341,3,30,1,5,0,0,5,0,0,0,1,1,3.7,4,6,6
1,1.2,1763,45,1,2,3341,4,30,1,5,0,0,5,0,0,0,1,1,998,4,3,3
1,1.1,1763,46,2,2,6040,2,30,1,5,0,0,1,1,0,0,3,,,,,
1,1.1,1763,48,2,2,6040,3,30,1,5,0,0,5,0,0,0,0,,,,,
1,1.1,1763,50,1,2,6040,4,30,1,5,0,0,5,0,0,0,0,,,,,
1,1.1,1767,35,2,2,4969,4,30,1,1,5,0,1,1,0,0,1,,,,,
1,1.1,1767,36,2,2,2236,3,30,1,0,0,0,0,0,0,0,5,,,,,
1,1.1,1775,44,1,2,3600,3,30,1,5,0,0,5,0,0,0,5,,,,,
1,1.1,1775,48,1,2,3600,4,30,1,0,0,0,0,0,0,0,5,,,,,
1,1.1,1783,31,2,2,564,3,30,1,0,0,0,0,0,0,0,1,,,,,
1,1.1,1784,36,2,2,5670,3,30,1,1,3,0,1,5,0,0,1,,,,,
1,1.1,1784,37,2,2,5670,4,30,1,1,4,0,1,5,0,0,1,,,,,
1,1.1,1784,38,2,2,4725,3,30,1,0,0,0,0,0,0,0,0,,,,,
1,1.2,1786,52,2,2,7295,2,30,1,5,0,0,5,0,5,0,1,1,3.8,4,3,3
1,1.1,1786,58,1,2,7295,3,30,1,5,0,0,5,0,5,0,1,,,,,
1,1.2,1787,38,2,2,6049,3,33,1,5,0,0,1,1,0,5,1,1,0,0,7,6
1,1.2,1787,40,2,2,2290,3,30,1,5,0,0,5,0,0,0,1,1,0,0,2,3
1,1.1,1787,43,1,2,6049,4,33,1,5,0,5,5,0,0,5,4,,,,,
1,1.1,1787,44,1,2,2290,5,30,1,5,0,0,5,0,0,0,0,,,,,
1,1.1,1787,45,2,2,5955,3,30,1,5,0,0,5,0,0,0,4,,,,,
1,1.1,1787,47,2,2,5955,4,30,1,0,0,0,0,0,0,0,3,,,,,
1,1.1,1787,48,1,2,2290,6,30,1,0,0,0,0,0,0,0,0,,,,,
1,1.1,1805,35,2,2,4383,3,30,1,1,5,0,1,1,5,0,1,,,,,
1,1.1,1807,42,2,2,6786,3,30,1,1,5,0,1,1,0,0,1,,,,,
1,1.1,1807,43,1,2,6786,4,30,1,1,2,0,5,0,0,0,2,,,,,
1,1.1,1810,47,1,2,3072,3,30,1,1,1,5,5,0,0,0,1,,,,,
1,1.1,1810,49,1,2,3072,5,30,1,1,2,5,5,0,0,0,2,,,,,
1,1.1,1810,50,2,2,3072,6,30,1,1,2,0,5,0,0,0,5,,,,,
1,1.1,1810,51,1,2,5335,3,30,1,0,0,0,0,0,0,0,5,,,,,
1,1.1,1813,33,1,2,3777,3,30,1,1,2,0,5,0,5,0,2,,,,,
1,1.2,1821,33,2,2,323,4,30,1,1,3,5,5,0,5,0,1,1,3.8,4,7,7
1,1.1,1823,36,2,2,270,4,95,1,1,3,0,5,0,0,0,1,,,,,
1,1.1,1831,36,2,2,5252,2,30,1,1,3,0,5,0,0,0,4,,,,,
1,1.1,1831,38,1,2,5252,3,30,1,1,5,0,1,1,0,0,5,,,,,
1,1.1,1831,39,2,2,5252,4,30,1,1,4,0,5,0,0,5,5,,,,,
1,1.1,1837,37,1,2,5950,2,30,1,1,2,0,5,0,0,0,2,,,,,
1,1.2,1839,41,1,2,4211,5,30,1,5,0,0,5,0,0,0,1,1,3.4,4,3,3
1,1.1,1839,44,1,2,4715,4,35,1,1,5,0,1,1,5,0,4,,,,,
1,1.1,1839,45,1,2,4715,5,30,1,5,0,0,5,0,5,0,2,,,,,
1,1.1,1839,46,2,2,7826,5,30,1,5,0,0,5,0,0,0,5,,,,,
1,1.1,1839,47,2,2,7826,6,30,1,5,0,0,5,0,0,0,5,,,,,
1,1.1,1839,48,2,2,4715,6,30,1,0,0,0,0,0,0,0,4,,,,,
1,1.2,1839,180,1,3,7826,3,30,1,5,0,5,5,0,0,0,5,1,0,0,6,3
1,1.2,1841,43,2,2,5116,3,30,1,1,5,0,1,1,0,5,1,1,0,0,7,7
1,1.1,1841,45,1,2,5116,4,30,1,1,5,0,1,1,0,5,3,,,,,
1,1.1,1850,37,1,2,5925,3,30,1,1,5,0,1,1,0,0,4,,,,,
1,1.1,1850,38,2,2,5925,4,30,1,1,5,0,1,1,0,0,2,,,,,
1,1.1,1850,40,2,2,5925,5,30,1,1,3,0,5,0,0,0,3,,,,,
1,1.2,1862,34,2,2,3725,3,30,1,1,4,0,5,0,0,0,3,1,0,0,0,0
1,1.2,1878,37,2,2,5217,2,30,1,5,0,0,5,0,0,0,3,1,0,0,3,3
1,1.1,1880,38,2,2,1894,3,33,1,5,0,0,1,5,0,5,1,,,,,
1,1.2,1880,39,1,2,1350,2,30,1,1,3,0,1,1,0,0,2,1,0,0,2,2
1,1.1,1887,51,2,2,6981,3,30,1,1,5,0,1,1,1,0,1,,,,,
1,1.1,1887,52,2,2,6981,4,30,1,1,5,0,1,5,0,0,1,,,,,
1,1.1,1887,55,1,2,6981,5,30,1,0,0,0,0,0,0,0,1,,,,,
1,1.1,1893,40,2,2,4291,4,30,1,1,2,0,5,0,0,0,5,,,,,
1,1.1,1905,35,1,2,9211,3,30,1,0,0,0,0,0,0,0,0,,,,,
1,1.1,1911,38,2,2,7755,3,30,1,5,0,0,5,0,0,0,4,,,,,
1,1.1,1911,39,1,2,7755,4,30,1,5,0,0,5,0,0,0,4,,,,,
1,1.1,1911,40,2,2,6992,3,30,1,0,0,0,0,0,0,0,2,,,,,
1,1.1,1914,35,2,2,3079,3,30,1,1,2,0,1,5,5,0,2,,,,,
1,1.1,1914,37,1,2,3079,4,30,1,0,0,0,0,0,0,0,4,,,,,
1,1.1,1915,33,1,2,2801,3,30,1,0,0,0,0,0,0,0,2,,,,,
1,1.1,1917,38,1,2,3411,4,60,1,5,0,0,5,0,0,0,1,,,,,
1,1.1,1917,39,2,2,3411,6,60,1,5,0,0,5,0,0,0,0,,,,,
1,1.1,1919,50,1,2,7476,3,30,1,5,0,0,1,1,0,0,1,,,,,
1,1.1,1919,51,1,2,3249,3,30,1,0,0,0,0,0,0,0,1,,,,,
1,1.1,1919,52,1,2,7476,4,30,1,0,0,0,0,0,0,0,1,,,,,
1,1.1,1925,33,1,2,6961,3,30,1,0,0,0,0,0,0,0,4,,,,,
1,1.1,1925,35,1,2,6961,4,30,1,0,0,0,0,0,0,0,4,,,,,
1,1.2,1935,31,1,2,883,4,30,1,5,0,5,5,0,0,0,1,1,2.9,4,7,6
1,1.2,1935,32,2,2,883,5,30,1,5,0,5,5,0,0,0,1,1,0,0,5,5
1,1.2,1939,36,2,2,6191,4,30,1,1,3,5,1,5,0,0,1,1,4.6,4.8,6,6
1,1.2,1954,36,1,2,2038,2,30,1,1,3,0,5,0,0,0,4,1,0,0,6,6
1,1.1,1954,37,2,2,2038,3,30,1,1,6,0,5,0,0,0,4,,,,,
1,1.1,1954,38,1,2,4116,2,30,1,5,0,0,5,0,0,0,1,,,,,
1,1.1,1954,39,1,2,2038,4,30,1,1,4,0,5,0,0,0,3,,,,,
1,1.2,1956,32,2,2,7961,3,30,1,5,0,0,1,5,0,0,1,1,3.1,5,6,6
1,1.2,1956,33,1,2,7961,4,30,1,5,0,5,5,0,0,0,1,1,998,98,6,6
1,1.2,1961,32,2,2,499,3,30,1,1,1,0,5,0,0,0,1,1,3.4,4,3,3
1,1.1,1961,33,1,2,499,4,30,1,1,1,0,5,0,0,0,1,,,,,
1,1.1,1961,34,1,2,499,5,30,1,1,2,0,5,0,0,0,1,,,,,
1,1.2,1964,40,2,2,2992,4,30,1,1,6,0,5,0,5,0,1,1,998,4.1,6,6
1,1.1,1967,32,1,2,274,3,30,1,5,0,0,5,0,0,0,2,,,,,
1,1.1,1967,33,1,2,274,4,30,1,0,0,0,0,0,0,0,0,,,,,
1,1.1,1970,34,2,2,4366,2,30,1,1,1,0,5,0,0,0,1,,,,,
1,1.1,1970,35,1,2,4523,3,30,1,5,0,0,5,0,0,0,5,,,,,
1,1.1,1970,36,1,2,4523,4,30,1,5,0,0,5,0,0,0,5,,,,,
1,1.1,1970,37,1,2,4523,5,30,1,5,0,0,5,0,0,0,5,,,,,
1,1.1,1971,36,1,2,3435,5,30,1,1,3,0,5,0,0,0,5,,,,,
1,1.1,1971,37,2,2,3435,6,30,1,0,0,0,0,0,0,0,5,,,,,
1,1.1,1972,35,1,2,5979,3,30,1,0,0,0,0,0,0,0,5,,,,,
1,1.1,1975,38,1,2,1629,3,30,1,0,0,0,0,0,0,0,0,,,,,
1,1.2,1988,34,2,2,1596,3,30,1,5,0,0,5,0,5,0,2,1,3.7,5,5,6
1,1.2,1988,35,1,2,1596,4,30,1,5,0,5,5,0,0,0,4,1,0,0,6,5
1,1.2,2000,31,1,2,1112,4,30,1,1,5,0,1,1,0,5,1,1,3.9,4.2,6,6
1,1.1,2003,32,1,2,302,3,30,1,1,2,0,5,0,0,0,2,,,,,
1,1.1,2003,33,1,2,433,3,30,1,0,0,0,0,0,0,0,5,,,,,
1,1.1,2003,34,1,2,302,4,30,1,0,0,0,0,0,0,0,5,,,,,
1,1.2,2004,39,1,2,7827,4,30,1,1,1,0,5,0,5,0,1,1,998,4,6,5
1,1.1,2012,37,2,2,4993,3,30,1,1,3,5,5,0,5,5,1,,,,,
1,1.1,2016,188,1,3,6717,3,30,1,5,0,0,5,0,0,0,0,,,,,
1,1.2,2017,38,1,2,2839,3,30,1,1,2,0,5,0,5,0,1,1,2.7,4,3,3
1,1.2,2017,42,2,2,2839,4,30,1,1,5,5,5,0,5,0,1,1,0,0,0,0
1,1.2,2019,33,1,2,3885,2,30,1,1,2,0,5,0,0,0,1,1,3.7,4,7,7
1,1.1,2019,34,2,2,3693,3,30,1,5,0,5,5,0,0,0,2,,,,,
1,1.1,2026,31,2,2,1089,4,30,1,5,0,5,5,0,0,0,2,,,,,
1,1.1,2026,32,1,2,1089,5,60,1,0,0,0,0,0,0,0,0,,,,,
1,1.2,2028,34,2,2,1133,4,30,1,5,0,5,5,0,0,0,1,1,3.8,4.8,7,7
1,1.2,2030,44,1,2,3616,2,30,1,1,1,0,5,0,0,0,1,1,998,98,6,6
1,1.2,2030,45,1,2,3616,3,30,1,1,6,0,1,1,0,0,3,1,998,4,6,6
1,1.2,2030,47,1,2,3616,4,30,1,1,5,0,5,0,0,0,3,1,0,0,7,7
1,1.1,2030,50,1,2,6552,3,30,1,0,0,0,0,0,0,0,0,,,,,
1,1.1,2030,52,2,2,6176,4,30,1,0,0,0,0,0,0,0,2,,,,,
1,1.2,2032,49,1,2,6714,2,30,1,5,0,0,5,0,0,0,2,1,0,0,2,2
1,1.1,2032,63,1,2,6948,2,30,1,0,0,0,0,0,0,0,0,,,,,
1,1.1,2032,66,1,2,2278,3,30,1,0,0,0,0,0,0,0,1,,,,,
1,1.1,2032,67,1,2,2278,4,30,1,0,0,0,0,0,0,0,1,,,,,
1,1.2,2032,194,2,3,6714,3,60,1,5,0,0,5,0,0,0,1,1,0,0,7,7
1,1.1,2034,38,2,2,6881,3,30,1,0,0,0,0,0,0,0,5,,,,,
1,1.1,2053,35,1,2,1989,3,30,1,1,5,0,1,1,0,0,5,,,,,
1,1.1,2053,36,1,2,1989,4,30,1,0,0,0,0,0,0,0,0,,,,,
1,1.1,2053,37,1,2,1989,5,30,1,0,0,0,0,0,0,0,0,,,,,
1,1.2,2055,36,1,2,3014,2,30,1,5,0,0,5,0,0,0,1,1,3.8,4,6,6
1,1.1,2055,38,1,2,5746,3,30,1,5,0,0,5,0,0,0,5,,,,,
1,1.1,2055,39,1,2,5746,4,30,1,0,0,0,0,0,0,0,5,,,,,
1,1.1,2056,41,1,2,6264,3,30,1,1,2,5,5,0,0,0,2,,,,,
1,1.1,2059,37,2,2,4510,3,30,1,5,0,5,5,0,5,0,1,,,,,
1,1.1,2062,42,1,2,7315,4,33,1,1,6,0,5,0,0,0,5,,,,,
1,1.2,2062,43,2,2,3278,3,30,1,1,5,0,1,1,0,0,1,1,0,0,6,6
1,1.1,2062,44,2,2,6672,3,30,1,1,5,0,1,5,0,0,1,,,,,
1,1.1,2062,45,2,2,3278,4,30,1,1,5,0,1,1,0,0,2,,,,,
1,1.1,2062,46,2,2,7784,3,30,1,5,0,0,5,0,0,0,2,,,,,
1,1.1,2062,47,1,2,6672,4,30,1,1,3,0,5,0,1,0,2,,,,,
1,1.1,2062,48,1,2,7784,4,30,1,5,0,0,5,0,0,0,0,,,,,
1,1.1,2062,49,2,2,3278,5,30,1,1,2,0,5,0,0,0,3,,,,,
1,1.1,2106,36,1,2,1011,3,30,1,0,0,0,0,0,0,0,0,,,,,
1,1.2,2119,45,1,2,3908,2,30,1,5,0,0,5,0,0,0,1,1,0,0,6,6
1,1.1,2119,46,2,2,3908,3,30,1,5,0,0,5,0,0,0,3,,,,,
1,1.1,2119,48,1,2,3323,4,30,1,1,3,0,5,0,5,0,4,,,,,
1,1.1,2119,49,1,2,3323,5,30,1,1,3,0,5,0,5,0,5,,,,,
1,1.1,2119,50,1,2,3323,6,30,1,0,0,0,0,0,0,0,5,,,,,
1,1.2,2124,36,2,2,7403,4,30,1,1,4,0,5,0,0,5,1,1,0,0,6,6
1,1.2,2127,33,1,2,5239,3,30,1,5,0,0,5,0,0,0,1,1,3.1,4.1,6,6
1,1.2,2132,34,2,2,6541,3,30,1,5,0,0,5,0,0,0,2,1,0,0,5,6
1,1.1,2132,35,2,2,6541,4,30,1,5,0,0,1,1,0,0,1,,,,,
1,1.2,2133,39,1,2,3306,4,30,1,1,4,0,5,0,0,5,1,1,3.5,4,6,6
1,1.2,2133,40,1,2,3306,5,30,1,1,4,0,5,0,0,5,1,1,0,0,6,6
1,1.1,2133,46,2,2,3306,6,30,1,1,2,0,1,5,0,5,2,,,,,
1,1.1,2138,37,1,2,2093,3,30,1,5,0,0,5,0,5,5,0,,,,,
1,1.1,2138,38,2,2,2093,4,30,1,0,0,0,0,0,0,0,0,,,,,
1,1.1,2146,36,1,2,5629,2,30,1,0,0,0,0,0,0,0,0,,,,,
1,1.1,2150,32,2,2,2538,2,30,1,5,0,0,5,0,0,0,1,,,,,
1,1.2,2151,45,2,2,5495,3,30,1,1,1,0,1,5,0,0,1,1,3.9,4,6,6
1,1.1,2151,46,2,2,4710,3,30,1,1,2,0,5,0,0,0,2,,,,,
1,1.2,2151,49,1,2,5495,4,30,1,1,2,0,5,0,5,0,3,1,0,0,6,5
1,1.1,2151,50,2,2,2974,3,30,1,0,0,0,0,0,0,0,2,,,,,
1,1.2,2181,50,2,2,3374,3,30,1,5,0,0,5,0,0,0,1,1,3,4,6,6
1,1.1,2181,53,2,2,4230,2,30,1,5,0,0,5,0,0,0,1,,,,,
1,1.1,2181,55,1,2,4228,3,30,1,0,0,0,0,0,0,0,1,,,,,
1,1.1,2191,53,1,2,2686,2,30,1,1,5,0,5,0,0,5,5,,,,,
1,1.1,2195,32,1,2,5602,4,30,1,1,5,0,5,0,0,5,1,,,,,
1,1.2,2195,33,1,2,7769,3,30,1,5,0,0,5,0,5,0,1,1,3.9,98,6,6
1,1.1,2195,34,1,2,4005,3,30,1,5,0,0,5,0,0,0,3,,,,,
1,1.2,2195,35,2,2,5602,5,30,1,1,2,0,5,0,0,5,1,1,0,0,4,1
1,1.2,2195,36,2,2,7769,4,30,1,5,0,0,1,5,1,0,3,1,0,0,6,6
1,1.1,2195,37,1,2,7769,5,30,1,5,0,0,1,5,5,0,2,,,,,
1,1.1,2195,38,2,2,4005,4,30,1,1,2,0,5,0,0,0,1,,,,,
1,1.1,2195,39,2,2,5602,6,30,1,1,5,5,5,0,5,5,3,,,,,
1,1.1,2195,194,1,3,4005,2,30,1,5,0,0,5,0,0,0,5,,,,,
1,1.1,2198,40,2,2,4733,3,30,1,1,3,0,1,5,0,0,2,,,,,
1,1.1,2198,43,1,2,4733,4,30,1,0,0,0,0,0,0,0,4,,,,,
1,1.1,2199,38,2,2,141,4,30,1,5,0,5,5,0,0,0,1,,,,,
1,1.2,2199,39,2,2,141,5,30,1,5,0,0,5,0,0,0,1,1,0,0,2,3
1,1.1,2210,37,1,2,1029,3,30,1,5,0,0,5,0,0,0,2,,,,,
1,1.1,2210,38,2,2,1029,4,30,1,0,0,0,0,0,0,0,2,,,,,
1,1.1,2210,39,2,2,1029,5,30,1,0,0,0,0,0,0,0,5,,,,,
1,1.2,2224,49,1,2,3645,4,30,1,1,3,0,5,0,5,0,1,1,0,0,0,0
1,1.1,2225,37,2,2,3842,3,30,1,1,1,5,5,0,0,5,1,,,,,
1,1.1,2225,38,2,2,3793,3,30,1,1,3,0,1,1,0,0,4,,,,,
1,1.1,2225,39,2,2,2218,2,30,1,1,4,5,1,1,0,5,5,,,,,
1,1.1,2225,40,2,2,4027,3,30,1,0,0,0,0,0,0,0,5,,,,,
1,1.1,2225,41,2,2,3793,4,30,1,0,0,0,0,0,0,0,4,,,,,
1,1.1,2228,39,2,2,6220,3,35,1,1,3,0,5,0,0,0,1,,,,,
1,1.1,2229,32,2,2,295,3,30,1,1,5,0,1,1,5,0,4,,,,,
1,1.1,2229,33,2,2,295,4,30,1,1,1,0,1,5,5,0,4,,,,,
1,1.2,2237,35,1,2,5179,3,30,1,5,0,5,5,0,5,5,1,1,0,0,7,98
1,1.2,2237,36,1,2,5179,4,30,1,5,0,5,5,0,0,5,1,1,0,0,6,2
1,1.2,2244,32,2,2,598,3,33,1,5,0,0,5,0,0,0,1,1,998,4,7,7
1,1.1,2244,33,1,2,382,3,30,1,0,0,0,0,0,0,0,0,,,,,
1,1.2,2248,41,2,2,6048,3,33,1,1,5,0,1,5,0,0,1,1,0,0,4,6
1,1.1,2248,42,2,2,6048,4,30,1,1,1,0,1,5,0,0,4,,,,,
1,1.2,2250,53,1,2,5109,4,30,1,5,0,0,5,0,0,0,4,1,0,0,2,2
1,1.2,2250,54,2,2,5343,4,30,1,1,5,0,1,1,5,0,1,1,0,0,6,6
1,1.2,2250,56,2,2,5343,5,30,1,5,0,0,5,0,0,0,2,1,0,0,0,0
1,1.1,2250,60,2,2,5343,6,30,1,1,5,0,5,0,5,0,1,,,,,
1,1.1,2250,66,2,2,3418,3,30,1,0,0,0,0,0,0,0,4,,,,,
1,1.2,2252,33,1,2,567,3,30,1,5,0,0,5,0,0,0,1,1,3.5,4,6,6
1,1.1,2252,34,2,2,567,4,30,1,5,0,0,5,0,5,0,1,,,,,
1,1.1,2253,35,2,2,5597,3,30,1,1,1,5,5,0,5,0,2,,,,,
1,1.2,2256,35,1,2,2964,3,30,1,1,4,0,5,0,0,0,2,1,4,4,6,7
1,1.2,2260,37,1,2,4730,2,30,1,1,5,0,1,1,0,0,1,1,0,0,2,2
1,1.2,2260,38,2,2,5772,3,30,1,1,2,0,5,0,0,5,0,1,0,0,7,7
1,1.2,2260,39,2,2,5772,4,30,1,1,4,0,5,0,0,0,2,1,0,0,3,3
1,1.1,2260,40,1,2,5772,5,30,1,5,0,0,5,0,0,0,1,,,,,
1,1.1,2260,41,2,2,4730,3,30,1,1,5,0,1,1,5,0,1,,,,,
1,1.1,2260,43,1,2,6477,3,30,1,5,0,0,5,0,0,5,2,,,,,
1,1.1,2260,44,1,2,6477,4,30,1,0,0,0,0,0,0,0,2,,,,,
1,1.1,2261,44,1,2,5035,3,30,1,0,0,0,0,0,0,0,5,,,,,
1,1.2,2263,31,2,2,8233,3,30,1,1,1,0,5,0,5,0,2,1,3.77,5,7,7
1,1.1,2276,186,1,3,3611,3,30,1,0,0,0,0,0,0,0,0,,,,,
1,1.1,2280,51,1,2,6595,2,30,1,5,0,0,5,0,0,5,5,,,,,
1,1.2,2280,52,2,2,4495,4,30,1,5,0,0,5,0,0,5,1,1,0,0,7,7
1,1.1,2280,53,1,2,3483,3,30,1,1,5,0,1,1,0,0,2,,,,,
1,1.1,2280,54,2,2,6595,3,30,1,5,0,0,1,5,0,5,1,,,,,
1,1.1,2280,55,1,2,4495,5,30,1,5,0,0,5,0,0,5,1,,,,,
1,1.1,2280,56,2,2,3628,3,30,1,5,0,0,1,5,0,5,2,,,,,
1,1.1,2280,57,2,2,3483,4,30,1,1,6,5,1,1,0,0,1,,,,,
1,1.1,2280,58,2,2,4495,6,30,1,5,0,0,1,5,0,0,2,,,,,
1,1.1,2280,59,1,2,3628,4,30,1,5,0,0,1,5,0,0,3,,,,,
1,1.1,2280,60,2,2,6451,3,30,1,5,0,5,1,5,0,0,1,,,,,
1,1.1,2280,61,2,2,6595,4,30,1,0,0,0,0,0,0,0,1,,,,,
1,1.1,2280,62,2,2,3483,5,30,1,1,5,0,1,1,0,0,1,,,,,
1,1.1,2280,64,2,2,6451,4,30,1,0,0,0,0,0,0,0,1,,,,,
1,1.1,2280,65,2,2,3628,5,30,1,0,0,0,0,0,0,0,3,,,,,
1,1.1,2285,44,2,2,3782,3,30,1,1,3,0,5,0,0,0,3,,,,,
1,1.1,2285,45,2,2,3782,4,30,1,1,3,0,5,0,0,0,5,,,,,
1,1.1,2292,42,2,2,3212,3,30,1,5,0,0,5,0,0,0,2,,,,,
1,1.2,2292,43,2,2,4200,2,30,1,5,0,0,5,0,0,5,1,1,0,0,7,6
1,1.1,2292,46,1,2,3212,4,30,1,5,0,0,5,0,0,0,2,,,,,
1,1.1,2292,47,2,2,7370,3,30,1,1,2,0,5,0,0,0,1,,,,,
1,1.1,2292,50,1,2,7370,4,30,1,1,2,0,5,0,0,0,4,,,,,
1,1.2,2297,39,2,2,54,3,30,1,1,2,0,5,0,0,0,1,1,998,98,6,6
1,1.2,2297,40,2,2,54,4,30,1,1,2,0,5,0,0,0,2,1,0,0,7,7
1,1.1,2297,41,1,2,54,5,30,1,1,2,0,5,0,0,0,4,,,,,
1,1.2,2299,40,1,2,4581,3,30,1,5,0,0,5,0,0,0,2,1,0,0,0,0
1,1.1,2299,43,2,2,4581,4,30,1,5,0,0,1,5,0,0,2,,,,,
1,1.1,2299,45,1,2,4581,5,30,1,0,0,0,0,0,0,0,5,,,,,
1,1.2,2300,35,1,2,2270,3,30,1,1,1,0,5,0,0,0,1,1,3.9,4,6,6
1,1.2,2302,68,2,2,7843,3,60,1,1,3,0,5,0,0,5,1,1,2.71,3,6,6
1,1.2,2302,69,2,2,4398,3,30,1,1,6,0,5,0,0,5,1,1,3.2,4,4,4
1,1.1,2302,81,1,2,3627,3,30,1,5,0,0,5,0,0,5,1,,,,,
1,1.1,2304,37,2,2,4660,3,30,1,0,0,0,0,0,0,0,0,,,,,
1,1.1,2311,37,1,2,3721,5,60,1,1,6,0,5,0,0,0,1,,,,,
1,1.1,2311,39,2,2,3721,6,60,1,0,0,0,0,0,0,0,1,,,,,
1,1.2,2312,34,2,2,6903,3,30,1,1,5,0,1,1,0,0,2,1,0,0,6,6
1,1.1,2312,35,2,2,6903,4,30,1,1,5,0,1,1,0,0,1,,,,,
1,1.2,2336,33,2,2,818,4,30,1,1,1,0,5,0,5,0,1,1,998,98,6,6
1,1.1,2341,35,1,2,2525,3,30,1,5,0,0,5,0,0,0,0,,,,,
1,1.1,2341,36,1,2,2525,4,30,1,5,0,0,5,0,0,0,0,,,,,
1,1.1,2342,32,1,2,121,3,30,1,5,0,0,5,0,0,0,1,,,,,
1,1.1,2352,33,2,2,5224,3,30,1,0,0,0,0,0,0,0,0,,,,,
1,1.1,2353,37,1,2,5478,3,30,1,5,0,0,5,0,0,0,2,,,,,
1,1.1,2353,38,1,2,7199,3,30,1,1,2,0,5,0,0,0,0,,,,,
1,1.1,2353,40,1,2,7199,4,30,1,0,0,0,0,0,0,0,0,,,,,
1,1.1,2353,42,1,2,5478,4,30,1,0,0,0,0,0,0,0,4,,,,,
1,1.1,2354,40,2,2,6417,3,33,1,1,5,5,1,5,0,0,1,,,,,
1,1.1,2354,44,1,2,6417,4,33,1,1,3,0,5,0,0,0,2,,,,,
1,1.1,2355,35,1,2,5057,3,30,1,1,5,0,5,0,0,0,1,,,,,
1,1.1,2355,36,2,2,5057,4,30,1,5,0,5,1,5,0,0,1,,,,,
1,1.1,2355,38,2,2,5057,5,30,1,0,0,0,0,0,0,0,0,,,,,
1,1.2,2373,32,1,2,46,4,30,1,5,0,0,5,0,0,0,4,1,3.75,4,6,6
1,1.1,2379,36,1,2,3928,3,30,1,0,0,0,0,0,0,0,2,,,,,
1,1.2,2392,41,1,2,3398,3,30,1,5,0,0,5,0,0,0,1,1,0,0,6,6
1,1.2,2392,45,1,2,4836,5,30,1,5,0,0,5,0,0,0,1,1,0,0,0,0
1,1.1,2392,46,2,2,4836,6,30,1,5,0,0,1,1,0,0,1,,,,,
1,1.1,2392,47,2,2,2370,3,33,1,1,4,0,1,1,5,0,2,,,,,
1,1.1,2392,50,1,2,4280,3,30,1,5,0,0,5,0,0,0,0,,,,,
1,1.1,2392,53,1,2,2370,4,30,1,0,0,0,0,0,0,0,4,,,,,
1,1.2,2392,182,1,3,4836,3,30,1,5,0,0,5,0,0,0,1,1,0,0,6,7
1,1.1,2410,36,2,2,731,3,30,1,1,3,0,5,0,0,0,5,,,,,
1,1.1,2416,38,2,2,6358,3,30,1,1,3,0,1,1,0,0,1,,,,,
1,1.1,2416,39,1,2,6358,4,30,1,0,0,0,0,0,0,0,5,,,,,
1,1.2,2417,33,1,2,2096,3,33,1,1,2,0,1,1,0,5,1,1,0,0,6,6
1,1.1,2417,34,1,2,2096,4,33,1,5,0,0,5,0,0,5,2,,,,,
1,1.1,2422,41,1,2,1543,4,30,1,1,1,0,5,0,0,0,2,,,,,
1,1.1,2422,43,1,2,1543,5,30,1,1,1,0,5,0,0,0,2,,,,,
1,1.1,2422,45,1,2,1543,6,30,1,1,1,0,5,0,0,0,2,,,,,
1,1.1,2422,46,1,2,1701,3,30,1,5,0,0,5,0,0,0,0,,,,,
1,1.1,2422,47,1,2,1701,4,30,1,0,0,0,0,0,0,0,0,,,,,
1,1.1,2425,32,2,2,1920,4,30,1,5,0,0,5,0,0,0,1,,,,,
1,1.1,2427,36,2,2,910,3,30,1,5,0,0,5,0,0,0,5,,,,,
1,1.1,2427,37,1,2,489,3,30,1,0,0,0,0,0,0,0,2,,,,,
1,1.1,2427,38,2,2,910,4,30,1,0,0,0,0,0,0,0,5,,,,,
1,1.1,2429,39,1,2,69,3,30,1,1,6,0,1,1,0,0,1,,,,,
1,1.1,2432,71,1,2,2925,4,30,1,5,0,0,5,0,5,5,4,,,,,
1,1.1,2432,75,1,2,5326,2,30,1,5,0,0,5,0,0,0,5,,,,,
1,1.1,2432,76,1,2,7989,4,33,1,1,1,0,5,0,5,5,1,,,,,
1,1.1,2432,80,2,2,6566,2,30,1,1,3,0,5,0,0,0,3,,,,,
1,1.1,2432,81,2,2,3437,3,30,1,0,0,0,0,0,0,0,3,,,,,
1,1.1,2432,82,2,2,5757,4,30,1,0,0,0,0,0,0,0,0,,,,,
1,1.1,2435,41,1,2,4861,3,30,1,0,0,0,0,0,0,0,5,,,,,
1,1.1,2436,52,2,2,2478,4,30,1,1,5,0,5,0,0,0,1,,,,,
1,1.1,2436,55,1,2,2092,3,30,1,5,0,0,5,0,0,0,0,,,,,
1,1.1,2436,57,2,2,3486,3,30,1,0,0,0,0,0,0,0,0,,,,,
1,1.1,2436,58,2,2,2092,4,30,1,0,0,0,0,0,0,0,0,,,,,
1,1.2,2441,44,1,2,7767,2,30,1,5,0,0,5,0,0,0,3,1,0,0,2,2
1,1.2,2441,46,2,2,7767,3,30,1,5,0,0,5,0,0,0,2,1,0,0,0,0
1,1.1,2441,48,1,2,7767,5,30,1,5,0,0,5,0,0,0,0,,,,,
1,1.1,2441,200,2,3,2942,3,33,1,5,0,0,5,0,0,0,0,,,,,
1,1.1,2441,201,1,3,2942,4,33,1,5,0,0,5,0,0,0,1,,,,,
1,1.1,2443,35,1,2,4587,4,30,1,5,0,0,5,0,0,0,3,,,,,
1,1.1,2443,36,2,2,7168,3,35,1,0,0,0,0,0,0,0,5,,,,,
1,1.1,2458,35,1,2,7947,3,30,1,1,3,0,1,1,5,0,3,,,,,
1,1.1,2464,35,2,2,437,4,30,1,5,0,0,1,5,0,0,4,,,,,
1,1.1,2464,36,1,2,936,2,30,1,0,0,0,0,0,0,0,5,,,,,
1,1.1,2466,35,2,2,5769,3,30,1,1,4,0,5,0,5,5,1,,,,,
1,1.2,2466,36,2,2,5427,3,30,1,1,5,0,1,1,1,5,2,1,0,0,6,6
1,1.2,2466,39,1,2,5769,4,30,1,1,4,0,5,0,0,5,1,1,0,0,7,7
1,1.1,2466,42,2,2,5769,5,30,1,1,5,0,5,0,0,5,1,,,,,
1,1.1,2466,48,2,2,5427,5,30,1,1,5,0,1,1,1,5,2,,,,,
1,1.1,2466,49,2,2,5427,6,30,1,5,0,0,5,0,1,5,2,,,,,
1,1.1,2467,36,2,2,510,3,30,1,1,3,0,5,0,5,0,2,,,,,
1,1.1,2467,37,1,2,510,4,30,1,0,0,0,0,0,0,0,4,,,,,
1,1.1,2473,33,1,2,7509,3,30,1,0,0,0,0,0,0,0,4,,,,,
1,1.1,2473,34,2,2,7509,4,30,1,0,0,0,0,0,0,0,4,,,,,
1,1.1,2475,32,2,2,605,2,30,1,5,0,5,1,5,0,0,2,,,,,
1,1.1,2475,33,2,2,605,3,30,1,5,0,5,1,5,0,0,1,,,,,
1,1.1,2478,37,1,2,1729,3,30,1,5,0,0,5,0,0,0,0,,,,,
1,1.1,2478,38,1,2,1729,4,30,1,0,0,0,0,0,0,0,0,,,,,
1,1.2,2485,38,2,2,4535,3,30,1,5,0,0,1,1,5,0,1,1,998,5,6,3
1,1.2,2485,39,1,2,4535,4,30,1,5,0,5,5,0,0,0,8,1,0,0,6,6
1,1.1,2485,42,2,2,2857,3,35,1,1,4,0,1,1,0,5,0,,,,,
1,1.1,2485,43,1,2,7773,6,30,1,5,0,0,5,0,0,5,0,,,,,
1,1.2,2485,200,2,3,7773,3,30,1,5,0,0,1,1,0,5,2,1,0,0,0,0
1,1.2,2500,34,1,2,1227,4,30,1,5,0,5,5,0,0,0,1,1,2.8,4.3,3,3
1,1.2,2502,41,2,2,5359,3,30,1,1,3,0,5,0,0,5,1,1,3.87,98,5,7
1,1.2,2502,42,2,2,5359,4,30,1,5,0,0,5,0,0,5,1,1,0,0,6,6
1,1.2,2502,45,2,2,6097,3,30,1,1,3,0,1,1,5,5,0,1,0,0,7,6
1,1.1,2502,46,1,2,6097,4,30,1,1,3,0,1,1,5,5,0,,,,,
1,1.1,2502,48,1,2,5359,5,30,1,5,0,0,5,0,0,5,1,,,,,
1,1.1,2502,50,1,2,6097,5,30,1,1,4,0,5,0,5,5,2,,,,,
1,1.2,2503,33,1,2,2398,2,30,1,5,0,0,5,0,0,0,1,1,998,98,2,3
1,1.2,2506,183,1,3,5293,2,30,1,5,0,0,5,0,0,0,1,1,0,0,0,0
1,1.1,2506,186,1,3,5293,4,30,1,5,0,5,5,0,0,0,0,,,,,
1,1.1,2506,187,2,3,5293,5,30,1,0,0,0,0,0,0,0,0,,,,,
1,1.2,2509,48,1,2,3669,3,30,1,5,0,0,5,0,0,0,1,1,4.4,5,6,6
1,1.2,2509,49,1,2,3669,4,30,1,5,0,0,5,0,0,0,4,1,0,0,0,0
1,1.1,2509,51,2,2,5056,3,30,1,0,0,0,0,0,0,0,5,,,,,
1,1.1,2509,54,2,2,5056,4,30,1,0,0,0,0,0,0,0,0,,,,,
1,1.2,2515,50,1,2,1311,3,30,1,1,1,5,5,0,5,5,2,1,0,0,6,5
1,1.1,2518,37,1,2,1584,4,60,1,5,0,0,5,0,0,0,3,,,,,
1,1.1,2521,32,2,2,43,2,60,1,1,2,0,1,1,0,0,1,,,,,
1,1.2,2524,39,1,2,4187,4,30,1,5,0,0,5,0,5,0,1,1,3.4,4,7,7
1,1.2,2530,45,2,2,3130,4,30,1,5,0,5,5,0,0,5,1,1,998,4,3,3
1,1.2,2532,33,2,2,2588,3,30,1,5,0,0,1,5,5,0,2,1,0,0,6,6
1,1.1,2532,35,2,2,2588,4,30,1,5,0,0,5,0,0,0,3,,,,,
1,1.1,2545,37,2,2,3228,2,30,1,0,0,0,0,0,0,0,2,,,,,
1,1.1,2545,177,2,3,5136,3,30,1,5,0,5,1,5,0,0,1,,,,,
1,1.1,2557,34,1,2,8442,2,30,1,0,0,0,0,0,0,0,0,,,,,
1,1.1,2566,44,1,2,1968,3,30,1,5,0,0,5,0,5,0,1,,,,,
1,1.1,2566,47,2,2,6105,4,30,1,5,0,0,5,0,5,5,1,,,,,
1,1.1,2566,48,2,2,1968,4,30,1,5,0,0,5,0,5,0,1,,,,,
1,1.1,2566,50,1,2,1968,5,30,1,5,0,0,5,0,0,0,0,,,,,
1,1.1,2569,45,2,2,6558,2,30,1,5,0,0,5,0,0,0,1,,,,,
1,1.1,2569,47,1,2,6558,3,30,1,5,0,0,5,0,0,0,2,,,,,
1,1.1,2569,49,2,2,6558,4,30,1,0,0,0,0,0,0,0,0,,,,,
1,1.1,2574,31,2,2,474,3,30,1,1,5,0,1,1,1,0,1,,,,,
1,1.1,2574,32,2,2,474,4,30,1,1,5,0,1,1,5,0,1,,,,,
1,1.1,2576,35,1,2,3898,4,60,1,1,2,0,5,0,0,5,3,,,,,
1,1.1,2576,36,1,2,3898,5,60,1,1,5,0,1,1,0,5,4,,,,,
1,1.1,2576,37,2,2,4871,3,30,1,5,0,0,5,0,5,0,1,,,,,
1,1.2,2578,31,2,2,3502,3,30,1,5,0,0,5,0,0,0,1,1,3.2,4,1,1
1,1.2,2581,34,2,2,8071,4,30,1,1,1,0,5,0,0,0,1,1,0,0,6,6
1,1.1,2581,35,1,2,8071,5,30,1,1,2,0,5,0,0,0,4,,,,,
1,1.1,2586,38,2,2,3786,3,30,1,0,0,0,0,0,0,0,0,,,,,
1,1.1,2586,39,2,2,4333,3,30,1,5,0,0,5,0,0,0,0,,,,,
1,1.1,2586,41,2,2,4333,4,30,1,0,0,0,0,0,0,0,0,,,,,
1,1.1,2586,42,1,2,3786,4,30,1,0,0,0,0,0,0,0,0,,,,,
1,1.1,2590,57,2,2,4186,3,30,1,1,2,0,5,0,0,0,1,,,,,
1,1.1,2590,60,2,2,5319,4,30,1,1,6,0,1,1,0,0,2,,,,,
1,1.1,2590,61,2,2,5992,4,30,1,5,0,0,5,0,0,0,2,,,,,
1,1.1,2590,63,1,2,4186,4,30,1,1,2,0,5,0,0,0,1,,,,,
1,1.1,2590,65,1,2,5319,5,30,1,1,6,0,1,1,0,0,4,,,,,
1,1.1,2590,66,2,2,4186,5,30,1,1,2,0,5,0,0,0,1,,,,,
1,1.1,2590,68,1,2,5319,6,30,1,1,6,0,1,1,0,0,5,,,,,
1,1.1,2590,69,1,2,4540,3,30,1,0,0,0,0,0,0,0,0,,,,,
1,1.2,2593,36,2,2,244,3,33,1,5,0,0,5,0,0,0,1,1,998,98,6,6
1,1.1,2599,32,1,2,4965,3,30,1,0,0,0,0,0,0,0,0,,,,,
1,1.1,2601,43,1,2,4193,3,30,1,0,0,0,0,0,0,0,5,,,,,
1,1.1,2601,44,1,2,5069,3,30,1,0,0,0,0,0,0,0,2,,,,,
1,1.2,2608,37,1,2,3617,3,30,1,1,1,5,5,0,0,0,2,1,0,0,6,6
1,1.1,2608,38,1,2,3617,4,30,1,1,1,0,5,0,0,0,5,,,,,
1,1.1,2608,39,2,2,3617,5,30,1,0,0,0,0,0,0,0,1,,,,,
1,1.1,2611,47,2,2,6692,3,30,1,5,0,0,1,5,0,0,0,,,,,
1,1.1,2611,49,1,2,3607,3,30,1,0,0,0,0,0,0,0,5,,,,,
1,1.1,2613,32,1,2,430,4,30,1,5,0,0,5,0,0,0,5,,,,,
1,1.1,2613,33,1,2,722,2,30,1,5,0,5,5,0,0,0,0,,,,,
1,1.1,2613,34,1,2,722,3,30,1,5,0,5,5,0,0,0,2,,,,,
1,1.2,2613,183,1,3,430,3,30,1,5,0,0,5,0,0,0,2,1,998,98,4,2
1,1.1,2614,38,1,2,6368,4,30,1,1,2,0,5,0,0,0,3,,,,,
1,1.1,2614,39,2,2,4967,3,30,1,5,0,0,5,0,5,5,1,,,,,
1,1.1,2614,40,1,2,7556,2,30,1,1,3,0,5,0,5,0,1,,,,,
1,1.2,2614,41,1,2,6368,5,30,1,1,3,5,5,0,0,0,3,1,997,98,2,2
1,1.1,2614,42,2,2,4967,4,30,1,5,0,0,5,0,5,0,2,,,,,
1,1.1,2614,44,2,2,4967,5,30,1,1,3,0,5,0,0,0,1,,,,,
1,1.1,2615,58,2,2,3697,3,30,1,1,1,0,5,0,5,5,1,,,,,
1,1.2,2615,59,2,2,6115,4,30,1,1,1,0,5,0,0,0,1,1,3.6,98,4,4
1,1.1,2615,62,2,2,3697,4,30,1,1,5,0,5,0,5,5,1,,,,,
1,1.2,2615,63,2,2,6115,5,30,1,1,1,0,5,0,0,0,1,1,998,4,2,2
1,1.2,2615,65,1,2,5010,3,30,1,5,0,0,5,0,0,5,4,1,3.6,4,6,6
1,1.2,2615,66,1,2,4074,2,30,1,5,0,0,5,0,5,0,3,1,3.2,4,2,2
1,1.1,2615,67,2,2,3376,3,30,1,5,0,0,5,0,5,5,2,,,,,
1,1.2,2615,68,2,2,6115,6,30,1,1,1,0,5,0,0,0,2,1,0,0,2,3
1,1.1,2615,71,2,2,5010,5,30,1,5,0,5,5,0,0,0,3,,,,,
1,1.2,2615,72,2,2,4074,3,30,1,5,0,0,5,0,5,0,2,1,0,0,6,6
1,1.2,2615,73,2,2,3409,3,30,1,1,1,0,1,5,5,5,2,1,0,0,6,6
1,1.1,2615,74,2,2,3376,4,30,1,5,0,0,5,0,5,0,4,,,,,
1,1.1,2615,77,1,2,5010,6,30,1,1,1,0,5,0,0,0,5,,,,,
1,1.1,2615,78,2,2,6647,3,30,1,5,0,0,5,0,0,5,5,,,,,
1,1.1,2615,79,2,2,3409,4,30,1,1,1,0,1,5,5,5,3,,,,,
1,1.1,2615,80,2,2,3376,5,30,1,5,0,0,5,0,5,0,4,,,,,
1,1.1,2615,81,2,2,3700,3,30,1,1,6,0,1,1,0,5,5,,,,,
1,1.1,2615,83,1,2,6647,4,30,1,0,0,0,0,0,0,0,0,,,,,
1,1.1,2618,48,2,2,5446,3,30,1,0,0,0,0,0,0,0,0,,,,,
1,1.2,2625,32,2,2,1710,3,30,1,1,5,0,5,0,0,5,1,1,0,0,6,6
1,1.1,2625,33,1,2,1710,4,30,1,1,1,0,1,5,5,0,4,,,,,
1,1.1,2625,34,1,2,1710,5,30,1,1,2,0,5,0,5,0,2,,,,,
1,1.1,2628,41,1,2,6842,3,30,1,5,0,5,5,0,5,0,1,,,,,
1,1.1,2628,42,1,2,4283,3,30,1,5,0,0,5,0,0,0,5,,,,,
1,1.1,2628,44,2,2,4283,4,30,1,5,0,0,5,0,0,0,3,,,,,
1,1.1,2628,46,1,2,4283,5,30,1,0,0,0,0,0,0,0,0,,,,,
1,1.1,2632,34,2,2,3251,3,60,1,1,2,0,5,0,0,0,1,,,,,
1,1.1,2632,40,1,2,3251,4,60,1,5,0,0,5,0,0,0,2,,,,,
1,1.2,2646,38,1,2,6126,3,30,1,1,6,5,1,1,0,5,4,1,3.9,4,6,6
1,1.1,2661,52,1,2,4278,3,33,1,1,1,0,5,0,0,5,2,,,,,
1,1.2,2661,55,1,2,7119,4,30,1,5,0,5,5,0,0,0,1,1,3.5,4,6,6
1,1.2,2661,57,2,2,4278,4,33,1,1,5,0,5,0,0,5,1,1,0,0,6,6
1,1.2,2664,33,1,2,1746,2,30,1,5,0,0,5,0,0,5,1,1,3.4,4.1,6,3
1,1.2,2674,33,2,2,5512,3,30,1,5,0,0,5,0,0,0,2,1,0,0,7,6
1,1.1,2674,34,2,2,5512,4,30,1,1,4,0,1,1,0,0,3,,,,,
1,1.1,2674,36,1,2,5291,3,30,1,0,0,0,0,0,0,0,3,,,,,
1,1.1,2674,37,2,2,5512,5,30,1,0,0,0,0,0,0,0,0,,,,,
1,1.1,2680,35,2,2,5556,3,30,1,1,2,0,5,0,0,0,0,,,,,
1,1.1,2680,36,2,2,4460,3,30,1,1,5,0,5,0,5,0,0,,,,,
1,1.1,2680,37,1,2,4460,4,30,1,0,0,0,0,0,0,0,0,,,,,
1,1.1,2680,38,2,2,5556,4,30,1,0,0,0,0,0,0,0,0,,,,,
1,1.1,2680,39,1,2,5556,5,30,1,0,0,0,0,0,0,0,0,,,,,
1,1.1,2680,40,1,2,4460,5,30,1,0,0,0,0,0,0,0,0,,,,,
1,1.2,2688,40,2,2,4704,3,30,1,5,0,0,5,0,0,0,1,1,2.2,4,7,6
1,1.2,2688,41,2,2,4704,4,30,1,1,4,0,5,0,0,0,3,1,0,0,6,6
1,1.1,2688,44,1,2,5618,2,30,1,5,0,0,5,0,0,0,1,,,,,
1,1.1,2688,45,2,2,4704,5,30,1,5,0,0,5,0,0,0,4,,,,,
1,1.2,2690,33,2,2,371,3,30,1,5,0,0,5,0,5,5,2,1,0,0,7,7
1,1.1,2690,34,1,2,371,4,30,1,5,0,0,5,0,0,0,2,,,,,
1,1.2,2697,32,2,2,1756,3,30,1,1,5,0,1,1,0,0,2,1,4.1,4.5,7,6
1,1.2,2699,33,2,2,1918,3,30,1,1,3,5,5,0,5,0,1,1,3.9,4,6,6
1,1.1,2701,60,2,2,7265,2,30,1,5,0,0,5,0,0,0,3,,,,,
1,1.2,2701,62,2,2,5829,4,30,1,5,0,0,5,0,0,0,5,1,3.4,4,2,6
1,1.2,2701,64,1,2,7265,4,30,1,1,5,0,5,0,0,0,1,1,998,98,8,2
1,1.2,2701,69,1,2,3835,2,30,1,5,0,0,5,0,0,0,1,1,0,0,7,7
1,1.1,2701,77,2,2,4516,2,30,1,5,0,5,1,5,5,0,2,,,,,
1,1.1,2701,88,2,2,5339,3,30,1,0,0,0,0,0,0,0,2,,,,,
1,1.1,2701,91,1,2,5798,2,30,1,0,0,0,0,0,0,0,0,,,,,
1,1.1,2701,92,1,2,5798,3,30,1,0,0,0,0,0,0,0,0,,,,,
1,1.2,2707,57,1,2,3959,3,30,1,5,0,0,1,5,0,0,1,1,3.7,4,6,6
1,1.2,2707,62,1,2,3959,4,30,1,5,0,0,5,0,0,0,1,1,3.1,4,6,6
1,1.1,2707,66,2,2,3959,5,30,1,5,0,0,5,0,0,0,1,,,,,
1,1.1,2707,68,2,2,4971,3,33,1,5,0,0,1,5,0,0,4,,,,,
1,1.1,2707,73,1,2,4971,4,33,1,5,0,0,5,0,0,0,4,,,,,
1,1.1,2712,37,1,2,3566,3,30,1,5,0,0,5,0,0,0,1,,,,,
1,1.1,2714,45,2,2,3743,2,30,1,5,0,5,5,0,0,0,1,,,,,
1,1.1,2717,42,1,2,85,3,30,1,1,2,0,5,0,0,0,2,,,,,
1,1.1,2717,43,2,2,574,2,30,1,0,0,0,0,0,0,0,0,,,,,
1,1.1,2717,44,1,2,145,3,30,1,5,0,0,5,0,0,0,4,,,,,
1,1.1,2717,45,2,2,85,4,30,1,0,0,0,0,0,0,0,4,,,,,
1,1.1,2717,46,1,2,145,4,30,1,0,0,0,0,0,0,0,4,,,,,
1,1.1,2731,41,1,2,2447,2,30,1,5,0,5,5,0,0,0,2,,,,,
1,1.2,2738,34,1,2,7763,2,30,1,5,0,0,5,0,0,0,2,1,3,98,2,2
1,1.2,2738,35,2,2,6945,2,30,1,5,0,0,5,0,0,0,1,1,0,0,7,6
1,1.1,2753,36,2,2,5453,3,30,1,5,0,0,5,0,0,0,2,,,,,
1,1.2,2753,37,2,2,3298,3,30,1,1,6,5,5,0,0,0,1,1,3.9,4,6,6
1,1.2,2753,38,1,2,3298,4,30,1,1,5,0,5,0,0,0,2,1,998,98,7,7
1,1.1,2753,39,2,2,5453,4,30,1,5,0,5,5,0,0,0,2,,,,,
1,1.1,2753,40,1,2,9193,3,30,1,1,5,0,1,1,0,0,1,,,,,
1,1.1,2753,41,2,2,5453,5,30,1,5,0,0,5,0,0,0,2,,,,,
1,1.1,2753,42,1,2,4878,3,30,1,1,2,0,5,0,0,0,4,,,,,
1,1.1,2753,43,2,2,4878,4,30,1,5,0,0,1,5,0,0,5,,,,,
1,1.1,2753,44,2,2,4878,5,30,1,1,4,0,5,0,0,0,5,,,,,
1,1.2,2758,30,1,2,452,2,30,1,1,1,0,5,0,5,0,1,1,998,98,2,2
1,1.1,2763,30,1,2,126,3,30,1,1,1,5,5,0,0,0,5,,,,,
1,1.1,2763,31,2,2,126,4,30,1,1,1,0,5,0,0,0,5,,,,,
1,1.2,2764,30,2,2,780,3,30,1,5,0,0,5,0,0,0,1,1,4.08,4.08,7,6
1,1.2,2770,35,1,2,940,4,30,1,5,0,0,5,0,0,0,1,1,3,4.2,5,5
1,1.2,2770,36,2,2,940,5,30,1,5,0,0,5,0,0,0,1,1,0,0,6,6
1,1.2,2771,36,2,2,6189,2,30,1,1,1,0,5,0,5,0,1,1,2.8,4,7,6
1,1.2,2771,38,2,2,6189,3,30,1,1,6,5,1,1,5,0,1,1,0,0,7,6
1,1.2,2771,39,1,2,6189,4,30,1,1,2,0,1,5,0,0,2,1,0,0,6,6
1,1.1,2776,180,2,3,4833,2,30,1,5,0,0,1,5,0,0,2,,,,,
1,1.1,2781,40,1,2,4219,3,30,1,1,1,0,5,0,5,0,3,,,,,
1,1.2,2786,36,1,2,3683,5,60,1,5,0,0,5,0,0,0,1,1,3,4,6,4
1,1.2,2786,37,2,2,3683,6,60,1,5,0,0,5,0,0,0,1,1,0,0,6,5
1,1.1,2786,38,2,2,3683,8,60,1,5,0,5,5,0,0,0,3,,,,,
1,1.2,2794,33,1,2,2778,2,30,1,5,0,0,5,0,0,0,5,1,3.4,4.3,3,2
1,1.1,2800,36,2,2,578,4,30,1,5,0,0,5,0,0,0,2,,,,,
1,1.2,2800,37,1,2,578,5,30,1,5,0,0,5,0,0,0,1,1,998,4,8,2
1,1.1,2801,41,1,2,8247,3,33,1,9,0,0,9,0,0,0,0,,,,,
1,1.2,2801,44,1,2,3067,3,33,1,5,0,0,1,1,0,0,1,1,0,0,6,6
1,1.1,2801,49,1,2,8247,5,30,1,0,0,0,0,0,0,0,0,,,,,
1,1.2,2801,193,1,3,2231,3,30,1,5,0,0,5,0,5,0,3,1,0,0,6,3
1,1.2,2802,32,1,2,7339,4,30,1,1,3,5,1,1,0,5,1,1,998,98,2,2
1,1.2,2802,33,1,2,7339,5,30,1,1,2,0,1,1,5,5,2,1,998,4,3,3
1,1.1,2802,34,1,2,4330,3,30,1,1,5,0,1,1,5,5,1,,,,,
1,1.1,2802,35,1,2,4330,4,30,1,1,3,0,5,0,5,0,1,,,,,
1,1.2,2805,33,1,2,2521,2,30,1,1,6,5,1,1,5,0,1,1,0,0,7,7
1,1.1,2805,34,2,2,7984,4,30,1,1,1,0,5,0,0,0,1,,,,,
1,1.2,2805,35,2,2,7984,5,30,1,1,5,0,1,1,0,0,2,1,0,0,6,6
1,1.2,2846,31,2,2,1544,2,30,1,1,4,0,1,1,0,0,1,1,0,0,98,6
1,1.2,2848,47,1,2,4582,2,30,1,5,0,0,5,0,0,0,1,1,998,98,2,2
1,1.2,2848,51,1,2,4582,3,30,1,5,0,0,5,0,0,0,1,1,0,0,3,2
1,1.2,2848,52,1,2,4582,4,30,1,5,0,0,5,0,0,0,2,1,0,0,6,6
1,1.1,2849,33,1,2,6173,2,30,1,0,0,0,0,0,0,0,1,,,,,
1,1.2,2850,32,2,2,286,3,30,1,1,2,0,5,0,5,0,1,1,4.2,5,6,6
1,1.2,2852,61,2,2,2261,3,33,1,5,0,0,5,0,0,0,1,1,3.7,4,4,2
1,1.2,2852,62,1,2,4022,2,30,1,5,0,0,5,0,0,0,1,1,2.5,4,6,6
1,1.2,2852,68,1,2,2726,2,30,1,1,1,0,5,0,0,0,1,1,3.2,4,4,4
1,1.2,2852,72,1,2,2726,3,30,1,1,3,0,1,1,0,0,1,1,0,0,2,2
1,1.1,2852,74,2,2,3248,4,60,1,1,4,0,5,0,0,0,2,,,,,
1,1.1,2852,76,1,2,2980,3,30,1,1,1,5,5,0,0,0,5,,,,,
1,1.1,2852,78,1,2,4562,3,30,1,5,0,0,5,0,0,0,2,,,,,
1,1.1,2852,79,1,2,2980,4,30,1,0,0,0,0,0,0,0,5,,,,,
1,1.1,2852,80,2,2,2980,5,30,1,0,0,0,0,0,0,0,5,,,,,
1,1.1,2852,82,2,2,2726,4,30,1,0,0,0,0,0,0,0,2,,,,,
1,1.1,2852,84,2,2,4562,4,30,1,0,0,0,0,0,0,0,2,,,,,
1,1.2,2860,35,2,2,3832,3,30,1,1,2,0,1,1,5,0,1,1,4.2,5,6,6
1,1.2,2860,36,1,2,3832,4,30,1,1,2,0,5,0,5,5,1,1,0,0,6,6
1,1.1,2860,37,1,2,3832,5,30,1,1,2,0,1,1,0,0,5,,,,,
1,1.1,2881,40,2,2,7235,4,65,1,1,3,0,5,0,0,0,4,,,,,
1,1.2,2881,178,2,3,6356,3,30,1,5,0,0,5,0,0,0,1,1,2.5,4,6,6
1,1.1,2881,179,1,3,6356,4,30,1,5,0,0,5,0,0,0,1,,,,,
1,1.2,2882,35,1,2,92,3,30,1,1,6,0,1,1,5,0,4,1,998,98,6,6
1,1.2,2882,36,2,2,92,4,30,1,1,6,0,1,1,5,0,5,1,0,0,6,6
1,1.1,2882,37,1,2,92,5,30,1,1,6,0,1,1,5,0,4,,,,,
1,1.1,2882,40,1,2,905,3,30,1,0,0,0,0,0,0,0,5,,,,,
1,1.2,2885,36,1,2,1844,3,30,1,1,1,0,5,0,0,0,1,1,4,4,6,6
1,1.2,2885,37,2,2,1844,4,30,1,1,1,0,5,0,0,0,1,1,0,0,7,7
1,1.1,2885,38,1,2,1844,5,30,1,1,5,0,1,1,0,0,1,,,,,
1,1.1,2887,38,2,2,1409,2,30,1,5,0,0,1,5,0,0,0,,,,,
1,1.2,2890,33,2,2,7881,2,30,1,1,5,0,5,0,0,0,1,1,0,0,5,5
1,1.1,2890,35,2,2,7881,3,30,1,5,0,0,5,0,0,0,2,,,,,
1,1.1,2890,36,2,2,7881,4,30,1,5,0,0,5,0,0,0,2,,,,,
1,1.1,2895,35,2,2,5047,3,30,1,5,0,0,5,0,0,0,1,,,,,
1,1.1,2895,36,1,2,5047,4,30,1,0,0,0,0,0,0,0,2,,,,,
1,1.1,2897,47,1,2,5441,3,30,1,0,0,0,0,0,0,0,5,,,,,
1,1.1,2897,48,2,2,4461,2,30,1,0,0,0,0,0,0,0,4,,,,,
1,1.2,2898,33,2,2,1575,3,30,1,1,2,0,1,5,0,5,2,1,0,0,6,99
1,1.1,2898,34,2,2,1575,4,30,1,1,2,0,1,5,0,5,2,,,,,
1,1.1,2902,36,2,2,6073,3,30,1,1,1,0,5,0,5,5,0,,,,,
1,1.1,2902,37,1,2,6073,4,30,1,0,0,0,0,0,0,0,0,,,,,
1,1.1,2907,204,1,3,5692,2,60,1,5,0,5,1,1,0,0,3,,,,,
1,1.1,2907,205,1,3,5692,3,60,1,5,0,0,5,0,0,0,3,,,,,
1,1.2,2921,34,2,2,7396,2,30,1,5,0,0,1,5,0,0,1,1,997,2.7,6,6
1,1.1,2921,35,1,2,5381,2,30,1,1,5,0,1,5,0,1,2,,,,,
1,1.1,2921,36,2,2,5381,3,30,1,1,5,0,5,0,0,1,1,,,,,
1,1.1,2921,37,1,2,5381,4,30,1,0,0,0,0,0,0,0,2,,,,,
1,1.2,2924,34,1,2,4910,4,30,1,5,0,0,5,0,0,0,5,1,998,98,6,6
1,1.2,2924,35,1,2,4910,5,30,1,5,0,0,5,0,0,0,2,1,998,98,6,6
1,1.1,3006,30,2,2,328,3,30,1,0,0,0,0,0,0,0,5,,,,,
1,1.1,3007,30,2,2,914,2,30,1,1,5,0,1,1,0,0,2,,,,,
1,1.1,3007,31,2,2,914,3,30,1,1,5,0,5,0,0,0,2,,,,,
1,1.1,3009,30,1,2,255,3,30,1,1,5,0,1,5,0,5,3,,,,,
1,1.1,3009,31,2,2,255,4,30,1,1,5,0,1,5,0,5,1,,,,,
1,1.1,3032,30,2,2,786,2,30,1,1,2,0,1,5,0,0,1,,,,,
1,1.1,3034,32,1,2,2329,3,30,1,0,0,0,0,0,0,0,0,,,,,
1,1.1,3053,30,1,2,1012,3,30,1,1,3,0,1,1,0,0,1,,,,,
1,1.1,3053,31,2,2,723,3,30,1,1,5,0,1,1,0,0,2,,,,,
1,1.1,3056,30,2,2,542,3,35,1,5,0,0,1,1,0,0,1,,,,,
1,1.2,3057,32,1,2,6351,3,30,1,1,5,0,1,1,5,0,1,1,3,4,6,6
1,1.1,3058,31,1,2,7604,2,30,1,1,1,0,5,0,0,0,1,,,,,
1,1.2,3058,33,1,2,2943,3,33,1,1,1,0,5,0,0,5,1,1,0,0,4,2
1,1.2,3062,30,1,2,6916,2,30,1,1,2,0,5,0,0,0,2,1,998,98,6,5
1,1.1,3063,30,1,2,1449,3,30,1,5,0,0,5,0,0,0,3,,,,,
1,1.1,3063,31,2,2,1256,3,30,1,0,0,0,0,0,0,0,2,,,,,
1,1.1,3063,33,1,2,1256,5,30,1,0,0,0,0,0,0,0,1,,,,,
1,1.1,3078,32,1,2,4874,3,30,1,1,5,0,1,1,0,0,1,,,,,
1,1.1,3078,34,2,2,4874,5,30,1,1,4,5,1,1,5,0,1,,,,,
1,1.2,3088,30,1,2,1279,3,30,1,5,0,0,5,0,0,0,4,1,0,0,0,0
1,1.2,3088,31,1,2,1279,4,30,1,5,0,0,5,0,0,0,5,1,0,0,0,0
1,1.1,3091,30,2,2,844,3,30,1,0,0,0,0,0,0,0,5,,,,,
1,1.1,3091,31,2,2,844,4,30,1,0,0,0,0,0,0,0,4,,,,,
1,1.1,3095,32,1,2,1473,3,30,1,1,3,0,5,0,0,0,2,,,,,
1,1.2,3095,33,2,2,1307,3,35,1,5,0,0,5,0,0,0,2,1,3.6,4,6,3
1,1.1,3095,36,2,2,1307,4,30,1,5,0,0,5,0,0,0,2,,,,,
1,1.1,3095,37,2,2,1473,4,30,1,1,5,0,5,0,0,5,2,,,,,
1,1.1,3095,39,2,2,1307,5,30,1,0,0,0,0,0,0,0,2,,,,,
1,1.1,3098,31,2,2,6344,2,30,1,5,0,5,5,0,0,0,2,,,,,
1,1.1,3105,30,2,2,1392,2,30,1,1,3,0,1,5,0,0,2,,,,,
1,1.1,3105,31,1,2,1392,3,30,1,0,0,0,0,0,0,0,0,,,,,
1,1.1,3105,32,2,2,1478,3,30,1,0,0,0,0,0,0,0,0,,,,,
1,1.1,3111,31,1,2,5500,4,30,1,5,0,5,5,0,0,0,1,,,,,
1,1.1,3131,30,2,2,803,3,30,1,1,6,0,1,1,5,1,4,,,,,
1,1.1,3133,33,1,2,5671,3,30,1,1,6,5,5,0,0,0,2,,,,,
1,1.1,3133,34,2,2,5671,4,30,1,1,6,0,5,0,0,0,2,,,,,
1,1.2,3137,33,1,2,832,3,30,1,5,0,0,5,0,0,5,1,1,3.4,4.5,7,6
1,1.1,3142,30,1,2,827,3,30,1,0,0,0,0,0,0,0,1,,,,,
1,1.1,3143,33,2,2,1896,2,30,1,5,0,5,5,0,0,0,5,,,,,
1,1.1,3143,34,1,2,1896,3,30,1,0,0,0,0,0,0,0,5,,,,,
1,1.1,3166,30,2,2,991,3,30,1,0,0,0,0,0,0,0,0,,,,,
1,1.2,3172,30,1,2,3178,4,30,1,1,1,0,5,0,0,0,1,1,3.7,4,6,3
1,1.1,3172,33,1,2,3178,5,30,1,1,4,0,5,0,0,0,1,,,,,
1,1.1,3176,32,1,2,3640,2,30,1,5,0,0,5,0,0,0,2,,,,,
1,1.1,3179,31,2,2,1661,4,30,1,1,2,0,5,0,0,0,2,,,,,
1,1.1,3179,178,1,3,1661,3,30,1,1,2,0,5,0,0,0,1,,,,,
1,1.2,3190,30,1,2,1672,4,35,1,5,0,0,5,0,0,0,1,1,2.8,4,6,6
1,1.2,3190,31,1,2,1672,5,35,1,5,0,0,5,0,0,0,1,1,3.2,98,6,6
1,1.2,3191,30,2,2,1431,2,30,1,5,0,0,5,0,0,0,1,1,3.4,4.5,99,99
1,1.2,3193,34,1,2,4543,4,30,1,5,0,0,5,0,0,0,1,1,3.6,4,2,2
1,1.1,3194,31,2,2,8383,3,33,1,5,0,0,5,0,0,0,5,,,,,
1,1.1,3196,31,2,2,2077,3,30,1,1,1,5,5,0,0,0,2,,,,,
1,1.1,3199,31,2,2,1785,5,30,1,1,3,0,1,1,0,0,2,,,,,
1,1.1,3199,32,1,2,1785,6,30,1,1,3,0,1,1,0,0,2,,,,,
1,1.2,3203,30,2,2,649,3,33,1,1,1,0,1,5,5,0,1,1,998,98,7,6
1,1.1,3203,31,2,2,649,4,30,1,1,2,0,5,0,0,0,5,,,,,
1,1.1,3203,32,1,2,649,5,30,1,0,0,0,0,0,0,0,5,,,,,
1,1.2,3207,32,1,2,1285,2,30,1,5,0,0,5,0,0,0,4,1,0,0,2,2
1,1.1,3207,33,2,2,1285,3,30,1,0,0,0,0,0,0,0,1,,,,,
1,1.1,3217,31,2,2,8679,2,98,1,5,0,0,5,0,0,0,2,,,,,
1,1.1,3221,30,1,2,1856,3,30,1,5,0,0,5,0,0,0,5,,,,,
1,1.1,3221,31,1,2,1329,3,30,1,0,0,0,0,0,0,0,5,,,,,
1,1.1,3225,30,2,2,3331,3,30,1,1,3,0,5,0,0,5,2,,,,,
1,1.1,3225,33,1,2,3331,4,30,1,1,1,0,1,1,0,5,3,,,,,
1,1.2,3226,31,2,2,7770,4,30,1,1,5,0,5,0,5,0,1,1,3.4,5,7,7
1,1.1,3228,30,1,2,9152,3,30,1,5,0,0,5,0,0,0,5,,,,,
1,1.1,3228,31,1,2,9152,4,30,1,0,0,0,0,0,0,0,0,,,,,
1,1.1,3230,30,2,2,4807,3,30,1,1,5,0,5,0,0,0,1,,,,,
1,1.1,3230,31,1,2,4807,4,30,1,1,2,0,5,0,0,0,0,,,,,
1,1.1,3235,32,2,2,4820,3,30,1,1,6,0,5,0,0,0,1,,,,,
1,1.1,3235,35,1,2,4820,4,30,1,0,0,0,0,0,0,0,5,,,,,
1,1.1,3235,36,2,2,5721,3,30,1,0,0,0,0,0,0,0,5,,,,,
1,1.2,3240,31,1,2,1014,4,30,1,5,0,0,5,0,0,0,1,1,998,98,2,2
1,1.1,3240,34,2,2,937,3,30,1,5,0,0,5,0,0,0,2,,,,,
1,1.1,3240,35,2,2,937,4,30,1,0,0,0,0,0,0,0,4,,,,,
1,1.2,3242,31,1,2,2485,3,30,1,1,1,0,5,0,0,0,1,1,2.8,3,7,7
1,1.1,3242,32,1,2,2485,4,30,1,1,2,0,1,1,0,0,3,,,,,
1,1.1,3242,33,2,2,7322,2,30,1,5,0,5,5,0,0,0,2,,,,,
1,1.1,3243,33,1,2,7542,5,30,1,1,4,0,5,0,0,0,5,,,,,
1,1.2,3247,30,1,2,522,3,30,1,1,6,0,5,0,0,5,1,1,3.8,4.5,7,7
1,1.1,3247,31,1,2,522,4,30,1,1,5,0,5,0,0,0,4,,,,,
1,1.2,3250,31,1,2,2676,3,30,1,5,0,0,5,0,0,0,1,1,0,0,0,0
1,1.1,3258,30,2,2,4468,4,30,1,5,0,0,5,0,0,0,1,,,,,
1,1.1,3258,31,1,2,7518,3,30,1,0,0,0,0,0,0,0,4,,,,,
1,1.2,3258,171,1,3,4468,3,30,1,5,0,0,5,0,0,0,1,1,3.5,4,2,2
1,1.2,3263,31,2,2,4536,2,30,1,1,1,0,5,0,5,0,1,1,3.6,5,5,5
1,1.1,3263,32,2,2,7775,3,30,1,5,0,5,1,5,0,0,1,,,,,
1,1.1,3263,33,1,2,7775,4,30,1,0,0,0,0,0,0,0,2,,,,,
1,1.2,3272,33,2,2,1458,3,30,1,5,0,0,5,0,0,5,1,1,3.6,4,7,7
1,1.2,3272,34,2,2,1458,4,30,1,5,0,0,5,0,0,5,1,1,997,4,7,6
1,1.2,3272,35,2,2,1458,5,30,1,5,0,0,5,0,0,5,1,1,0,0,7,6
1,1.1,3281,30,2,2,4277,3,30,1,5,0,5,5,0,0,0,0,,,,,
1,1.1,3281,31,1,2,4277,4,30,1,0,0,0,0,0,0,0,0,,,,,
1,1.1,3291,30,2,2,331,3,30,1,5,0,0,5,0,0,0,2,,,,,
1,1.1,3291,31,1,2,331,4,30,1,5,0,0,5,0,0,0,3,,,,,
1,1.1,3297,30,2,2,165,2,30,1,5,0,0,5,0,0,0,1,,,,,
1,1.2,3297,31,2,2,165,3,30,1,5,0,0,5,0,0,0,1,1,0,0,7,7
1,1.2,3303,32,1,2,5923,4,30,1,5,0,0,5,0,0,5,1,1,3.7,5,6,6
1,1.2,3316,31,2,2,1126,4,30,1,1,2,0,5,0,0,0,1,1,3.9,4,6,6
1,1.2,3316,32,1,2,339,3,30,1,5,0,0,5,0,5,0,1,1,3.8,4.8,6,5
1,1.2,3316,33,2,2,339,4,30,1,5,0,0,5,0,0,0,1,1,0,0,6,2
1,1.1,3316,35,1,2,1126,5,30,1,1,6,0,1,1,1,0,1,,,,,
1,1.2,3320,30,2,2,1047,2,30,1,5,0,5,5,0,0,0,2,1,3.9,4,7,7
1,1.1,3327,174,2,3,1446,3,30,1,0,0,0,0,0,0,0,2,,,,,
1,1.1,3327,175,2,3,1446,4,30,1,0,0,0,0,0,0,0,2,,,,,
1,1.1,3332,31,1,2,1555,3,30,1,1,3,5,5,0,0,0,2,,,,,
1,1.1,3332,32,1,2,1555,4,30,1,1,5,0,1,1,0,0,2,,,,,
1,1.1,3332,34,2,2,1555,5,30,1,0,0,0,0,0,0,0,5,,,,,
1,1.2,3333,31,2,2,1619,4,30,1,1,1,0,5,0,0,0,1,1,4.3,5,7,6
1,1.1,3341,33,2,2,7990,3,30,1,5,0,0,5,0,0,0,1,,,,,
1,1.1,3341,34,1,2,7990,4,30,1,5,0,0,5,0,0,0,3,,,,,
1,1.2,3345,33,2,2,7639,6,30,1,5,0,0,5,0,0,0,1,1,0,0,2,2
1,1.2,3345,34,2,2,7639,7,30,1,5,0,0,5,0,0,0,1,1,0,0,2,2
1,1.1,3345,36,2,2,7639,5,30,1,0,0,0,0,0,0,0,2,,,,,
1,1.1,3349,30,1,2,5715,4,60,1,1,1,5,5,0,0,5,2,,,,,
1,1.1,3349,31,2,2,5715,5,60,1,1,4,0,5,0,0,5,4,,,,,
1,1.1,3349,32,2,2,5715,6,60,1,0,0,0,0,0,0,0,2,,,,,
1,1.2,3351,30,1,2,1716,2,30,1,5,0,0,1,5,0,0,1,1,998,98,3,98
1,1.1,3351,32,2,2,1583,4,60,1,1,3,5,5,0,0,0,2,,,,,
1,1.1,3351,33,1,2,1835,3,30,1,1,2,5,1,1,0,0,2,,,,,
1,1.1,3351,34,1,2,1835,5,30,1,0,0,0,0,0,0,0,2,,,,,
1,1.2,3359,32,2,2,2243,3,30,1,5,0,0,5,0,0,0,3,1,3.8,4,6,6
1,1.1,3365,30,1,2,4794,2,30,1,5,0,5,5,0,0,0,1,,,,,
1,1.1,3365,32,1,2,2724,3,30,1,5,0,0,1,5,0,0,2,,,,,
1,1.1,3365,36,2,2,2724,4,30,1,0,0,0,0,0,0,0,3,,,,,
1,1.2,3367,34,1,2,2143,2,30,1,1,2,0,5,0,5,0,1,1,0,0,5,1
1,1.1,3367,36,1,2,5302,6,60,1,0,0,0,0,0,0,0,3,,,,,
1,1.1,3367,37,1,2,2143,3,30,1,0,0,0,0,0,0,0,3,,,,,
1,1.1,3367,38,1,2,2143,4,30,1,0,0,0,0,0,0,0,4,,,,,
1,1.2,3368,34,1,2,5536,3,30,1,5,0,0,5,0,0,0,5,1,0,0,6,6
1,1.2,3368,36,1,2,4490,3,30,1,5,0,0,5,0,0,0,1,1,0,0,0,0
1,1.1,3368,38,2,2,4490,4,30,1,0,0,0,0,0,0,0,1,,,,,
1,1.1,3368,40,2,2,2953,2,30,1,0,0,0,0,0,0,0,2,,,,,
1,1.2,3373,31,1,2,6332,5,30,1,5,0,0,5,0,0,5,1,1,3.5,4.5,6,6
1,1.2,3375,30,2,2,4913,3,30,1,5,0,0,5,0,0,0,1,1,2,3,6,6
1,1.1,3375,31,1,2,6294,2,30,1,1,1,0,5,0,0,0,1,,,,,
1,1.2,3375,32,1,2,4913,4,30,1,5,0,0,5,0,0,0,2,1,0,0,0,0
1,1.1,3375,33,2,2,6294,3,30,1,5,0,0,5,0,0,0,2,,,,,
1,1.1,3379,35,1,2,7272,3,33,1,1,3,0,5,0,5,5,1,,,,,
1,1.1,3379,38,2,2,7272,4,30,1,0,0,0,0,0,0,0,5,,,,,
1,1.2,3380,30,1,2,359,3,35,1,1,1,0,5,0,0,0,1,1,3.5,4.3,6,3
1,1.1,3380,31,2,2,359,4,30,1,5,0,0,5,0,5,0,5,,,,,
1,1.1,3380,32,1,2,359,5,30,1,0,0,0,0,0,0,0,2,,,,,
1,1.1,3380,171,1,3,871,4,60,1,5,0,0,5,0,0,0,2,,,,,
1,1.1,3380,172,2,3,871,5,60,1,5,0,0,5,0,0,0,3,,,,,
1,1.2,3381,35,1,2,4949,4,30,1,1,5,0,5,0,0,5,1,1,3.8,5,6,6
1,1.2,3381,36,2,2,5847,3,30,1,5,0,0,5,0,0,0,5,1,0,0,6,6
1,1.2,3381,37,2,2,6247,2,30,1,1,2,0,5,0,0,5,2,1,0,0,6,3
1,1.1,3381,38,2,2,4949,5,30,1,5,0,0,5,0,0,5,1,,,,,
1,1.1,3381,39,2,2,5847,4,30,1,5,0,0,5,0,0,0,5,,,,,
1,1.1,3381,40,1,2,5300,3,30,1,5,0,0,5,0,0,0,2,,,,,
1,1.1,3388,30,1,2,2523,3,30,1,1,4,0,5,0,5,0,5,,,,,
1,1.2,3394,32,1,2,1910,3,30,1,1,1,0,5,0,0,0,3,1,3.4,4,7,6
1,1.2,3394,33,1,2,1910,4,30,1,1,1,0,1,1,0,0,1,1,4,98,6,6
1,1.2,3397,30,2,2,875,2,30,1,1,4,1,1,1,0,0,1,1,3.75,98,3,2
1,1.2,3402,32,2,2,7891,4,30,1,5,0,0,5,0,0,0,3,1,4.4,5,6,6
1,1.2,3402,33,1,2,5163,4,33,1,1,5,0,5,0,0,0,0,1,3.75,4,3,3
1,1.2,3402,34,1,2,7891,5,30,1,5,0,5,5,0,0,0,3,1,2.5,4,3,3
1,1.2,3404,31,1,2,4576,3,30,1,5,0,0,5,0,0,0,1,1,0,0,2,2
1,1.1,3404,32,1,2,4576,4,30,1,0,0,0,0,0,0,0,2,,,,,
1,1.1,3405,31,2,2,7008,3,30,1,1,5,5,1,1,1,0,1,,,,,
1,1.1,3406,30,2,2,9181,3,30,1,1,1,0,1,5,0,0,1,,,,,
1,1.1,3406,31,2,2,9181,4,30,1,5,0,0,1,5,0,0,1,,,,,
1,1.2,3407,32,1,2,5509,3,30,1,1,1,0,5,0,0,0,2,1,3.2,4.2,6,6
1,1.1,3413,30,1,2,503,3,30,1,1,1,0,5,0,0,0,2,,,,,
1,1.1,3413,31,2,2,503,4,30,1,1,1,0,5,0,0,0,5,,,,,
1,1.1,3413,32,2,2,503,5,30,1,1,3,0,5,0,0,0,5,,,,,
1,1.1,3413,33,2,2,983,3,30,1,0,0,0,0,0,0,0,5,,,,,
1,1.1,3414,32,1,2,651,3,30,1,1,6,0,1,5,0,0,2,,,,,
1,1.1,3414,33,1,2,651,4,30,1,1,6,0,1,1,0,0,2,,,,,
1,1.1,3414,34,2,2,651,5,30,1,1,6,0,1,5,0,0,2,,,,,
1,1.1,3429,32,2,2,227,2,30,1,1,3,0,5,0,0,0,1,,,,,
1,1.1,3429,33,2,2,227,3,30,1,0,0,0,0,0,0,0,1,,,,,
1,1.1,3434,30,1,2,8161,4,30,1,5,0,0,5,0,0,0,2,,,,,
1,1.1,3434,170,2,3,8161,3,30,1,5,0,0,5,0,0,0,3,,,,,
1,1.2,3435,31,1,2,1751,4,30,1,1,5,0,5,0,0,0,2,1,998,4,3,3
1,1.1,3435,32,1,2,1169,3,30,1,5,0,0,5,0,0,0,1,,,,,
1,1.2,3435,33,1,2,1751,5,30,1,5,0,0,5,0,0,0,2,1,0,0,6,2
1,1.2,3437,30,1,2,6442,3,30,1,1,2,5,1,1,0,5,1,1,2.5,98,6,6
1,1.1,3437,31,1,2,6029,2,30,1,0,0,0,0,0,0,0,2,,,,,
1,1.2,3439,32,1,2,848,4,30,1,1,3,5,5,0,0,0,2,1,3,4,3,3
1,1.2,3441,31,2,2,4734,4,30,1,1,5,0,5,0,0,5,2,1,3.6,98,7,6
1,1.1,3441,33,2,2,7676,2,30,1,5,0,0,5,0,0,0,5,,,,,
1,1.1,3441,35,2,2,8249,3,30,1,0,0,0,0,0,0,0,0,,,,,
1,1.1,3441,36,1,2,7676,3,30,1,5,0,0,5,0,0,0,5,,,,,
1,1.2,3453,30,2,2,6755,3,30,1,1,1,5,5,0,0,0,3,1,0,0,6,6
1,1.1,3453,31,2,2,6755,4,30,1,1,5,0,1,1,0,0,3,,,,,
1,1.1,3453,32,1,2,6755,5,30,1,1,3,0,5,0,0,0,2,,,,,
1,1.1,3462,31,1,2,6646,5,60,1,5,0,0,5,0,0,0,5,,,,,
1,1.1,3462,32,2,2,6646,4,30,1,5,0,0,5,0,0,0,1,,,,,
1,1.2,3464,30,1,2,1034,3,30,1,1,5,5,5,0,0,0,2,1,998,98,3,3
1,1.1,3473,31,2,2,2502,2,30,1,5,0,0,5,0,0,0,1,,,,,
1,1.1,3473,33,2,2,2502,3,30,1,5,0,0,5,0,0,0,1,,,,,
1,1.1,3474,30,2,2,1707,4,60,1,5,0,0,5,0,0,0,1,,,,,
1,1.1,3474,31,2,2,1707,5,60,1,1,5,5,5,0,0,0,2,,,,,
1,1.1,3478,30,1,2,3425,3,30,1,5,0,0,5,0,5,0,2,,,,,
1,1.2,3480,30,2,2,6174,3,30,1,1,1,0,5,0,5,0,2,1,3.5,4,6,6
1,1.1,3480,31,1,2,6174,4,30,1,1,2,0,5,0,0,0,0,,,,,
1,1.1,3489,31,1,2,7418,2,30,1,5,0,0,5,0,0,0,1,,,,,
1,1.1,3489,32,2,2,7418,3,30,1,5,0,0,5,0,0,0,1,,,,,
1,1.1,3492,30,1,2,931,3,30,1,1,5,0,1,1,0,0,3,,,,,
1,1.1,3492,31,1,2,931,4,30,1,1,5,0,1,1,0,0,0,,,,,
1,1.1,3508,30,1,2,1742,2,30,1,1,2,5,5,0,0,0,0,,,,,
1,1.1,3508,31,2,2,1742,3,30,1,0,0,0,0,0,0,0,0,,,,,
1,1.1,4001,3,2,1,3362,3,33,1,1,4,0,5,0,0,0,3,,,,,
1,1.1,4001,4,1,1,3362,4,33,1,1,1,0,5,0,0,0,5,,,,,
1,1.1,4001,5,2,1,3362,5,33,1,1,1,5,5,0,0,0,0,,,,,
1,1.1,4004,30,1,2,1054,3,30,1,0,0,0,0,0,0,0,5,,,,,
1,1.1,4006,3,1,1,419,3,30,1,0,0,0,0,0,0,0,4,,,,,
1,1.1,4007,3,2,1,1674,3,30,1,1,4,5,1,5,0,0,3,,,,,
1,1.2,4009,3,1,1,9056,3,30,1,1,1,0,5,0,0,5,1,1,4,5,5,5
1,1.1,4009,4,1,1,9056,4,30,1,1,5,0,1,5,5,5,5,,,,,
1,1.1,4015,3,1,1,929,3,33,1,1,5,0,1,1,0,0,1,,,,,
1,1.1,4015,4,2,1,929,4,33,1,1,1,0,1,5,0,0,1,,,,,
1,1.1,4016,3,2,1,743,3,30,1,1,3,0,5,0,0,0,4,,,,,
1,1.1,4016,4,2,1,743,4,30,1,0,0,0,0,0,0,0,2,,,,,
1,1.1,4018,3,2,1,559,3,30,1,1,5,0,5,0,0,0,1,,,,,
1,1.2,4018,4,2,1,559,4,30,1,1,1,0,5,0,0,5,1,1,0,0,3,3
1,1.1,4018,5,1,1,559,5,30,1,1,3,0,5,0,0,0,1,,,,,
1,1.1,4021,3,1,1,8534,2,30,1,5,0,0,5,0,0,0,2,,,,,
1,1.1,4021,4,2,1,8534,3,30,1,1,3,0,5,0,0,0,0,,,,,
1,1.1,4027,4,1,1,1931,4,30,1,5,0,0,5,0,0,5,2,,,,,
1,1.1,4027,5,2,1,1931,5,30,1,5,0,0,5,0,0,0,2,,,,,
1,1.1,4035,3,1,1,763,3,30,1,5,0,0,5,0,0,0,2,,,,,
1,1.1,4035,30,1,2,763,4,30,1,0,0,0,0,0,0,0,2,,,,,
1,1.1,4036,3,1,1,463,3,30,1,0,0,0,0,0,0,0,5,,,,,
1,1.1,4037,3,2,1,2756,3,30,1,1,2,0,1,5,0,0,1,,,,,
1,1.1,4043,3,1,1,3660,3,30,1,1,3,0,5,0,0,0,0,,,,,
1,1.1,4043,4,1,1,3660,4,30,1,1,2,0,5,0,0,0,0,,,,,
1,1.2,4052,3,1,1,1066,3,30,1,1,5,0,1,1,0,0,1,1,4.45,5,6,6
1,1.2,4052,4,2,1,1066,4,30,1,1,1,0,5,0,5,0,1,1,4.5,5,6,6
1,1.1,4053,3,1,1,4247,2,30,1,5,0,0,5,0,5,0,2,,,,,
1,1.1,4053,4,1,1,4247,3,30,1,0,0,0,0,0,0,0,2,,,,,
1,1.1,4060,4,2,1,403,3,30,1,5,0,0,1,1,0,0,1,,,,,
1,1.2,4062,2,1,1,334,2,30,1,1,1,5,5,0,0,0,1,1,3.6,4,7,7
1,1.2,4062,3,2,1,334,3,30,1,5,0,5,5,0,5,0,1,1,0,0,7,7
1,1.1,4064,3,2,1,1855,3,30,1,1,5,5,1,1,5,0,1,,,,,
1,1.1,4064,4,2,1,1855,4,30,1,1,3,5,1,1,5,0,1,,,,,
1,1.1,4070,3,1,1,1790,3,30,1,1,5,0,1,1,0,0,4,,,,,
1,1.1,4070,4,1,1,1790,4,30,1,1,5,0,1,1,0,0,4,,,,,
1,1.2,4073,3,2,1,621,3,30,1,1,5,0,5,0,0,0,5,1,0,0,7,6
1,1.1,4073,4,2,1,621,4,30,1,0,0,0,0,0,0,0,0,,,,,
1,1.1,4074,3,1,1,977,3,30,1,5,0,5,5,0,0,0,1,,,,,
1,1.2,4077,3,1,1,928,3,30,1,5,0,0,1,1,0,0,1,1,0,0,6,6
1,1.1,4081,3,1,1,8575,3,30,1,1,5,0,5,0,0,0,2,,,,,
1,1.1,4083,3,2,1,703,3,30,1,1,3,0,5,0,0,5,2,,,,,
1,1.1,4091,3,1,1,1086,3,30,1,5,0,0,5,0,0,0,3,,,,,
1,1.1,4091,4,1,1,1086,4,30,1,1,4,0,5,0,0,0,2,,,,,
1,1.1,4094,3,1,1,804,3,30,1,0,0,0,0,0,0,0,0,,,,,
1,1.1,4094,4,1,1,804,4,30,1,5,0,0,5,0,0,0,0,,,,,
1,1.1,4097,3,2,1,60,3,30,1,1,6,0,1,1,0,0,2,,,,,
1,1.1,4097,4,1,1,60,4,30,1,1,2,0,5,0,0,5,2,,,,,
1,1.1,4097,5,2,1,60,5,30,1,0,0,0,0,0,0,0,2,,,,,
1,1.2,4098,3,1,1,94,3,30,1,1,1,0,5,0,0,0,5,1,0,0,0,0
1,1.1,4098,4,1,1,94,4,30,1,5,0,0,5,0,0,0,5,,,,,
1,1.1,4098,5,2,1,94,5,30,1,0,0,0,0,0,0,0,5,,,,,
1,1.2,4100,3,1,1,798,3,30,1,5,0,5,5,0,0,5,2,1,2.1,98,2,2
1,1.2,4100,4,2,1,798,4,30,1,5,0,5,1,1,0,5,2,1,3.2,4,7,6
1,1.2,4100,5,2,1,798,5,30,1,5,0,5,5,0,0,5,1,1,0,0,0,0
1,1.1,4101,2,1,1,799,2,30,1,1,5,0,1,1,0,0,2,,,,,
1,1.1,4104,3,2,1,721,3,30,1,5,0,0,5,0,0,5,2,,,,,
1,1.2,4104,4,1,1,721,4,30,1,5,0,0,5,0,0,0,1,1,0,0,0,0
1,1.2,4105,3,2,1,48,3,30,1,1,6,5,1,1,0,0,2,1,3.4,4.5,6,5
1,1.2,4105,4,1,1,48,4,30,1,1,6,5,1,1,0,0,1,1,0,0,7,6
1,1.2,4108,6,2,1,1703,6,60,1,1,3,0,1,1,0,0,1,1,998,98,6,3
1,1.1,4111,3,1,1,1081,3,30,1,5,0,5,5,0,5,0,5,,,,,
1,1.1,4111,4,1,1,1081,4,30,1,5,0,0,5,0,5,0,5,,,,,
1,1.1,4111,5,2,1,1081,5,30,1,0,0,0,0,0,0,0,5,,,,,
1,1.1,4125,9,1,1,4387,6,30,1,5,0,0,5,0,0,0,2,,,,,
1,1.2,4130,3,1,1,8891,3,30,1,1,2,5,1,1,0,5,1,1,998,98,99,2
1,1.1,4130,4,1,1,8891,4,30,1,5,0,5,5,0,0,0,1,,,,,
1,1.1,4132,3,1,1,432,3,30,1,1,6,0,1,1,0,0,4,,,,,
1,1.1,4132,4,2,1,432,4,30,1,1,6,0,1,1,0,0,4,,,,,
1,1.1,4133,3,1,1,969,3,30,1,5,0,5,5,0,5,0,3,,,,,
1,1.1,4134,3,2,1,5206,3,30,1,0,0,0,0,0,0,0,1,,,,,
1,1.1,4134,4,1,1,5206,4,30,1,5,0,0,5,0,0,0,1,,,,,
1,1.2,4137,6,1,1,894,6,30,1,1,5,0,1,1,0,5,5,1,3.69,4,6,6
1,1.2,4137,7,2,1,894,7,30,1,1,5,0,1,5,0,5,3,1,0,0,6,6
1,1.1,4137,8,1,1,894,8,30,1,0,0,0,0,0,0,0,5,,,,,
1,1.1,4144,2,2,1,588,2,30,1,5,0,0,5,0,0,0,5,,,,,
1,1.1,4144,3,1,1,588,3,30,1,5,0,0,5,0,0,0,5,,,,,
1,1.1,4144,4,1,1,588,4,30,1,5,0,0,5,0,0,0,5,,,,,
1,1.1,4149,6,1,1,4868,5,30,1,5,0,0,5,0,0,0,0,,,,,
1,1.1,4149,7,1,1,4868,6,30,1,1,5,0,5,0,0,1,2,,,,,
1,1.1,4149,8,1,1,4868,7,30,1,0,0,0,0,0,0,0,0,,,,,
1,1.1,4155,3,1,1,1072,3,30,1,5,0,0,5,0,0,0,1,,,,,
1,1.2,4162,4,2,1,7659,4,33,1,5,0,0,5,0,0,0,1,1,3.6,4,6,6
1,1.1,4162,5,2,1,7659,5,30,1,5,0,0,5,0,0,0,2,,,,,
1,1.1,4162,30,1,2,7659,6,30,1,0,0,0,0,0,0,0,0,,,,,
1,1.1,4168,2,1,1,7672,2,30,1,5,0,0,5,0,0,0,5,,,,,
1,1.1,4172,4,1,1,4354,4,33,1,5,0,0,5,0,0,5,1,,,,,
1,1.2,4173,4,1,1,6455,4,30,1,1,6,0,5,0,0,0,1,1,2.7,4,3,5
1,1.1,4174,3,1,1,1813,3,30,1,5,0,0,5,0,0,5,5,,,,,
1,1.1,4174,4,1,1,1813,4,30,1,0,0,0,0,0,0,0,5,,,,,
1,1.1,4183,3,1,1,3167,3,30,1,1,3,0,1,5,5,0,2,,,,,
1,1.1,4183,30,1,2,3167,4,30,1,0,0,0,0,0,0,0,2,,,,,
1,1.1,4187,3,1,1,8413,3,30,1,5,0,0,5,0,0,0,1,,,,,
1,1.1,4187,4,1,1,8413,4,30,1,5,0,0,5,0,0,0,1,,,,,
1,1.1,4191,3,1,1,9121,3,30,1,1,6,0,1,1,0,0,2,,,,,
1,1.1,4194,3,2,1,892,3,30,1,1,2,0,1,1,0,0,2,,,,,
1,1.1,4195,2,1,1,8695,3,30,1,5,0,0,5,0,0,0,2,,,,,
1,1.1,4195,3,1,1,8695,4,30,1,0,0,0,0,0,0,0,0,,,,,
1,1.1,4203,5,2,1,8418,5,30,1,5,0,0,5,0,0,0,1,,,,,
1,1.1,4203,6,1,1,8418,6,30,1,5,0,0,5,0,0,0,1,,,,,
1,1.1,4203,7,2,1,8418,7,30,1,1,5,0,5,0,0,0,1,,,,,
1,1.1,4204,3,1,1,1094,3,30,1,5,0,0,5,0,0,0,5,,,,,
1,1.1,4204,4,2,1,1094,4,30,1,0,0,0,0,0,0,0,5,,,,,
1,1.1,4214,3,1,1,607,3,30,1,5,0,0,5,0,0,0,1,,,,,
1,1.1,4214,4,2,1,607,4,30,1,5,0,0,5,0,0,0,1,,,,,
1,1.2,4234,3,2,1,422,3,33,1,5,0,5,5,0,5,0,2,1,0,0,3,3
1,1.1,4250,5,2,1,662,4,30,1,5,0,0,1,1,0,0,1,,,,,
1,1.1,4253,3,2,1,667,3,30,1,5,0,0,5,0,0,0,2,,,,,
1,1.2,4253,4,2,1,667,4,30,1,5,0,0,5,0,0,0,2,1,0,0,3,2
1,1.1,4253,5,2,1,667,5,30,1,5,0,0,5,0,0,0,2,,,,,
1,1.1,4255,4,1,1,8373,4,30,1,1,5,5,5,0,0,5,2,,,,,
1,1.1,4260,3,2,1,5658,3,30,1,5,0,0,1,5,0,0,1,,,,,
1,1.1,4260,4,2,1,5658,4,30,1,5,0,0,5,0,0,0,1,,,,,
1,1.2,4261,4,2,1,4194,3,30,1,5,0,0,5,0,0,0,1,1,3.5,6,7,7
1,1.2,4265,5,1,1,1719,5,60,1,1,2,0,5,0,0,0,1,1,2.7,4,6,6
1,1.1,4265,6,2,1,1719,6,60,1,5,0,5,5,0,0,0,1,,,,,
1,1.1,4265,7,1,1,1719,7,60,1,0,0,0,0,0,0,0,0,,,,,
1,1.1,4267,3,2,1,601,3,30,1,0,0,0,0,0,0,0,2,,,,,
1,1.1,4277,4,1,1,408,3,30,1,1,4,0,5,0,0,5,3,,,,,
1,1.1,4278,3,2,1,152,3,30,1,0,0,0,0,0,0,0,2,,,,,
1,1.1,4280,30,1,2,695,3,30,1,0,0,0,0,0,0,0,5,,,,,
1,1.1,4283,3,1,1,191,3,30,1,5,0,0,1,5,0,0,5,,,,,
1,1.1,4283,4,1,1,191,4,30,1,0,0,0,0,0,0,0,0,,,,,
1,1.1,4286,3,2,1,84,3,30,1,1,5,5,1,1,0,0,2,,,,,
1,1.1,4286,4,1,1,84,4,30,1,1,6,5,1,1,0,0,1,,,,,
1,1.1,4290,3,2,1,485,3,30,1,1,2,0,5,0,5,0,4,,,,,
1,1.1,4290,4,1,1,485,4,30,1,1,2,0,5,0,0,0,3,,,,,
1,1.2,4291,3,2,1,860,3,30,1,5,0,0,5,0,0,5,0,1,0,0,2,2
1,1.1,4291,4,2,1,860,4,30,1,5,0,0,5,0,0,5,0,,,,,
1,1.1,4292,6,2,1,1664,5,60,1,5,0,5,5,0,0,0,2,,,,,
1,1.1,4292,7,1,1,1664,6,60,1,5,0,5,5,0,0,0,2,,,,,
1,1.1,4300,3,2,1,445,3,30,1,1,1,0,5,0,0,0,2,,,,,
1,1.1,4300,4,2,1,445,4,30,1,0,0,0,0,0,0,0,1,,,,,
1,1.1,4301,3,1,1,856,3,30,1,1,3,0,5,0,0,0,5,,,,,
1,1.1,4302,3,1,1,1768,3,30,1,1,2,5,5,0,0,0,2,,,,,
1,1.1,4302,4,1,1,1768,4,30,1,1,2,0,5,0,0,0,1,,,,,
1,1.1,4302,5,2,1,1768,5,30,1,1,3,0,5,0,0,5,3,,,,,
1,1.1,4305,2,2,1,507,2,30,1,0,0,0,0,0,0,0,5,,,,,
1,1.1,4310,4,2,1,596,4,30,1,5,0,0,5,0,0,0,4,,,,,
1,1.2,4312,3,1,1,132,3,30,1,1,1,5,5,0,0,0,1,1,3,5,6,5
1,1.1,4315,4,1,1,1027,4,30,1,1,5,0,5,0,0,0,5,,,,,
1,1.1,4315,5,1,1,1027,5,30,1,1,5,0,5,0,0,5,5,,,,,
1,1.1,4315,30,1,2,1027,6,30,1,0,0,0,0,0,0,0,5,,,,,
1,1.1,4321,3,2,1,8540,3,30,1,1,3,5,5,0,0,5,2,,,,,
1,1.1,4321,4,1,1,8540,4,30,1,5,0,0,5,0,0,0,1,,,,,
1,1.1,4321,5,1,1,8540,5,30,1,5,0,0,5,0,0,0,0,,,,,
1,1.2,4322,5,1,1,8432,5,30,1,5,0,0,5,0,0,0,5,1,998,98,6,6
1,1.2,4322,6,1,1,8432,6,30,1,5,0,0,5,0,0,0,5,1,0,0,5,3
1,1.1,4322,7,1,1,8432,7,30,1,5,0,0,5,0,0,0,0,,,,,
1,1.2,4323,6,2,1,6787,5,30,1,1,3,0,5,0,0,0,3,1,3.5,5,7,7
1,1.1,4323,7,1,1,6787,6,30,1,1,1,0,5,0,0,0,2,,,,,
1,1.2,4325,2,2,1,997,2,30,1,5,0,5,5,0,0,0,2,1,0,0,0,0
1,1.2,4342,8,2,1,1518,3,30,1,5,0,0,5,0,0,0,2,1,997,98,3,2
1,1.2,4342,9,1,1,1518,4,30,1,5,0,0,5,0,0,0,5,1,3.7,4,2,2
1,1.1,4344,3,1,1,7381,2,30,1,5,0,0,5,0,0,0,4,,,,,
1,1.1,4353,3,2,1,653,3,30,1,1,6,0,1,1,5,5,2,,,,,
1,1.1,4353,4,1,1,653,4,30,1,1,6,0,1,1,5,5,5,,,,,
1,1.1,4354,8,2,1,7815,3,30,1,0,0,0,0,0,0,0,2,,,,,
1,1.1,4360,3,2,1,8820,3,30,1,1,5,0,1,1,0,0,2,,,,,
1,1.2,4360,6,1,1,8820,6,30,1,5,0,0,5,0,0,0,1,1,2.9,4,2,2
1,1.1,4369,3,2,1,1816,3,30,1,0,0,0,0,0,0,0,3,,,,,
1,1.2,4369,5,2,1,1816,5,30,1,5,0,0,5,0,0,0,1,1,997,4,3,3
1,1.1,4369,6,1,1,1816,6,30,1,5,0,0,5,0,0,0,3,,,,,
1,1.1,4371,3,1,1,1902,3,30,1,1,3,0,1,1,0,0,1,,,,,
1,1.1,4371,4,1,1,1902,4,30,1,1,2,0,1,1,0,0,1,,,,,
1,1.2,4372,3,2,1,891,3,30,1,5,0,0,5,0,0,5,1,1,4,4,6,6
1,1.2,4372,4,1,1,891,4,30,1,5,0,0,5,0,5,0,1,1,998,4,6,2
1,1.1,4376,5,1,1,6249,6,70,1,0,0,0,0,0,0,0,2,,,,,
1,1.1,4376,6,2,1,6249,5,70,1,1,4,0,1,1,0,0,2,,,,,
1,1.1,4377,4,2,1,1622,4,30,1,5,0,0,5,0,0,0,1,,,,,
1,1.1,4377,5,2,1,1622,5,30,1,0,0,0,0,0,0,0,3,,,,,
1,1.1,4381,3,2,1,1758,3,30,1,0,0,0,0,0,0,0,2,,,,,
1,1.1,4385,3,2,1,6078,2,30,1,0,0,0,0,0,0,0,1,,,,,
1,1.2,4386,2,1,1,619,2,30,1,1,1,0,5,0,0,0,1,1,998,4,6,6
1,1.1,4394,3,1,1,956,3,30,1,1,2,0,5,0,0,0,1,,,,,
1,1.1,4394,4,2,1,956,4,30,1,5,0,5,5,0,0,0,1,,,,,
1,1.1,4400,3,2,1,946,3,33,1,1,5,0,1,1,0,0,1,,,,,
1,1.1,4400,30,1,2,946,4,30,1,0,0,0,0,0,0,0,2,,,,,
1,1.1,4411,4,2,1,1036,4,30,1,1,3,0,5,0,0,0,2,,,,,
1,1.1,4411,5,2,1,1036,5,30,1,1,5,0,1,1,0,5,2,,,,,
1,1.1,4418,10,1,1,8531,3,30,1,5,0,0,5,0,0,0,2,,,,,
1,1.1,4427,6,2,1,8821,3,30,1,0,0,0,0,0,0,0,2,,,,,
1,1.1,4429,3,1,1,6734,3,30,1,1,4,0,1,5,0,0,2,,,,,
1,1.1,4429,4,1,1,6734,4,30,1,1,4,0,5,0,0,0,1,,,,,
1,1.1,4435,2,1,1,1741,2,30,1,5,0,0,5,0,0,0,0,,,,,
1,1.2,4435,3,2,1,1741,3,30,1,5,0,0,5,0,0,0,3,1,0,0,6,2
1,1.1,4448,7,2,1,8970,6,30,1,0,0,0,0,0,0,0,0,,,,,
1,1.1,4700,3,2,1,1038,3,30,1,0,0,0,0,0,0,0,5,,,,,
1,1.1,4700,4,2,1,1038,4,30,1,0,0,0,0,0,0,0,4,,,,,
1,1.2,4718,3,1,1,1829,3,30,1,1,5,0,5,0,0,0,3,1,2.8,4,6,6
1,1.2,4718,4,2,1,1829,4,30,1,1,4,5,1,1,0,0,2,1,0,0,3,2
1,1.2,4776,5,1,1,1782,5,30,1,1,3,0,5,0,0,5,3,1,0,0,6,6
1,1.2,4783,3,2,1,1875,3,30,1,1,1,0,5,0,0,0,2,1,3,4,7,6
1,1.2,4797,3,1,1,617,3,30,1,1,5,0,1,1,0,0,2,1,0,0,6,6
1,1.1,4797,4,2,1,617,4,30,1,1,3,0,1,1,0,0,2,,,,,
1,1.2,4833,3,1,1,1671,3,30,1,1,5,0,1,5,0,0,2,1,0,0,6,6
1,1.1,4833,4,2,1,1671,4,30,1,1,5,0,5,0,0,0,2,,,,,
1,1.1,4833,5,1,1,1671,5,30,1,0,0,0,0,0,0,0,0,,,,,
1,1.2,4839,5,2,1,1032,5,30,1,5,0,5,5,0,0,0,1,1,3.2,4,5,7
1,1.1,4839,6,2,1,1032,6,30,1,1,5,0,5,0,0,0,4,,,,,
1,1.1,4839,7,2,1,1032,7,30,1,1,3,0,5,0,0,0,3,,,,,
1,1.1,5012,53,2,2,4001,3,30,1,5,0,5,5,0,0,0,2,,,,,
1,1.1,5012,55,2,2,7967,5,30,1,5,0,5,5,0,0,0,1,,,,,
1,1.1,5012,60,2,2,7967,6,30,1,5,0,0,5,0,0,0,1,,,,,
1,1.1,5012,62,2,2,4001,4,30,1,5,0,0,5,0,0,0,0,,,,,
1,1.1,5012,63,1,2,7967,7,30,1,5,0,5,5,0,0,0,1,,,,,
1,1.2,5014,43,1,2,6510,3,33,1,5,0,0,5,0,0,0,1,1,3.2,4,3,6
1,1.2,5014,44,2,2,6510,4,33,1,5,0,0,5,0,0,0,1,1,3.5,4.5,7,7
1,1.1,5014,45,1,2,2239,3,30,1,1,6,0,1,1,0,0,1,,,,,
1,1.1,5014,46,1,2,5878,2,30,1,5,0,0,5,0,0,0,3,,,,,
1,1.1,5018,40,1,2,5771,4,30,1,5,0,0,5,0,0,0,1,,,,,
1,1.1,5026,36,1,2,1452,2,30,1,1,4,0,1,1,0,0,1,,,,,
1,1.1,5031,63,2,2,7613,2,30,1,0,0,0,0,0,0,0,2,,,,,
1,1.1,5031,195,2,3,4288,3,30,1,0,0,0,0,0,0,0,1,,,,,
1,1.1,5034,47,1,2,3551,3,30,1,1,3,5,5,0,0,0,2,,,,,
1,1.1,5035,33,2,2,4586,2,30,1,5,0,5,5,0,0,0,1,,,,,
1,1.2,5037,39,1,2,2320,3,30,1,5,0,5,5,0,0,0,1,1,3.2,4,6,6
1,1.1,5040,37,1,2,4303,2,30,1,5,0,0,5,0,0,0,0,,,,,
1,1.1,5045,38,1,2,4547,2,30,1,5,0,0,5,0,0,0,2,,,,,
1,1.1,5045,39,1,2,4547,3,30,1,0,0,0,0,0,0,0,1,,,,,
1,1.2,5045,189,2,3,3092,3,30,1,5,0,0,5,0,0,0,1,1,0,0,6,6
1,1.2,5045,190,2,3,3092,4,30,1,5,0,0,5,0,0,0,1,1,0,0,6,6
1,1.2,5048,54,1,2,2347,3,30,1,5,0,0,5,0,0,0,1,1,998,4,2,2
1,1.2,5048,55,2,2,3332,2,30,1,5,0,0,5,0,0,0,1,1,0,0,8,6
1,1.2,5048,56,2,2,2347,4,30,1,5,0,0,5,0,0,0,5,1,998,4,2,2
1,1.1,5048,58,2,2,5295,3,33,1,1,5,5,1,1,0,0,1,,,,,
1,1.1,5048,59,2,2,3332,3,30,1,5,0,0,5,0,0,0,1,,,,,
1,1.1,5048,60,1,2,2347,5,30,1,5,0,0,5,0,0,0,5,,,,,
1,1.1,5048,62,1,2,3332,4,30,1,5,0,0,5,0,0,0,5,,,,,
1,1.1,5048,63,2,2,8360,2,30,1,1,5,0,1,1,0,0,1,,,,,
1,1.1,5048,64,1,2,8360,3,30,1,1,1,0,5,0,0,0,0,,,,,
1,1.1,5048,65,1,2,8360,4,30,1,1,3,5,5,0,0,0,1,,,,,
1,1.1,5048,67,2,2,4289,2,30,1,0,0,0,0,0,0,0,2,,,,,
1,1.1,5048,69,1,2,5295,4,30,1,0,0,0,0,0,0,0,2,,,,,
1,1.2,5048,182,1,3,5016,2,30,1,5,0,0,5,0,0,0,3,1,997,4,3,2
1,1.2,5052,66,2,2,6492,2,30,1,5,0,0,5,0,0,0,1,1,2.7,4,2,2
1,1.1,5052,75,1,2,6492,3,30,1,0,0,0,0,0,0,0,5,,,,,
1,1.2,5054,35,1,2,1365,2,30,1,1,2,0,5,0,0,0,2,1,0,0,6,6
1,1.1,5054,36,1,2,1365,3,30,1,1,3,0,1,1,0,0,2,,,,,
1,1.2,5055,53,1,2,4325,3,30,1,1,3,0,5,0,0,0,4,1,998,4,6,6
1,1.2,5055,56,1,2,4325,4,30,1,1,3,0,5,0,0,0,4,1,998,4,2,2
1,1.1,5055,58,2,2,4015,4,30,1,5,0,5,5,0,0,0,2,,,,,
1,1.1,5055,67,2,2,4015,5,30,1,5,0,0,5,0,0,0,4,,,,,
1,1.2,5055,193,1,3,4015,3,30,1,5,0,0,5,0,0,0,2,1,3.2,5,6,6
1,1.2,5057,48,2,2,3226,2,30,1,1,1,5,5,0,0,0,1,1,998,98,3,3
1,1.2,5057,49,1,2,3168,2,30,1,5,0,0,5,0,0,0,1,1,3,4,2,7
1,1.2,5057,50,1,2,2928,3,35,1,5,0,0,5,0,0,0,4,1,998,4,6,3
1,1.2,5057,51,2,2,2928,4,35,1,5,0,0,5,0,0,0,5,1,0,0,6,6
1,1.2,5057,52,2,2,3168,3,30,1,5,0,0,5,0,0,0,1,1,0,0,6,2
1,1.1,5057,56,2,2,4073,3,30,1,5,0,0,5,0,0,0,5,,,,,
1,1.1,5057,57,2,2,3168,5,30,1,0,0,0,0,0,0,0,5,,,,,
1,1.1,5057,59,2,2,7108,2,30,1,0,0,0,0,0,0,0,2,,,,,
1,1.1,5065,53,2,2,3474,2,30,1,5,0,0,5,0,0,0,1,,,,,
1,1.1,5065,57,2,2,3432,3,30,1,5,0,0,5,0,0,0,1,,,,,
1,1.1,5065,59,2,2,3432,4,30,1,5,0,0,1,5,0,0,1,,,,,
1,1.1,5065,60,1,2,7228,2,30,1,5,0,5,5,0,0,0,5,,,,,
1,1.1,5065,61,1,2,6151,3,30,1,5,0,0,1,1,0,0,1,,,,,
1,1.1,5065,63,1,2,2858,3,60,1,0,0,0,0,0,0,0,2,,,,,
1,1.1,5065,64,2,2,6151,4,30,1,0,0,0,0,0,0,0,2,,,,,
1,1.1,5065,65,1,2,3432,5,30,1,0,0,0,0,0,0,0,0,,,,,
1,1.1,5065,66,2,2,2858,4,60,1,0,0,0,0,0,0,0,2,,,,,
1,1.2,5066,46,2,2,6400,2,30,1,5,0,0,5,0,5,0,1,1,2.6,4,7,7
1,1.1,5066,50,1,2,4397,4,30,1,0,0,0,0,0,0,0,5,,,,,
1,1.1,5066,191,2,3,6216,2,30,1,5,0,0,5,0,0,0,4,,,,,
1,1.2,5067,37,2,2,2581,2,30,1,1,5,0,5,0,0,0,1,1,4.28,98,6,6
1,1.2,5067,38,1,2,2238,3,35,1,1,1,5,5,0,0,0,2,1,0,0,2,2
1,1.1,5067,39,2,2,7695,3,33,1,5,0,0,1,5,0,0,2,,,,,
1,1.2,5069,42,2,2,6436,4,30,1,5,0,0,5,0,0,0,2,1,2.3,4,6,6
1,1.2,5069,44,2,2,6436,5,30,1,5,0,5,5,0,0,0,2,1,0,0,2,5
1,1.1,5069,47,1,2,6436,6,30,1,5,0,5,5,0,0,0,2,,,,,
1,1.1,5071,39,1,2,4588,2,30,1,5,0,5,5,0,0,0,4,,,,,
1,1.1,5071,40,1,2,4588,3,30,1,1,4,0,5,0,0,0,4,,,,,
1,1.1,5071,41,1,2,4588,4,30,1,5,0,0,5,0,0,0,5,,,,,
1,1.1,5085,33,1,2,6738,3,30,1,1,2,0,5,0,0,0,2,,,,,
1,1.1,5085,34,2,2,6738,4,30,1,0,0,0,0,0,0,0,2,,,,,
1,1.1,5133,36,1,2,867,4,30,1,1,4,0,5,0,0,0,2,,,,,
1,1.1,5133,37,1,2,687,3,30,1,0,0,0,0,0,0,0,4,,,,,
1,1.1,5136,50,2,2,4917,2,30,1,5,0,0,5,0,0,0,2,,,,,
1,1.1,5136,51,1,2,4917,3,30,1,5,0,0,1,5,0,0,2,,,,,
1,1.1,5136,52,1,2,4917,4,30,1,5,0,0,1,5,0,5,2,,,,,
1,1.1,5142,36,2,2,4385,3,30,1,1,1,5,1,5,0,0,1,,,,,
1,1.1,5142,38,1,2,4385,4,30,1,0,0,0,0,0,0,0,0,,,,,
1,1.2,5154,52,1,2,2158,5,30,1,5,0,0,5,0,0,0,1,1,1,5,8,2
1,1.1,5154,61,1,2,4934,3,30,1,0,0,0,0,0,0,0,2,,,,,
1,1.1,5154,62,2,2,4934,4,30,1,0,0,0,0,0,0,0,1,,,,,
1,1.1,5161,36,2,2,7674,3,30,1,5,0,0,5,0,0,0,1,,,,,
1,1.2,5170,46,2,2,2028,3,35,1,1,1,0,1,5,0,1,1,1,3.7,5,6,6
1,1.1,5171,33,2,2,566,3,30,1,1,5,0,1,5,0,0,1,,,,,
1,1.1,5171,34,2,2,566,4,30,1,1,5,0,1,5,0,0,1,,,,,
1,1.2,5177,38,2,2,3024,3,30,1,5,0,5,5,0,0,0,1,1,2.5,4,4,4
1,1.2,5182,54,2,2,5246,2,30,1,1,1,0,1,1,0,0,1,1,998,98,2,98
1,1.2,5182,56,2,2,3845,3,33,1,5,0,0,5,0,0,1,1,1,0,0,0,0
1,1.1,5182,57,2,2,3845,4,33,1,5,0,0,5,0,0,1,1,,,,,
1,1.1,5182,58,1,2,3969,3,30,1,5,0,0,5,0,0,0,2,,,,,
1,1.1,5182,59,1,2,3845,5,33,1,1,4,5,5,0,0,0,0,,,,,
1,1.1,5215,37,1,2,6616,4,30,1,5,0,0,5,0,0,0,4,,,,,
1,1.1,5219,36,2,2,1647,2,60,1,5,0,0,5,0,0,0,0,,,,,
1,1.1,5219,37,2,2,1397,2,30,1,1,6,0,5,0,0,0,1,,,,,
1,1.1,5219,38,1,2,1397,3,30,1,5,0,0,5,0,0,0,1,,,,,
1,1.2,5230,50,2,2,3781,3,30,1,5,0,0,5,0,0,0,3,1,4.5,4.5,6,6
1,1.2,5241,34,1,2,8149,4,33,1,5,0,0,5,0,0,0,3,1,998,98,99,2
1,1.1,5241,35,2,2,8149,5,30,1,5,0,5,5,0,0,5,3,,,,,
1,1.1,5241,36,1,2,5819,3,30,1,0,0,0,0,0,0,0,5,,,,,
1,1.1,5241,37,2,2,5819,4,30,1,0,0,0,0,0,0,0,5,,,,,
1,1.1,5241,38,2,2,8149,6,30,1,0,0,0,0,0,0,0,3,,,,,
1,1.2,5274,37,1,2,2632,3,30,1,5,0,0,5,0,0,0,1,1,998,98,2,2
1,1.1,5274,38,1,2,8157,2,30,1,5,0,0,5,0,0,0,2,,,,,
1,1.2,5274,39,2,2,2632,4,30,1,5,0,0,5,0,0,0,1,1,998,98,4,2
1,1.1,5274,40,1,2,8157,3,30,1,5,0,0,5,0,0,0,2,,,,,
1,1.1,5274,41,1,2,8157,4,30,1,5,0,0,5,0,0,0,2,,,,,
1,1.1,5274,45,2,2,2632,6,30,1,0,0,0,0,0,0,0,1,,,,,
1,1.1,5290,41,1,2,3101,4,30,1,0,0,0,0,0,0,0,2,,,,,
1,1.1,5290,206,2,3,2822,3,30,1,5,0,0,1,5,0,0,5,,,,,
1,1.1,5294,37,1,2,5994,4,30,1,0,0,0,0,0,0,0,5,,,,,
1,1.1,5294,177,1,3,5994,3,30,1,1,6,0,1,1,0,0,5,,,,,
1,1.2,5299,67,2,2,6362,4,60,1,5,0,0,5,0,0,0,5,1,3.2,4,6,6
1,1.2,5299,69,2,2,6032,2,30,1,5,0,0,5,0,0,0,3,1,4,4,7,7
1,1.2,5299,70,2,2,5782,2,30,1,1,2,0,5,0,0,0,2,1,3.9,4,6,6
1,1.2,5299,71,1,2,6277,3,35,1,5,0,0,5,0,0,0,2,1,3.8,5,6,6
1,1.2,5299,73,1,2,6594,3,30,1,5,0,5,5,0,0,0,1,1,3.3,4,6,6
1,1.2,5299,74,1,2,5759,3,30,1,5,0,5,1,5,0,0,1,1,0,0,6,5
1,1.2,5299,76,2,2,5782,4,30,1,1,3,0,5,0,0,5,4,1,0,0,6,2
1,1.2,5299,77,2,2,3182,3,30,1,5,0,0,5,0,0,5,3,1,0,0,7,6
1,1.2,5299,78,2,2,7263,2,30,1,1,5,5,5,0,0,0,3,1,0,0,4,7
1,1.2,5299,79,1,2,6277,4,35,1,5,0,0,5,0,0,0,1,1,0,0,6,6
1,1.2,5299,80,1,2,6181,4,30,1,5,0,0,5,0,0,0,2,1,0,0,2,2
1,1.1,5299,82,1,2,5782,5,30,1,1,2,0,5,0,0,0,3,,,,,
1,1.1,5299,83,2,2,7263,3,30,1,1,3,5,5,0,0,0,2,,,,,
1,1.1,5299,84,2,2,7263,4,30,1,5,0,0,5,0,0,0,1,,,,,
1,1.1,5299,86,2,2,6181,5,30,1,5,0,0,5,0,0,0,2,,,,,
1,1.1,5299,87,2,2,6181,6,30,1,5,0,0,5,0,0,0,2,,,,,
1,1.1,5299,89,2,2,5759,5,30,1,5,0,5,5,0,0,0,1,,,,,
1,1.1,5299,93,1,2,5759,6,30,1,0,0,0,0,0,0,0,3,,,,,
1,1.1,5299,94,2,2,3222,3,70,1,5,0,0,5,0,0,0,5,,,,,
1,1.1,5299,95,2,2,6277,6,30,1,0,0,0,0,0,0,0,1,,,,,
1,1.2,5305,39,1,2,4317,3,30,1,5,0,0,5,0,0,0,1,1,998,98,3,3
1,1.1,5306,35,1,2,7925,3,30,1,5,0,0,5,0,0,0,5,,,,,
1,1.1,5308,34,1,2,5009,3,30,1,5,0,5,1,1,0,5,2,,,,,
1,1.1,5308,35,2,2,5009,4,30,1,5,0,5,5,0,0,5,2,,,,,
1,1.1,5308,36,1,2,5009,5,30,1,5,0,5,5,0,0,5,2,,,,,
1,1.2,5314,42,1,2,1573,3,33,1,5,0,5,5,0,0,0,1,1,0.8,6,6,6
1,1.2,5314,43,2,2,1375,2,30,1,5,0,0,5,0,0,0,1,1,0,0,3,3
1,1.2,5314,44,1,2,1304,3,30,1,5,0,5,5,0,5,0,1,1,3.7,4,6,5
1,1.1,5314,45,1,2,1304,4,30,1,5,0,5,5,0,0,0,2,,,,,
1,1.1,5314,46,1,2,1304,5,30,1,5,0,0,5,0,0,0,1,,,,,
1,1.1,5314,47,1,2,1375,3,60,1,0,0,0,0,0,0,0,0,,,,,
1,1.1,5314,49,2,2,1938,2,30,1,0,0,0,0,0,0,0,1,,,,,
1,1.1,5315,39,2,2,7158,4,30,1,5,0,0,5,0,0,0,2,,,,,
1,1.1,5315,42,2,2,7158,5,30,1,5,0,5,5,0,0,0,1,,,,,
1,1.1,5332,48,1,2,4344,4,30,1,1,4,0,5,0,0,0,1,,,,,
1,1.1,5350,46,2,2,2898,2,60,1,5,0,0,1,5,0,0,5,,,,,
1,1.1,5350,47,2,2,2898,3,60,1,5,0,0,1,5,0,5,3,,,,,
1,1.2,5363,36,2,2,1333,2,30,1,1,1,0,5,0,0,0,1,1,3,4,7,6
1,1.2,5363,37,2,2,1333,3,30,1,1,6,0,1,1,0,0,1,1,0,0,6,5
1,1.1,5363,38,1,2,1882,2,30,1,1,3,0,5,0,0,0,1,,,,,
1,1.1,5366,55,2,2,3365,2,30,1,5,0,0,5,0,0,0,2,,,,,
1,1.1,5366,56,2,2,3365,3,30,1,5,0,0,5,0,0,0,0,,,,,
1,1.1,5366,57,1,2,3365,4,30,1,5,0,0,5,0,0,0,0,,,,,
1,1.2,5366,206,1,3,3174,3,33,1,1,2,0,5,0,0,0,1,1,998,98,5,6
1,1.2,5393,40,1,2,3900,2,30,1,1,4,0,5,0,0,0,1,1,3.2,4.9,6,6
1,1.2,5393,41,1,2,3900,3,30,1,1,4,0,5,0,0,0,1,1,1,4,2,2
1,1.1,5393,44,1,2,7216,2,30,1,0,0,0,0,0,0,0,0,,,,,
1,1.1,5396,36,1,2,1696,4,30,1,5,0,0,5,0,0,0,1,,,,,
1,1.1,5396,38,1,2,1696,6,30,1,5,0,0,5,0,0,0,2,,,,,
1,1.1,5396,179,1,3,1696,3,30,1,5,0,0,5,0,0,0,1,,,,,
1,1.2,5405,31,1,2,353,3,33,1,5,0,0,5,0,0,0,1,1,2.3,4,6,6
1,1.2,5405,32,2,2,353,4,33,1,5,0,0,5,0,0,0,1,1,2,4,7,2
1,1.1,5405,34,1,2,353,6,33,1,5,0,5,5,0,5,0,1,,,,,
1,1.1,5417,32,2,2,1615,4,60,1,1,3,0,5,0,0,0,2,,,,,
1,1.1,5424,35,1,2,5545,4,30,1,5,0,5,5,0,0,5,2,,,,,
1,1.1,5424,36,2,2,5545,5,30,1,0,0,0,0,0,0,0,4,,,,,
1,1.1,5429,38,2,2,448,2,30,1,5,0,0,5,0,0,0,3,,,,,
1,1.2,5430,71,1,2,8011,3,30,1,1,1,0,5,0,0,0,1,1,998,4,3,3
1,1.2,5430,72,1,2,6830,3,30,1,1,6,5,1,1,5,0,5,1,2.98,4,2,2
1,1.1,5430,81,2,2,3901,2,30,1,5,0,0,5,0,0,0,2,,,,,
1,1.1,5430,91,1,2,6830,4,30,1,5,0,0,5,0,0,0,5,,,,,
1,1.1,5430,94,1,2,5027,2,30,1,1,3,0,5,0,0,0,4,,,,,
1,1.1,5430,95,2,2,4415,2,30,1,0,0,0,0,0,0,0,5,,,,,
1,1.1,5441,32,1,2,7364,3,30,1,5,0,0,5,0,0,0,1,,,,,
1,1.1,5441,33,2,2,7364,4,30,1,0,0,0,0,0,0,0,5,,,,,
1,1.1,5441,34,2,2,7364,5,30,1,0,0,0,0,0,0,0,5,,,,,
1,1.1,5442,36,1,2,6937,3,30,1,1,1,0,5,0,0,0,5,,,,,
1,1.1,5442,39,2,2,6937,4,30,1,5,0,0,5,0,0,0,5,,,,,
1,1.2,5446,34,2,2,7566,3,30,1,5,0,0,5,0,0,0,1,1,2.8,98,6,7
1,1.1,5446,35,1,2,6202,2,30,1,5,0,0,5,0,0,0,2,,,,,
1,1.1,5446,173,1,3,7566,5,30,1,5,0,0,5,0,0,0,1,,,,,
1,1.1,5447,38,1,2,7748,2,30,1,1,1,0,5,0,0,0,2,,,,,
1,1.1,5447,39,1,2,7748,3,30,1,0,0,0,0,0,0,0,5,,,,,
1,1.1,5449,36,1,2,150,2,30,1,5,0,0,5,0,0,0,5,,,,,
1,1.2,5458,41,2,2,1587,3,30,1,5,0,0,5,0,0,0,2,1,997,4,6,3
1,1.2,5458,42,1,2,1587,4,30,1,5,0,0,5,0,0,0,3,1,0,0,0,0
1,1.1,5458,43,1,2,1499,2,70,1,5,0,0,5,0,0,0,2,,,,,
1,1.1,5459,36,2,2,6600,2,30,1,5,0,0,5,0,0,0,4,,,,,
1,1.1,5462,42,1,2,2666,2,30,1,0,0,0,0,0,0,0,1,,,,,
1,1.2,5463,46,2,2,2107,4,60,1,5,0,0,5,0,0,0,1,1,0,0,2,2
1,1.1,5463,47,1,2,2107,5,60,1,5,0,0,5,0,0,0,2,,,,,
1,1.1,5463,51,1,2,2107,6,60,1,5,0,0,5,0,0,0,2,,,,,
1,1.2,5464,46,2,2,7873,3,33,1,1,5,0,1,5,5,0,1,1,3.11,4,6,6
1,1.1,5464,47,1,2,3836,2,30,1,5,0,0,1,5,5,0,1,,,,,
1,1.1,5464,50,2,2,6550,2,30,1,5,0,0,5,0,5,0,3,,,,,
1,1.1,5464,51,1,2,8344,2,30,1,0,0,0,0,0,0,0,5,,,,,
1,1.1,5464,52,2,2,8344,3,30,1,0,0,0,0,0,0,0,5,,,,,
1,1.1,5476,174,1,3,7923,3,30,1,5,0,0,5,0,0,0,1,,,,,
1,1.1,5479,33,2,2,1820,2,30,1,1,5,5,5,0,5,0,5,,,,,
1,1.1,5491,35,2,2,1377,2,30,1,5,0,0,5,0,0,0,1,,,,,
1,1.1,5491,36,2,2,1411,2,30,1,0,0,0,0,0,0,0,5,,,,,
1,1.1,5491,181,2,3,1377,3,30,1,5,0,0,5,0,0,0,1,,,,,
1,1.2,5493,45,2,2,7328,4,33,1,5,0,0,5,0,0,0,5,1,4.2,4.5,6,5
1,1.2,5493,46,2,2,2442,2,30,1,5,0,0,1,1,0,0,1,1,5,6,6,6
1,1.1,5493,47,1,2,4189,2,30,1,5,0,0,5,0,0,0,5,,,,,
1,1.1,5493,48,2,2,2494,2,30,1,1,5,0,1,5,5,0,4,,,,,
1,1.1,5493,50,2,2,4189,3,30,1,5,0,0,5,0,0,0,2,,,,,
1,1.1,5493,52,2,2,4189,4,30,1,1,4,5,5,0,0,0,2,,,,,
1,1.1,5493,53,1,2,2494,4,30,1,1,2,5,5,0,0,0,5,,,,,
1,1.1,5493,54,1,2,2494,3,30,1,1,5,0,5,0,0,0,5,,,,,
1,1.1,5494,43,2,2,3407,3,30,1,5,0,0,5,0,0,0,1,,,,,
1,1.1,5494,44,2,2,5462,3,30,1,0,0,0,0,0,0,0,0,,,,,
1,1.1,5494,45,2,2,5462,4,30,1,0,0,0,0,0,0,0,0,,,,,
1,1.2,5495,36,2,2,5465,2,30,1,5,0,0,5,0,0,0,1,1,0,0,8,2
1,1.1,5495,37,2,2,5465,3,30,1,1,5,0,5,0,0,0,1,,,,,
1,1.1,5495,38,2,2,5465,4,30,1,0,0,0,0,0,0,0,3,,,,,
1,1.1,5498,36,1,2,1369,3,30,1,0,0,0,0,0,0,0,1,,,,,
1,1.1,5499,38,2,2,6943,3,30,1,5,0,0,5,0,0,0,2,,,,,
1,1.1,5499,39,2,2,4411,4,30,1,5,0,0,5,0,0,0,2,,,,,
1,1.1,5499,41,2,2,6943,6,30,1,5,0,5,5,0,0,0,3,,,,,
1,1.2,5499,200,1,3,4411,2,30,1,5,0,0,5,0,0,0,4,1,3,4,2,2
1,1.2,5499,209,2,3,4411,3,30,1,5,0,0,5,0,0,0,3,1,0,0,6,5
1,1.1,5499,212,2,3,6943,4,30,1,5,0,0,5,0,0,0,3,,,,,
1,1.1,5501,46,1,2,3382,2,30,1,5,0,5,1,1,5,0,2,,,,,
1,1.1,5501,48,2,2,3382,3,30,1,5,0,0,5,0,5,0,2,,,,,
1,1.1,5503,37,2,2,5033,2,30,1,1,2,5,5,0,5,0,5,,,,,
1,1.1,5515,30,1,2,5879,2,30,1,5,0,0,5,0,0,0,1,,,,,
1,1.2,5526,51,2,2,3107,3,35,1,5,0,5,5,0,0,0,1,1,3.2,4,6,5
1,1.2,5526,52,2,2,7728,2,30,1,5,0,0,5,0,0,0,1,1,4,4,99,99
1,1.2,5526,53,1,2,6103,3,30,1,1,2,0,5,0,0,0,1,1,0,0,5,5
1,1.2,5526,54,1,2,6371,3,30,1,5,0,0,5,0,0,0,1,1,0,0,0,0
1,1.1,5526,55,2,2,4637,2,30,1,5,0,0,5,0,0,0,1,,,,,
1,1.1,5526,56,1,2,6371,4,30,1,5,0,5,5,0,0,0,1,,,,,
1,1.1,5526,57,1,2,6103,2,30,1,1,2,0,5,0,0,0,2,,,,,
1,1.1,5527,33,1,2,7398,3,30,1,5,0,0,5,0,0,0,2,,,,,
1,1.1,5527,34,2,2,7398,4,30,1,0,0,0,0,0,0,0,1,,,,,
1,1.1,5537,60,2,2,6866,3,30,1,5,0,0,5,0,0,0,1,,,,,
1,1.1,5537,63,2,2,4519,2,30,1,5,0,0,5,0,0,5,1,,,,,
1,1.1,5537,64,1,2,5560,2,30,1,5,0,0,5,0,0,0,2,,,,,
1,1.1,5537,67,1,2,4519,3,30,1,5,0,0,5,0,0,5,2,,,,,
1,1.1,5537,68,1,2,5583,2,30,1,5,0,0,5,0,0,0,0,,,,,
1,1.1,5537,71,2,2,5583,3,30,1,0,0,0,0,0,0,0,0,,,,,
1,1.1,5537,73,1,2,5560,5,30,1,5,0,0,5,0,0,0,2,,,,,
1,1.1,5537,74,1,2,6766,3,30,1,0,0,0,0,0,0,0,2,,,,,
1,1.1,5537,75,1,2,4519,4,30,1,0,0,0,0,0,0,0,5,,,,,
1,1.1,5537,77,1,2,6866,6,30,1,0,0,0,0,0,0,0,1,,,,,
1,1.1,5537,78,1,2,6866,7,30,1,0,0,0,0,0,0,0,0,,,,,
1,1.2,5537,206,1,3,3549,2,30,1,5,0,0,5,0,0,0,5,1,0,0,0,0
1,1.1,5539,44,1,2,6652,2,30,1,5,0,0,5,0,0,0,1,,,,,
1,1.1,5539,45,2,2,3098,3,30,1,5,0,0,5,0,0,0,1,,,,,
1,1.2,5548,45,1,2,6000,2,30,1,5,0,0,5,0,0,0,3,1,0,0,2,2
1,1.1,5548,47,2,2,3855,3,35,1,1,5,1,1,1,0,0,1,,,,,
1,1.1,5548,48,2,2,6000,3,30,1,5,0,0,1,5,0,0,3,,,,,
1,1.1,5548,49,2,2,6870,4,30,1,1,5,0,5,0,5,0,2,,,,,
1,1.1,5548,51,1,2,6870,5,30,1,0,0,0,0,0,0,0,1,,,,,
1,1.1,5548,176,2,3,6870,3,30,1,1,5,5,1,5,5,0,1,,,,,
1,1.1,5549,46,1,2,9197,2,30,1,1,5,0,1,1,0,0,1,,,,,
1,1.1,5559,39,2,2,5924,4,33,1,5,0,5,5,0,0,0,1,,,,,
1,1.1,5560,52,2,2,5123,2,30,1,5,0,0,1,5,0,0,2,,,,,
1,1.1,5560,53,1,2,5123,3,30,1,0,0,0,0,0,0,0,2,,,,,
1,1.2,5565,39,2,2,5986,3,30,1,1,2,0,5,0,0,0,2,1,0,0,6,6
1,1.2,5565,40,2,2,2569,3,30,1,1,2,0,1,5,0,0,1,1,0,0,0,0
1,1.1,5569,46,2,2,3633,3,30,1,5,0,0,5,0,0,0,1,,,,,
1,1.1,5569,47,1,2,3633,4,30,1,0,0,0,0,0,0,0,0,,,,,
1,1.2,5570,56,1,2,3747,2,30,1,5,0,0,5,0,0,0,1,1,2.9,4,6,5
1,1.2,5570,57,1,2,3747,3,30,1,5,0,0,5,0,0,0,1,1,2.7,4,2,2
1,1.2,5570,58,2,2,3747,4,30,1,5,0,0,5,0,0,0,1,1,3.6,4,6,6
1,1.1,5570,59,2,2,5853,2,30,1,5,0,0,5,0,0,0,1,,,,,
1,1.2,5570,60,1,2,3510,3,30,1,5,0,5,5,0,0,0,4,1,998,4,6,3
1,1.2,5570,64,2,2,6599,5,30,1,1,5,0,5,0,0,0,1,1,0,0,6,6
1,1.1,5570,67,2,2,5853,3,30,1,5,0,0,5,0,0,0,1,,,,,
1,1.1,5570,69,1,2,9058,2,30,1,0,0,0,0,0,0,0,0,,,,,
1,1.1,5570,70,1,2,3510,4,30,1,0,0,0,0,0,0,0,3,,,,,
1,1.1,5570,72,2,2,3452,3,30,1,0,0,0,0,0,0,0,1,,,,,
1,1.1,5573,48,2,2,6954,2,30,1,0,0,0,0,0,0,0,0,,,,,
1,1.1,5576,44,2,2,6488,4,30,1,5,0,5,5,0,5,5,1,,,,,
1,1.1,5600,34,1,2,7707,4,30,1,5,0,0,5,0,0,0,1,,,,,
1,1.1,5600,35,2,2,7707,6,30,1,5,0,5,5,0,0,0,1,,,,,
1,1.2,5608,174,2,3,2703,2,30,1,5,0,0,5,0,0,0,5,1,3.71,4,6,6
1,1.2,5610,39,2,2,4819,2,30,1,5,0,0,5,0,0,0,1,1,3.5,4.2,3,3
1,1.2,5610,40,2,2,4819,3,30,1,5,0,0,5,0,0,0,1,1,0,0,6,6
1,1.1,5610,42,1,2,4819,4,30,1,5,0,5,5,0,0,0,1,,,,,
1,1.2,5613,58,2,2,1944,2,30,1,1,5,0,5,0,0,0,1,1,0,0,0,0
1,1.1,5613,59,2,2,3367,3,60,1,5,0,0,5,0,0,5,3,,,,,
1,1.2,5614,40,1,2,5808,3,30,1,5,0,0,5,0,0,0,1,1,998,98,3,3
1,1.2,5614,41,1,2,7095,2,30,1,5,0,0,5,0,0,0,1,1,2.5,3.5,3,3
1,1.1,5614,44,1,2,7095,3,30,1,5,0,0,5,0,0,0,1,,,,,
1,1.2,5614,45,2,2,7457,5,30,1,5,0,0,5,0,0,0,1,1,0,0,2,99
1,1.1,5614,46,1,2,7457,2,30,1,5,0,0,5,0,0,0,2,,,,,
1,1.1,5614,48,2,2,7457,6,30,1,5,0,0,5,0,0,0,2,,,,,
1,1.1,5614,52,2,2,4950,2,30,1,0,0,0,0,0,0,0,1,,,,,
1,1.1,5614,53,1,2,5214,3,30,1,0,0,0,0,0,0,0,2,,,,,
1,1.1,5614,198,1,3,2566,3,30,1,5,0,5,5,0,0,0,1,,,,,
1,1.2,5619,42,2,2,4441,3,30,1,5,0,0,5,0,0,0,1,1,998,98,6,5
1,1.1,5619,45,1,2,4441,4,30,1,5,0,0,5,0,0,0,1,,,,,
1,1.1,5619,47,1,2,2079,3,30,1,0,0,0,0,0,0,0,1,,,,,
1,1.2,5621,39,1,2,5274,3,30,1,5,0,5,5,0,0,0,1,1,0,0,5,6
1,1.1,5621,41,2,2,6869,3,33,1,1,4,0,5,0,0,0,4,,,,,
1,1.1,5621,42,1,2,6869,4,33,1,1,3,0,5,0,0,0,4,,,,,
1,1.2,5623,69,1,2,4653,3,33,1,1,6,0,5,0,1,0,1,1,3.2,4.5,6,6
1,1.2,5623,71,1,2,3971,2,30,1,5,0,5,5,0,0,0,1,1,998,98,6,3
1,1.1,5623,74,2,2,6018,3,30,1,5,0,0,5,0,0,0,1,,,,,
1,1.2,5623,75,2,2,2896,4,30,1,5,0,0,5,0,0,0,1,1,3.1,3.7,4,4
1,1.2,5623,76,1,2,2399,3,60,1,5,0,0,5,0,5,0,1,1,2.6,3.9,4,6
1,1.2,5623,77,2,2,3971,3,30,1,5,0,0,5,0,0,0,2,1,998,98,6,6
1,1.2,5623,78,1,2,4722,2,30,1,5,0,0,5,0,0,0,2,1,0,0,6,6
1,1.1,5623,79,2,2,6018,4,30,1,1,2,0,1,5,0,0,2,,,,,
1,1.1,5623,80,1,2,6827,3,30,1,1,5,5,5,0,0,0,2,,,,,
1,1.1,5623,81,2,2,5603,3,30,1,5,0,0,5,0,0,0,2,,,,,
1,1.1,5623,82,2,2,6827,4,30,1,5,0,5,1,5,0,0,1,,,,,
1,1.1,5623,83,2,2,4722,3,30,1,5,0,0,5,0,0,0,2,,,,,
1,1.1,5623,84,2,2,4722,4,30,1,5,0,0,5,0,0,0,1,,,,,
1,1.1,5623,86,1,2,6018,5,30,1,1,2,0,1,5,0,0,3,,,,,
1,1.1,5623,88,2,2,5603,2,30,1,0,0,0,0,0,0,0,4,,,,,
1,1.1,5625,33,2,2,615,2,30,1,5,0,0,1,1,0,5,5,,,,,
1,1.1,5625,34,2,2,615,3,30,1,5,0,0,5,0,0,5,0,,,,,
1,1.2,5628,46,2,2,5399,2,30,1,5,0,0,5,0,0,0,2,1,3.3,4,7,7
1,1.2,5628,47,1,2,5571,4,30,1,5,0,0,5,0,0,0,1,1,3.3,4,2,2
1,1.1,5628,50,1,2,6175,2,30,1,5,0,0,5,0,0,0,2,,,,,
1,1.1,5628,52,1,2,5571,5,30,1,5,0,5,5,0,0,0,2,,,,,
1,1.2,5628,53,1,2,5399,3,30,1,5,0,0,5,0,0,0,2,1,0,0,6,6
1,1.1,5628,54,2,2,5399,4,30,1,5,0,0,5,0,0,0,2,,,,,
1,1.1,5628,55,2,2,6175,3,30,1,5,0,5,5,0,0,0,5,,,,,
1,1.1,5628,56,2,2,5571,6,30,1,5,0,0,5,0,0,0,1,,,,,
1,1.1,5628,58,2,2,6175,4,30,1,5,0,0,5,0,0,0,0,,,,,
1,1.2,5628,195,1,3,3196,5,30,1,5,0,0,1,1,0,0,1,1,2.1,4,2,2
1,1.1,5635,51,2,2,4723,3,30,1,0,0,0,0,0,0,0,5,,,,,
1,1.1,5636,32,2,2,7484,2,30,1,5,0,0,5,0,0,0,1,,,,,
1,1.1,5640,39,2,2,2585,3,30,1,5,0,0,1,5,5,0,2,,,,,
1,1.1,5640,41,1,2,2585,4,30,1,5,0,5,5,0,0,0,2,,,,,
1,1.1,5642,35,1,2,2621,2,30,1,5,0,0,5,0,0,0,2,,,,,
1,1.1,5646,42,2,2,7930,4,30,1,1,4,5,1,1,5,0,0,,,,,
1,1.1,5646,44,1,2,7930,5,30,1,0,0,0,0,0,0,0,4,,,,,
1,1.2,5646,187,1,3,7930,2,30,1,1,3,5,5,0,5,0,1,1,0,0,6,6
1,1.2,5655,46,1,2,58,4,30,1,5,0,0,5,0,0,0,1,1,4.39,4.5,6,6
1,1.1,5655,49,2,2,468,3,30,1,1,2,0,5,0,0,0,5,,,,,
1,1.1,5655,50,1,2,468,4,30,1,1,2,0,5,0,0,0,5,,,,,
1,1.2,5656,46,2,2,6544,2,30,1,5,0,0,5,0,5,0,1,1,0,0,7,7
1,1.1,5660,33,1,2,3145,5,30,1,0,0,0,0,0,0,0,5,,,,,
1,1.1,5663,56,2,2,4688,3,30,1,5,0,0,5,0,0,0,3,,,,,
1,1.1,5663,57,1,2,4929,2,30,1,5,0,0,5,0,0,0,1,,,,,
1,1.1,5663,58,1,2,4929,3,30,1,0,0,0,0,0,0,0,1,,,,,
1,1.1,5676,38,2,2,4203,4,30,1,5,0,5,5,0,0,0,2,,,,,
1,1.2,5676,39,2,2,7460,3,35,1,5,0,0,5,0,0,0,1,1,2,4,4,5
1,1.1,5676,41,1,2,7460,4,30,1,5,0,0,5,0,0,0,5,,,,,
1,1.1,5680,39,1,2,3338,3,60,1,1,6,5,5,0,0,0,3,,,,,
1,1.1,5680,181,2,3,6450,2,30,1,5,0,0,5,0,0,0,1,,,,,
1,1.2,5683,49,1,2,1956,4,60,1,5,0,0,5,0,0,0,1,1,3.6,4,8,3
1,1.1,5683,50,2,2,1956,5,60,1,5,0,0,5,0,0,0,2,,,,,
1,1.1,5683,51,1,2,3211,3,30,1,1,1,5,5,0,0,0,1,,,,,
1,1.1,5683,53,2,2,3211,4,30,1,1,1,0,1,5,5,0,2,,,,,
1,1.1,5683,54,1,2,3803,2,30,1,5,0,0,5,0,0,0,2,,,,,
1,1.1,5683,55,2,2,3803,4,30,1,0,0,0,0,0,0,0,2,,,,,
1,1.1,5683,56,2,2,7470,2,30,1,0,0,0,0,0,0,0,4,,,,,
1,1.1,5683,211,2,3,3981,4,30,1,5,0,0,5,0,0,0,4,,,,,
1,1.2,5684,48,1,2,6860,3,33,1,1,1,5,5,0,0,0,1,1,998,4,6,6
1,1.2,5684,49,1,2,6860,4,33,1,1,1,0,5,0,0,0,1,1,3.92,4.2,7,6
1,1.1,5684,51,1,2,4114,2,30,1,0,0,0,0,0,0,0,0,,,,,
1,1.1,5684,53,2,2,8140,4,30,1,0,0,0,0,0,0,0,1,,,,,
1,1.2,5689,38,2,2,6129,2,30,1,5,0,5,5,0,0,0,2,1,0,0,2,7
1,1.1,5689,41,1,2,2748,2,30,1,5,0,5,5,0,0,0,1,,,,,
1,1.1,5689,42,1,2,2748,3,30,1,5,0,0,5,0,0,0,1,,,,,
1,1.1,5689,43,1,2,6129,3,30,1,5,0,0,5,0,0,0,4,,,,,
1,1.1,5689,44,1,2,6129,4,30,1,5,0,0,5,0,0,0,4,,,,,
1,1.1,5689,235,1,3,2959,2,30,1,1,2,0,5,0,0,5,1,,,,,
1,1.1,5692,33,2,2,416,3,30,1,5,0,0,5,0,0,0,4,,,,,
1,1.1,5692,34,1,2,416,4,30,1,5,0,0,5,0,5,0,4,,,,,
1,1.2,5693,52,2,2,6521,2,30,1,5,0,0,1,5,0,0,4,1,0,0,6,6
1,1.1,5693,53,1,2,4168,2,30,1,0,0,0,0,0,0,0,1,,,,,
1,1.1,5693,54,1,2,4168,3,30,1,0,0,0,0,0,0,0,1,,,,,
1,1.1,5698,36,2,2,6861,3,30,1,5,0,5,5,0,0,0,1,,,,,
1,1.2,5698,37,1,2,6861,4,30,1,5,0,0,5,0,0,0,0,1,0,0,0,0
1,1.1,5698,38,1,2,6861,6,30,1,1,5,5,5,0,0,0,1,,,,,
1,1.1,5706,46,1,2,5699,2,30,1,5,0,0,5,0,0,0,2,,,,,
1,1.1,5706,47,2,2,3867,3,30,1,1,5,0,5,0,0,0,1,,,,,
1,1.1,5706,48,2,2,5699,3,30,1,5,0,0,5,0,0,0,4,,,,,
1,1.1,5706,49,1,2,3867,4,30,1,1,5,0,5,0,0,0,1,,,,,
1,1.1,5706,50,1,2,7860,2,30,1,0,0,0,0,0,0,0,0,,,,,
1,1.1,5706,51,1,2,5699,4,30,1,5,0,0,5,0,0,5,4,,,,,
1,1.1,5714,37,1,2,813,2,30,1,5,0,0,5,0,0,0,2,,,,,
1,1.1,5715,36,1,2,584,3,30,1,0,0,0,0,0,0,0,3,,,,,
1,1.1,5749,52,2,2,5644,3,30,1,5,0,0,1,5,5,0,1,,,,,
1,1.1,5749,54,1,2,5644,4,30,1,5,0,0,1,1,0,0,5,,,,,
1,1.1,5749,57,2,2,5025,2,30,1,0,0,0,0,0,0,0,5,,,,,
1,1.1,5771,33,1,2,7525,3,30,1,5,0,0,1,1,0,0,1,,,,,
1,1.2,5784,38,2,2,3653,3,30,1,5,0,0,1,5,0,0,1,1,0,0,3,2
1,1.1,5784,41,1,2,3653,4,30,1,5,0,0,5,0,0,0,2,,,,,
1,1.1,5784,43,1,2,7889,2,30,1,0,0,0,0,0,0,0,0,,,,,
1,1.2,5801,40,1,2,4019,3,30,1,5,0,0,5,0,0,0,0,1,0,0,0,0
1,1.1,5801,41,1,2,5417,2,30,1,5,0,0,5,0,0,0,0,,,,,
1,1.1,5801,42,1,2,4019,4,30,1,5,0,0,5,0,0,0,0,,,,,
1,1.1,5802,31,2,2,3701,4,33,1,5,0,0,5,0,5,0,2,,,,,
1,1.1,5802,186,1,3,3701,3,33,1,5,0,0,5,0,0,0,1,,,,,
1,1.2,5812,66,1,2,5788,3,60,1,5,0,0,5,0,0,5,5,1,3.1,4,3,6
1,1.2,5812,70,2,2,4601,6,30,1,5,0,0,5,0,5,0,1,1,0,0,2,6
1,1.1,5812,73,1,2,3588,2,30,1,5,0,0,5,0,0,0,1,,,,,
1,1.1,5812,74,2,2,4601,7,30,1,5,0,0,5,0,5,0,1,,,,,
1,1.1,5812,75,2,2,4739,2,30,1,5,0,0,5,0,0,0,0,,,,,
1,1.1,5812,77,2,2,4739,3,30,1,0,0,0,0,0,0,0,0,,,,,
1,1.2,5812,216,2,3,4601,5,30,1,5,0,0,5,0,0,5,1,1,3,4,6,6
1,1.1,5813,42,1,2,3220,2,30,1,5,0,0,5,0,0,5,2,,,,,
1,1.1,5813,43,2,2,3188,3,65,1,0,0,0,0,0,0,0,3,,,,,
1,1.1,5814,49,2,2,4470,4,30,1,5,0,0,5,0,0,0,1,,,,,
1,1.2,5814,51,2,2,7169,3,30,1,1,3,0,5,0,5,0,1,1,4.2,4.2,7,6
1,1.1,5814,56,2,2,7712,3,30,1,0,0,0,0,0,0,0,0,,,,,
1,1.1,5814,206,2,3,3274,3,60,1,5,0,0,5,0,0,0,5,,,,,
1,1.1,5821,32,1,2,6610,2,30,1,5,0,0,1,1,0,0,5,,,,,
1,1.1,5826,38,1,2,6791,3,30,1,1,3,0,5,0,0,0,2,,,,,
1,1.1,5826,40,2,2,6791,4,30,1,1,3,0,1,5,5,0,2,,,,,
1,1.1,5826,188,1,3,7878,2,60,1,5,0,0,5,0,0,5,0,,,,,
1,1.1,5832,31,2,2,2242,3,33,1,5,0,5,1,5,5,0,0,,,,,
1,1.1,5834,35,1,2,293,5,95,1,5,0,5,5,0,5,0,2,,,,,
1,1.1,5834,36,1,2,350,3,60,1,0,0,0,0,0,0,0,1,,,,,
1,1.1,5834,187,2,3,293,4,95,1,5,0,5,5,0,5,0,1,,,,,
1,1.1,5835,37,1,2,2998,3,30,1,5,0,0,5,0,0,0,2,,,,,
1,1.2,5839,32,1,2,402,4,70,1,5,0,0,5,0,0,0,2,1,3.8,4,5,5
1,1.1,5839,33,2,2,402,3,30,1,1,5,0,1,1,0,0,1,,,,,
1,1.1,5841,40,2,2,4453,3,30,1,1,4,0,1,1,0,0,4,,,,,
1,1.2,5853,48,1,2,5018,2,30,1,5,0,0,5,0,0,0,1,1,998,98,6,6
1,1.1,5853,49,1,2,2900,4,30,1,5,0,0,5,0,0,0,1,,,,,
1,1.1,5853,50,1,2,2900,5,30,1,5,0,0,1,1,0,0,1,,,,,
1,1.1,5853,51,2,2,5018,3,30,1,0,0,0,0,0,0,0,1,,,,,
1,1.1,5853,52,1,2,8148,3,30,1,0,0,0,0,0,0,0,5,,,,,
1,1.2,5858,42,1,2,5898,3,30,1,5,0,0,5,0,0,0,4,1,2.2,4,2,2
1,1.1,5858,44,2,2,4943,2,30,1,1,2,5,5,0,0,0,2,,,,,
1,1.1,5858,194,2,3,2826,2,30,1,5,0,0,5,0,0,1,0,,,,,
1,1.1,5861,39,2,2,4766,2,30,1,5,0,0,5,0,0,0,1,,,,,
1,1.1,5861,40,1,2,3583,3,33,1,5,0,0,5,0,0,0,1,,,,,
1,1.2,5861,41,2,2,3583,4,33,1,5,0,0,5,0,0,0,2,1,0,0,7,6
1,1.1,5861,42,2,2,4766,3,30,1,5,0,0,5,0,0,0,2,,,,,
1,1.1,5861,44,2,2,3583,5,30,1,1,2,0,5,0,0,0,5,,,,,
1,1.1,5861,45,1,2,4766,4,30,1,0,0,0,0,0,0,0,4,,,,,
1,1.2,5863,47,2,2,4998,4,30,1,5,0,0,5,0,0,1,1,1,2.6,3,2,5
1,1.2,5863,48,1,2,5642,3,30,1,5,0,0,1,1,0,0,1,1,0,0,6,2
1,1.2,5863,49,2,2,5352,2,30,1,5,0,0,5,0,0,0,2,1,0,0,6,8
1,1.1,5863,50,1,2,6298,3,65,1,5,0,0,5,0,0,0,0,,,,,
1,1.1,5863,51,1,2,5352,3,30,1,5,0,5,5,0,5,0,5,,,,,
1,1.1,5863,52,1,2,4998,5,60,1,5,0,5,5,0,0,0,1,,,,,
1,1.1,5863,53,1,2,7501,3,30,1,5,0,5,5,0,0,0,5,,,,,
1,1.1,5864,41,2,2,4699,2,30,1,0,0,0,0,0,0,0,1,,,,,
1,1.1,5864,42,2,2,4699,3,30,1,0,0,0,0,0,0,0,0,,,,,
1,1.2,5871,33,2,2,5685,2,30,1,5,0,0,1,5,0,0,1,1,2.9,4,6,7
1,1.1,5871,173,1,3,5685,3,30,1,5,0,0,5,0,5,5,1,,,,,
1,1.1,5872,45,1,2,3526,2,30,1,5,0,0,5,0,0,0,1,,,,,
1,1.2,5872,46,1,2,3526,3,30,1,5,0,5,5,0,0,0,3,1,0,0,0,0
1,1.1,5872,47,2,2,3526,4,30,1,5,0,5,5,0,0,0,1,,,,,
1,1.1,5872,49,2,2,3999,2,30,1,0,0,0,0,0,0,0,0,,,,,
1,1.1,5872,50,1,2,7258,2,30,1,0,0,0,0,0,0,0,5,,,,,
1,1.2,5874,35,2,2,41,2,30,1,5,0,0,5,0,0,0,2,1,997,98,2,2
1,1.2,5874,36,2,2,41,3,30,1,5,0,5,5,0,0,0,2,1,0,0,3,4
1,1.1,5874,37,2,2,41,6,30,1,5,0,0,5,0,0,0,2,,,,,
1,1.1,5876,35,2,2,4529,2,30,1,1,5,0,1,1,0,0,1,,,,,
1,1.1,5876,36,1,2,4529,3,30,1,1,4,0,5,0,0,0,1,,,,,
1,1.2,5897,33,2,2,5776,2,30,1,5,0,0,5,0,5,0,2,1,0,0,6,6
1,1.1,5897,34,2,2,6999,2,30,1,5,0,0,5,0,0,0,2,,,,,
1,1.1,5897,35,2,2,5776,3,30,1,5,0,5,5,0,5,0,2,,,,,
1,1.2,5899,34,2,2,494,2,95,1,5,0,0,5,0,0,5,4,1,998,4,6,6
1,1.1,5901,46,1,2,789,2,30,1,5,0,0,5,0,0,0,1,,,,,
1,1.1,5901,47,2,2,789,3,30,1,5,0,0,5,0,0,0,1,,,,,
1,1.2,5904,62,2,2,3661,3,30,1,5,0,0,5,0,0,0,1,1,998,98,3,3
1,1.2,5904,63,2,2,3519,4,33,1,5,0,0,5,0,0,0,1,1,3.1,4,6,7
1,1.2,5904,65,1,2,3661,4,30,1,5,0,0,5,0,0,0,1,1,0,0,6,6
1,1.1,5904,68,2,2,5297,4,30,1,5,0,0,1,1,0,1,4,,,,,
1,1.1,5904,69,1,2,3661,5,30,1,1,3,5,1,1,0,0,2,,,,,
1,1.1,5904,72,2,2,7342,3,35,1,0,0,0,0,0,0,0,1,,,,,
1,1.1,5904,73,2,2,2012,2,30,1,0,0,0,0,0,0,0,1,,,,,
1,1.1,5904,74,1,2,6270,4,30,1,0,0,0,0,0,0,0,2,,,,,
1,1.2,5904,220,1,3,5297,3,33,1,5,0,0,5,0,0,0,1,1,998,98,6,3
1,1.1,5909,41,1,2,6816,2,30,1,5,0,0,5,0,5,0,2,,,,,
1,1.1,5909,43,1,2,8179,5,30,1,5,0,5,5,0,0,0,1,,,,,
1,1.1,5909,44,1,2,6816,3,30,1,0,0,0,0,0,0,0,2,,,,,
1,1.1,5909,45,2,2,7358,5,30,1,0,0,0,0,0,0,0,2,,,,,
1,1.1,5909,197,1,3,7358,4,40,1,5,0,0,5,0,0,0,1,,,,,
1,1.1,5916,47,1,2,4146,2,30,1,5,0,0,5,0,0,0,1,,,,,
1,1.1,5916,48,1,2,8001,3,30,1,5,0,0,5,0,0,0,2,,,,,
1,1.1,5916,49,2,2,8001,4,30,1,5,0,0,5,0,0,0,3,,,,,
1,1.1,5916,51,2,2,4146,3,30,1,5,0,0,5,0,0,0,5,,,,,
1,1.1,5916,53,1,2,8001,5,30,1,5,0,5,5,0,0,0,3,,,,,
1,1.1,5921,35,1,2,6143,4,30,1,1,2,0,5,0,5,0,2,,,,,
1,1.1,5921,36,2,2,6143,5,30,1,1,3,0,5,0,1,0,4,,,,,
1,1.1,5922,54,1,2,6780,2,30,1,1,1,0,5,0,5,0,4,,,,,
1,1.2,5922,58,1,2,4137,3,33,1,5,0,0,1,1,0,0,2,1,0,0,5,2
1,1.2,5922,59,2,2,2880,4,30,1,1,1,0,5,0,0,0,5,1,0,0,4,3
1,1.1,5922,65,1,2,5752,2,30,1,5,0,5,5,0,0,0,2,,,,,
1,1.1,5922,74,2,2,4639,2,30,1,0,0,0,0,0,0,0,4,,,,,
1,1.1,5922,75,1,2,4639,3,30,1,0,0,0,0,0,0,0,5,,,,,
1,1.2,5922,251,1,3,6320,4,30,1,5,0,5,1,1,0,0,2,1,998,98,2,2
1,1.2,5922,255,2,3,2880,3,30,1,5,0,0,5,0,0,0,1,1,997,4,3,3
1,1.1,5938,38,1,2,3100,5,60,1,0,0,0,0,0,0,0,1,,,,,
1,1.2,5938,189,2,3,7971,2,30,1,1,2,0,1,5,0,0,1,1,3.2,4,4,99
1,1.2,5938,190,1,3,7971,3,30,1,1,4,0,5,0,0,0,1,1,0,0,0,0
1,1.2,5940,34,1,2,1799,2,30,1,5,0,0,1,1,0,0,1,1,3.5,4.5,3,3
1,1.2,5940,36,2,2,1799,3,30,1,1,2,0,1,1,0,0,1,1,998,4,6,6
1,1.1,5940,37,2,2,1799,4,30,1,5,0,0,1,5,0,0,2,,,,,
1,1.1,5942,194,2,3,6288,3,30,1,5,0,0,1,5,0,0,2,,,,,
1,1.1,5959,43,1,2,5532,4,30,1,5,0,0,5,0,0,0,0,,,,,
1,1.1,5959,44,2,2,5532,5,30,1,5,0,0,5,0,0,0,2,,,,,
1,1.1,5959,45,1,2,5941,5,60,1,0,0,0,0,0,0,0,1,,,,,
1,1.1,5959,46,2,2,8027,2,30,1,0,0,0,0,0,0,0,3,,,,,
1,1.1,5960,57,1,2,7383,2,30,1,5,0,0,5,0,0,0,0,,,,,
1,1.2,5960,58,1,2,7383,3,30,1,5,0,5,5,0,0,0,1,1,997,98,6,6
1,1.1,5960,64,1,2,5605,4,60,1,0,0,0,0,0,0,0,2,,,,,
1,1.1,5960,67,2,2,4717,2,30,1,0,0,0,0,0,0,0,4,,,,,
1,1.1,5965,45,2,2,2774,3,30,1,1,2,0,5,0,0,0,3,,,,,
1,1.1,5965,47,1,2,2774,4,30,1,1,5,0,5,0,0,0,0,,,,,
1,1.1,5965,48,1,2,3170,2,30,1,5,0,0,5,0,0,0,1,,,,,
1,1.1,5969,35,1,2,6648,2,30,1,5,0,0,5,0,0,0,1,,,,,
1,1.1,5969,36,2,2,6648,3,30,1,5,0,0,1,5,0,0,1,,,,,
1,1.1,5984,38,2,2,3023,4,30,1,5,0,0,5,0,0,0,1,,,,,
1,1.1,5984,39,1,2,4524,2,30,1,5,0,0,1,1,5,0,1,,,,,
1,1.1,5984,40,2,2,3023,5,30,1,5,0,0,1,5,0,0,2,,,,,
1,1.1,5984,41,1,2,4524,3,30,1,0,0,0,0,0,0,0,1,,,,,
1,1.2,5984,181,1,3,3023,3,30,1,5,0,0,5,0,5,0,1,1,0,0,8,3
1,1.1,5990,43,1,2,3055,3,30,1,5,0,0,5,0,0,1,2,,,,,
1,1.1,5990,44,2,2,5918,3,30,1,1,1,5,5,0,0,0,2,,,,,
1,1.1,5990,47,2,2,3770,2,30,1,1,4,5,5,0,0,0,3,,,,,
1,1.1,5990,48,1,2,2795,3,30,1,0,0,0,0,0,0,0,2,,,,,
1,1.1,5990,49,2,2,3055,4,30,1,5,0,0,1,5,0,1,2,,,,,
1,1.1,5990,50,1,2,3770,3,30,1,0,0,0,0,0,0,0,0,,,,,
1,1.2,5995,50,2,2,3488,2,30,1,5,0,0,5,0,0,0,1,1,1.7,4,6,6
1,1.2,5995,51,1,2,6740,2,30,1,5,0,0,5,0,0,0,3,1,0,0,7,3
1,1.2,5995,52,2,2,3488,3,30,1,5,0,5,5,0,0,0,1,1,0,0,0,0
1,1.1,5995,53,2,2,6740,3,30,1,5,0,0,5,0,0,0,5,,,,,
1,1.1,5995,54,1,2,3488,4,30,1,5,0,0,1,1,0,0,1,,,,,
1,1.1,5995,55,2,2,2823,3,30,1,5,0,0,1,1,0,0,5,,,,,
1,1.1,5995,56,2,2,5410,2,30,1,5,0,5,1,5,5,0,5,,,,,
1,1.1,5995,57,1,2,5410,3,30,1,5,0,0,5,0,5,0,1,,,,,
1,1.2,5998,35,2,2,8132,2,30,1,5,0,0,5,0,0,0,1,1,998,98,3,2
1,1.2,6009,35,2,2,3223,3,30,1,5,0,5,1,1,0,5,1,1,0,0,7,6
1,1.2,6028,58,2,2,6535,3,60,1,1,1,0,5,0,0,0,1,1,3.7,4,7,7
1,1.1,6028,59,2,2,7708,4,33,1,5,0,0,5,0,0,0,1,,,,,
1,1.1,6028,62,1,2,6535,4,60,1,1,1,0,5,0,0,0,1,,,,,
1,1.1,6028,66,1,2,7708,5,33,1,5,0,0,5,0,0,0,1,,,,,
1,1.1,6028,68,2,2,7708,6,30,1,5,0,0,5,0,0,0,2,,,,,
1,1.1,6028,187,2,3,7761,2,30,1,5,0,0,5,0,0,0,1,,,,,
1,1.1,6028,206,2,3,3830,3,30,1,5,0,0,1,1,0,0,4,,,,,
1,1.1,6028,207,2,3,3830,4,30,1,5,0,0,5,0,0,0,0,,,,,
1,1.2,6030,42,2,2,4850,2,30,1,1,5,5,1,1,0,0,1,1,3.7,4,6,6
1,1.2,6030,44,1,2,6639,4,30,1,5,0,0,5,0,0,0,1,1,3,3.7,6,2
1,1.1,6030,45,2,2,6761,2,30,1,1,5,5,1,1,5,0,1,,,,,
1,1.1,6030,47,2,2,3787,5,30,1,5,0,0,5,0,0,0,2,,,,,
1,1.1,6030,51,2,2,6761,3,30,1,0,0,0,0,0,0,0,1,,,,,
1,1.1,6040,38,1,2,1832,2,30,1,5,0,5,5,0,0,5,2,,,,,
1,1.1,6041,43,1,2,5187,2,30,1,5,0,0,5,0,0,0,3,,,,,
1,1.2,6069,30,2,2,5558,3,30,1,1,2,0,1,1,0,0,1,1,0,0,6,6
1,1.1,6069,31,1,2,4590,2,30,1,1,4,5,1,1,0,0,5,,,,,
1,1.2,6073,40,1,2,6716,2,30,1,5,0,0,5,0,0,0,4,1,3.5,5,6,6
1,1.2,6073,41,2,2,6716,3,30,1,1,3,0,5,0,0,0,1,1,0,0,7,6
1,1.2,6073,42,2,2,3672,3,30,1,5,0,0,1,5,0,0,5,1,0,0,0,0
1,1.2,6093,46,2,2,5592,5,33,1,1,5,0,5,0,5,0,1,1,3.2,4,6,6
1,1.2,6093,50,2,2,4857,2,30,1,5,0,0,5,0,0,0,2,1,3,4,2,2
1,1.2,6093,53,1,2,4857,3,30,1,5,0,0,5,0,0,0,2,1,998,3.5,99,5
1,1.1,6093,56,2,2,5592,7,33,1,5,0,0,1,5,0,0,1,,,,,
1,1.1,6093,57,2,2,3976,2,30,1,5,0,0,5,0,0,0,1,,,,,
1,1.1,6093,62,1,2,5592,8,33,1,5,0,0,5,0,0,0,1,,,,,
1,1.1,6093,63,2,2,4857,4,30,1,5,0,0,5,0,0,0,1,,,,,
1,1.1,6093,64,1,2,7353,2,30,1,1,5,0,5,0,0,0,2,,,,,
1,1.2,6103,45,2,2,5612,2,30,1,1,2,0,5,0,0,0,1,1,4.12,5,6,6
1,1.2,6103,47,1,2,8021,3,30,1,5,0,5,5,0,5,0,1,1,0,0,0,0
1,1.1,6103,49,2,2,5612,3,30,1,1,1,0,5,0,0,0,2,,,,,
1,1.1,6103,51,2,2,8021,5,30,1,0,0,0,0,0,0,0,2,,,,,
1,1.1,6103,52,2,2,2486,4,30,1,1,3,0,5,0,0,0,5,,,,,
1,1.1,6103,53,2,2,2954,4,30,1,0,0,0,0,0,0,0,1,,,,,
1,1.1,6103,191,2,3,2954,2,30,1,5,0,0,5,0,0,0,1,,,,,
1,1.1,6103,196,2,3,2486,3,30,1,1,3,0,5,0,5,0,2,,,,,
1,1.1,6103,201,2,3,2954,3,30,1,5,0,0,5,0,0,0,1,,,,,
1,1.2,6107,54,2,2,2316,4,35,1,5,0,0,5,0,0,0,1,1,3.5,6,6,6
1,1.1,6107,55,1,2,4952,2,30,1,5,0,5,5,0,0,0,1,,,,,
1,1.1,6107,56,1,2,7422,2,30,1,5,0,0,5,0,0,0,0,,,,,
1,1.1,6107,58,2,2,8264,6,30,1,5,0,0,5,0,0,5,1,,,,,
1,1.1,6110,52,1,2,8326,2,30,1,5,0,0,5,0,0,0,4,,,,,
1,1.1,6111,35,2,2,9229,3,30,1,0,0,0,0,0,0,0,1,,,,,
1,1.2,6112,41,1,2,2923,3,30,1,5,0,0,5,0,0,0,2,1,998,4,6,6
1,1.1,6112,43,2,2,1998,2,30,1,0,0,0,0,0,0,0,4,,,,,
1,1.1,6112,44,1,2,5773,2,30,1,0,0,0,0,0,0,0,1,,,,,
1,1.1,6112,45,2,2,6212,4,60,1,0,0,0,0,0,0,0,2,,,,,
1,1.1,6112,46,2,2,1998,3,30,1,0,0,0,0,0,0,0,4,,,,,
1,1.1,6114,59,2,2,5756,2,30,1,5,0,0,5,0,0,0,1,,,,,
1,1.1,6114,60,1,2,5756,3,30,1,5,0,0,5,0,0,0,1,,,,,
1,1.1,6114,62,2,2,7623,3,30,1,5,0,0,5,0,0,0,4,,,,,
1,1.1,6114,63,2,2,5756,4,30,1,5,0,5,5,0,0,1,1,,,,,
1,1.1,6114,69,1,2,6373,3,30,1,0,0,0,0,0,0,0,5,,,,,
1,1.1,6114,218,2,3,6373,2,30,1,5,0,5,5,0,0,0,2,,,,,
1,1.2,6115,59,2,2,4860,3,33,1,1,6,0,1,1,0,0,2,1,3.5,4,6,6
1,1.1,6115,63,2,2,4689,3,30,1,1,5,5,1,1,0,0,2,,,,,
1,1.1,6115,66,2,2,5482,2,30,1,1,5,5,5,0,0,0,4,,,,,
1,1.1,6115,69,1,2,5482,3,30,1,0,0,0,0,0,0,0,2,,,,,
1,1.1,6115,72,1,2,5700,2,30,1,0,0,0,0,0,0,0,5,,,,,
1,1.1,6120,36,2,2,7620,3,71,1,5,0,0,5,0,0,0,3,,,,,
1,1.1,6120,37,1,2,8825,3,30,1,0,0,0,0,0,0,0,3,,,,,
1,1.1,6121,75,2,2,6865,2,30,1,1,6,0,1,1,0,0,5,,,,,
1,1.1,6121,76,1,2,6865,3,30,1,1,6,0,5,0,0,0,1,,,,,
1,1.1,6121,79,1,2,6712,4,30,1,5,0,0,5,0,0,0,1,,,,,
1,1.2,6121,224,2,3,6966,3,30,1,1,2,5,5,0,0,0,1,1,4,4,2,2
1,1.2,6121,225,2,3,6966,4,30,1,1,2,0,5,0,5,5,1,1,3.5,4,5,6
1,1.1,6121,243,1,3,6712,3,30,1,5,0,0,5,0,0,0,1,,,,,
1,1.1,6125,39,1,2,4429,3,30,1,5,0,0,5,0,0,0,2,,,,,
1,1.1,6125,40,2,2,4429,4,30,1,5,0,0,5,0,0,0,4,,,,,
1,1.2,6127,43,2,2,1440,4,30,1,5,0,0,5,0,0,0,5,1,998,98,6,2
1,1.2,6127,44,1,2,1605,2,30,1,5,0,0,5,0,0,0,1,1,3.1,4,6,6
1,1.1,6127,45,1,2,1847,2,30,1,1,2,0,5,0,0,0,1,,,,,
1,1.2,6127,46,2,2,1605,3,30,1,1,6,0,1,1,0,0,1,1,0,0,3,4
1,1.1,6127,48,1,2,1244,3,60,1,0,0,0,0,0,0,0,5,,,,,
1,1.1,6150,38,1,2,3118,3,30,1,5,0,0,5,0,0,0,3,,,,,
1,1.1,6150,39,2,2,4652,3,30,1,0,0,0,0,0,0,0,2,,,,,
1,1.1,6150,40,1,2,3866,3,30,1,1,2,0,5,0,0,0,2,,,,,
1,1.1,6150,41,1,2,3866,4,30,1,0,0,0,0,0,0,0,4,,,,,
1,1.1,6150,189,1,3,3118,2,30,1,5,0,0,5,0,0,0,3,,,,,
1,1.1,6154,36,2,2,7281,4,30,1,1,4,5,1,1,0,0,1,,,,,
1,1.1,6154,38,1,2,7281,5,30,1,1,5,0,5,0,0,0,1,,,,,
1,1.1,6159,49,1,2,5584,5,30,1,1,4,0,5,0,5,0,1,,,,,
1,1.2,6159,50,1,2,6223,3,33,1,5,0,5,5,0,0,0,1,1,2.7,98,6,5
1,1.2,6159,51,2,2,3144,4,30,1,5,0,0,5,0,0,0,2,1,998,98,3,2
1,1.1,6159,52,1,2,5584,6,30,1,1,6,0,5,0,5,0,1,,,,,
1,1.2,6159,53,2,2,5584,7,30,1,5,0,0,5,0,5,0,2,1,0,0,2,2
1,1.2,6159,54,1,2,6223,4,33,1,5,0,0,5,0,0,0,1,1,0,0,6,3
1,1.1,6159,55,1,2,3144,5,30,1,5,0,0,5,0,0,0,5,,,,,
1,1.1,6159,57,1,2,6223,5,33,1,5,0,0,5,0,0,0,1,,,,,
1,1.1,6159,61,2,2,3144,6,60,1,0,0,0,0,0,0,0,5,,,,,
1,1.1,6161,35,1,2,1254,2,30,1,1,3,5,5,0,0,0,2,,,,,
1,1.1,6165,41,2,2,4472,2,30,1,5,0,0,5,0,0,0,1,,,,,
1,1.1,6165,42,1,2,2923,4,30,1,5,0,5,5,0,0,0,3,,,,,
1,1.1,6165,43,2,2,2489,3,30,1,1,3,5,5,0,0,0,2,,,,,
1,1.1,6165,44,1,2,3386,2,30,1,5,0,0,5,0,0,0,3,,,,,
1,1.1,6165,45,1,2,3386,3,30,1,0,0,0,0,0,0,0,1,,,,,
1,1.1,6166,72,1,2,6187,2,30,1,5,0,0,5,0,0,0,4,,,,,
1,1.1,6166,76,2,2,5617,3,30,1,5,0,0,5,0,0,0,3,,,,,
1,1.1,6166,81,2,2,3564,2,60,1,0,0,0,0,0,0,0,1,,,,,
1,1.1,6166,82,1,2,3564,3,60,1,0,0,0,0,0,0,0,1,,,,,
1,1.2,6166,187,2,3,5470,2,30,1,5,0,0,1,5,0,0,1,1,2.7,4,3,3
1,1.1,6179,45,1,2,3470,3,30,1,5,0,5,5,0,0,0,4,,,,,
1,1.1,6179,46,2,2,3470,4,30,1,5,0,0,5,0,0,0,4,,,,,
1,1.2,6187,43,1,2,6909,3,30,1,1,5,0,1,1,5,0,1,1,3.4,4,7,6
1,1.2,6191,34,2,2,5539,3,30,1,1,1,5,5,0,0,0,1,1,3.43,5,7,7
1,1.2,6191,36,2,2,5051,2,30,1,1,4,0,1,1,0,0,1,1,3.98,4.5,6,6
1,1.2,6191,37,1,2,5051,3,30,1,1,4,5,1,1,0,0,1,1,3.2,4,7,7
1,1.1,6200,44,1,2,2611,5,60,1,0,0,0,0,0,0,0,4,,,,,
1,1.2,6205,47,2,2,6124,2,30,1,5,0,0,1,5,0,0,2,1,3,4,6,6
1,1.2,6205,49,2,2,6124,3,30,1,5,0,0,5,0,0,0,1,1,0,0,6,6
1,1.2,6205,51,1,2,2280,4,30,1,5,0,5,5,0,0,0,1,1,0,0,6,7
1,1.1,6205,52,1,2,3767,2,30,1,5,0,0,5,0,0,0,1,,,,,
1,1.1,6205,53,1,2,3310,3,30,1,1,3,0,1,1,0,0,4,,,,,
1,1.1,6205,55,2,2,3310,4,30,1,1,3,0,5,0,0,0,3,,,,,
1,1.1,6205,56,1,2,6124,4,30,1,0,0,0,0,0,0,0,1,,,,,
1,1.1,6205,57,1,2,3310,5,30,1,0,0,0,0,0,0,0,2,,,,,
1,1.1,6205,58,1,2,3767,3,30,1,0,0,0,0,0,0,0,0,,,,,
1,1.2,6210,45,2,2,5844,2,30,1,5,0,0,5,0,0,0,1,1,0,0,4,4
1,1.2,6210,46,1,2,7976,3,30,1,5,0,5,5,0,0,0,2,1,0,0,0,0
1,1.1,6210,48,2,2,7976,4,30,1,1,3,0,1,1,0,0,5,,,,,
1,1.2,6212,45,2,2,5615,2,30,1,5,0,0,5,0,0,0,5,1,3.6,4,6,6
1,1.2,6212,46,2,2,7017,3,33,1,5,0,0,5,0,0,0,1,1,0,0,7,6
1,1.2,6212,47,2,2,2793,2,30,1,5,0,0,5,0,5,0,5,1,0,0,6,2
1,1.1,6212,49,1,2,7791,2,30,1,5,0,0,5,0,0,0,5,,,,,
1,1.1,6212,50,1,2,5615,3,30,1,5,0,0,5,0,0,0,5,,,,,
1,1.1,6212,51,1,2,4349,3,30,1,0,0,0,0,0,0,0,1,,,,,
1,1.1,6212,52,1,2,4349,4,30,1,0,0,0,0,0,0,0,1,,,,,
1,1.2,6212,186,1,3,7114,2,30,1,5,0,0,5,0,0,0,2,1,2.7,4,6,8
1,1.1,6212,191,2,3,4349,2,30,1,5,0,5,5,0,0,0,1,,,,,
1,1.1,6216,31,1,2,1384,3,30,1,0,0,0,0,0,0,0,2,,,,,
1,1.1,6216,32,1,2,1384,4,30,1,0,0,0,0,0,0,0,4,,,,,
1,1.2,6217,184,1,3,4326,2,30,1,1,2,5,5,0,5,0,2,1,0,0,0,0
1,1.1,6228,38,1,2,8101,3,30,1,5,0,0,5,0,0,0,1,,,,,
1,1.1,6228,39,2,2,8101,4,30,1,5,0,0,5,0,0,0,1,,,,,
1,1.1,6228,40,1,2,8101,5,30,1,5,0,5,5,0,0,0,4,,,,,
1,1.2,6229,35,1,2,130,2,30,1,5,0,0,5,0,0,0,1,1,3.4,4,5,5
1,1.1,6229,36,2,2,130,3,30,1,1,2,0,5,0,0,0,1,,,,,
1,1.2,6231,45,1,2,4541,2,30,1,1,1,0,5,0,0,0,1,1,2.5,4,6,5
1,1.2,6231,49,1,2,4541,3,30,1,5,0,0,5,0,0,0,1,1,0,0,5,99
1,1.1,6231,51,1,2,5198,3,30,1,1,3,5,5,0,0,0,2,,,,,
1,1.1,6231,52,1,2,5198,4,30,1,1,1,5,5,0,0,0,3,,,,,
1,1.1,6231,53,2,2,4541,4,30,1,5,0,0,5,0,0,0,2,,,,,
1,1.1,6231,54,1,2,8152,2,30,1,0,0,0,0,0,0,0,1,,,,,
1,1.1,6231,55,2,2,5198,5,30,1,0,0,0,0,0,0,0,1,,,,,
1,1.2,6232,50,2,2,5004,5,30,1,5,0,0,5,0,0,0,1,1,2,3,6,6
1,1.1,6232,56,2,2,5008,2,30,1,5,0,5,5,0,0,0,2,,,,,
1,1.1,6232,59,1,2,5008,3,30,1,0,0,0,0,0,0,0,2,,,,,
1,1.2,6262,41,1,2,4619,4,30,1,5,0,5,5,0,0,5,1,1,2.4,4,6,6
1,1.1,6287,53,1,2,4824,2,30,1,1,4,5,5,0,0,0,2,,,,,
1,1.1,6316,34,1,2,1539,2,30,1,5,0,0,1,1,0,0,1,,,,,
1,1.1,6335,42,1,2,4847,2,30,1,1,3,5,5,0,0,0,1,,,,,
1,1.2,6335,44,1,2,3155,3,30,1,5,0,0,5,0,0,0,1,1,0,0,7,6
1,1.2,6335,45,1,2,3155,4,30,1,5,0,0,5,0,0,0,1,1,0,0,6,5
1,1.1,6335,47,2,2,3155,5,30,1,1,1,0,5,0,0,0,3,,,,,
1,1.1,6335,49,2,2,4847,3,30,1,0,0,0,0,0,0,0,2,,,,,
1,1.1,6367,39,2,2,6119,3,30,1,1,5,0,5,0,0,0,1,,,,,
1,1.2,6368,37,2,2,2851,3,30,1,1,2,5,5,0,5,0,2,1,0.26,4,7,6
1,1.2,6368,39,1,2,2153,2,30,1,5,0,0,5,0,0,0,3,1,998,98,3,3
1,1.1,6368,40,2,2,7995,2,30,1,5,0,5,5,0,0,0,2,,,,,
1,1.2,6368,193,1,3,4825,2,60,1,5,0,0,1,1,0,0,1,1,2.5,4,2,2
1,1.1,6368,194,1,3,4825,3,60,1,5,0,0,5,0,0,0,0,,,,,
1,1.2,6370,47,1,2,5139,3,30,1,1,4,0,5,0,5,1,2,1,3,4,6,7
1,1.2,6370,50,2,2,5139,4,30,1,5,0,0,5,0,0,0,2,1,0,0,6,6
1,1.1,6370,51,2,2,2219,2,30,1,5,0,0,1,5,0,0,1,,,,,
1,1.1,6370,52,1,2,2219,3,30,1,0,0,0,0,0,0,0,1,,,,,
1,1.2,6381,43,2,2,2617,3,33,1,1,1,0,1,5,0,0,1,1,3.6,98,3,3
1,1.2,6381,45,2,2,3257,3,30,1,5,0,0,5,0,0,0,1,1,3.2,4,7,7
1,1.2,6381,47,1,2,2617,4,30,1,1,6,5,5,0,0,0,1,1,0,0,0,0
1,1.1,6381,48,1,2,2617,5,30,1,1,4,5,5,0,0,0,5,,,,,
1,1.1,6381,50,1,2,4782,3,30,1,1,5,0,5,0,0,0,2,,,,,
1,1.1,6381,55,1,2,6149,2,30,1,0,0,0,0,0,0,0,2,,,,,
1,1.1,6398,32,1,2,5147,2,30,1,1,6,0,1,1,0,0,1,,,,,
1,1.2,6411,35,1,2,518,2,30,1,5,0,0,5,0,0,0,1,1,0,0,6,6
1,1.2,6411,36,2,2,518,3,30,1,5,0,0,1,5,0,0,1,1,0,0,6,6
1,1.2,6418,38,1,2,3491,3,30,1,5,0,0,5,0,0,0,1,1,3.6,5,2,3
1,1.1,6434,175,2,3,6208,3,30,1,1,3,0,5,0,5,0,5,,,,,
1,1.1,6436,54,2,2,4080,2,30,1,5,0,0,5,0,0,0,1,,,,,
1,1.2,6436,55,2,2,2168,3,60,1,5,0,0,5,0,0,0,1,1,3.2,4,2,2
1,1.1,6438,34,2,2,1641,3,35,1,5,0,0,5,0,0,0,1,,,,,
1,1.1,6438,35,1,2,1641,4,30,1,5,0,0,5,0,0,0,2,,,,,
1,1.2,6438,177,1,3,1172,4,30,1,1,3,5,1,5,5,0,2,1,3,4,6,6
1,1.2,6475,52,2,2,3712,2,30,1,5,0,0,5,0,0,0,1,1,998,4,6,6
1,1.1,6475,55,1,2,3451,3,30,1,5,0,0,5,0,0,0,5,,,,,
1,1.1,6475,58,2,2,5624,2,30,1,5,0,0,5,0,0,0,1,,,,,
1,1.1,6475,59,1,2,5624,3,30,1,5,0,0,5,0,0,0,1,,,,,
1,1.1,6475,60,2,2,5624,4,30,1,0,0,0,0,0,0,0,1,,,,,
1,1.1,6475,212,1,3,3451,2,30,1,5,0,5,5,0,0,0,4,,,,,
1,1.1,6478,56,1,2,4806,3,33,1,1,2,0,5,0,5,0,1,,,,,
1,1.1,6478,57,2,2,5318,3,30,1,1,3,0,5,0,0,0,5,,,,,
1,1.1,6478,58,1,2,4806,4,30,1,1,2,0,5,0,5,0,4,,,,,
1,1.1,6478,59,2,2,5318,4,30,1,0,0,0,0,0,0,0,0,,,,,
1,1.1,6478,205,1,3,5940,2,30,1,1,3,5,5,0,0,0,5,,,,,
1,1.1,6484,49,1,2,472,2,30,1,5,0,0,5,0,0,0,5,,,,,
1,1.1,6484,51,2,2,472,3,30,1,5,0,0,5,0,0,0,2,,,,,
1,1.2,6485,46,1,2,6589,3,30,1,5,0,0,5,0,0,0,1,1,3.7,4,6,6
1,1.2,6485,49,2,2,2451,2,30,1,5,0,0,5,0,0,0,1,1,0,0,7,6
1,1.1,6485,206,1,3,3096,3,30,1,1,5,0,1,1,5,5,2,,,,,
1,1.2,6489,30,2,2,872,3,30,1,1,2,0,5,0,0,0,2,1,0,0,6,6
1,1.1,6494,37,1,2,5375,3,30,1,0,0,0,0,0,0,0,3,,,,,
1,1.1,6494,38,1,2,5375,4,30,1,0,0,0,0,0,0,0,4,,,,,
1,1.1,6494,39,1,2,5680,3,30,1,0,0,0,0,0,0,0,0,,,,,
1,1.1,6494,198,1,3,5680,2,30,1,1,3,0,5,0,0,0,0,,,,,
1,1.2,6499,40,1,2,1779,4,30,1,5,0,5,1,1,0,0,1,1,3.8,4,6,6
1,1.1,6499,42,1,2,1590,2,30,1,5,0,0,5,0,0,0,1,,,,,
1,1.1,6519,41,2,2,5734,3,30,1,1,1,0,5,0,0,0,1,,,,,
1,1.1,6519,42,1,2,3185,3,30,1,1,2,0,5,0,0,0,5,,,,,
1,1.1,6537,41,2,2,6592,3,30,1,5,0,0,1,5,0,0,1,,,,,
1,1.1,6537,42,1,2,6592,4,30,1,5,0,0,5,0,0,0,1,,,,,
1,1.1,6537,43,2,2,4209,2,30,1,5,0,0,1,5,0,0,1,,,,,
1,1.1,6537,44,1,2,4209,3,30,1,5,0,0,1,5,0,0,1,,,,,
1,1.1,6537,47,1,2,3882,2,30,1,0,0,0,0,0,0,0,3,,,,,
1,1.1,6539,31,2,2,1429,2,30,1,5,0,0,5,0,5,0,2,,,,,
1,1.1,6539,32,2,2,1429,3,30,1,5,0,0,5,0,5,0,2,,,,,
1,1.2,6545,46,2,2,3289,3,33,1,1,5,0,1,1,0,0,1,1,0,0,6,6
1,1.1,6545,48,2,2,3283,3,30,1,1,1,5,5,0,0,0,4,,,,,
1,1.1,6545,49,1,2,3283,4,30,1,1,1,0,1,5,0,0,4,,,,,
1,1.1,6545,50,1,2,3289,4,30,1,5,0,0,5,0,0,0,1,,,,,
1,1.1,6545,52,1,2,3283,5,30,1,0,0,0,0,0,0,0,4,,,,,
1,1.1,6545,54,1,2,3833,2,30,1,1,2,0,5,0,0,0,2,,,,,
1,1.1,6546,39,1,2,3213,2,30,1,1,2,0,5,0,0,0,2,,,,,
1,1.2,6547,34,2,2,6686,3,33,1,5,0,0,1,5,0,0,3,1,2.8,4,6,6
1,1.1,6547,35,1,2,6009,2,30,1,0,0,0,0,0,0,0,1,,,,,
1,1.1,6547,36,2,2,6118,3,30,1,0,0,0,0,0,0,0,2,,,,,
1,1.2,6549,32,1,2,1865,3,30,1,5,0,0,5,0,0,0,1,1,3.9,4.6,6,6
1,1.1,6549,33,1,2,1865,4,30,1,5,0,0,5,0,0,0,4,,,,,
1,1.1,6553,178,1,3,985,2,30,1,5,0,5,5,0,0,0,1,,,,,
1,1.2,6560,35,2,2,6826,4,33,1,1,6,0,1,1,5,0,2,1,3.2,4,7,7
1,1.2,6560,36,2,2,6826,5,33,1,1,3,0,1,1,5,0,1,1,0,0,6,6
1,1.2,6571,42,1,2,6256,3,30,1,5,0,0,5,0,0,0,1,1,2.7,4,3,2
1,1.2,6577,45,2,2,5867,4,30,1,1,1,0,5,0,0,0,1,1,3.5,4.5,6,6
1,1.2,6582,39,2,2,4713,3,33,1,1,5,0,1,1,0,0,0,1,0,0,0,0
1,1.1,6582,42,2,2,2852,2,30,1,0,0,0,0,0,0,0,1,,,,,
1,1.1,6582,43,1,2,4713,4,30,1,0,0,0,0,0,0,0,0,,,,,
1,1.1,6582,44,1,2,4713,5,30,1,0,0,0,0,0,0,0,0,,,,,
1,1.1,6583,73,1,2,6831,2,30,1,5,0,0,5,0,5,0,1,,,,,
1,1.2,6583,76,2,2,5014,4,30,1,5,0,5,5,0,0,0,1,1,0,0,8,2
1,1.1,6583,80,2,2,5014,5,30,1,5,0,5,5,0,0,0,0,,,,,
1,1.1,6583,81,1,2,3505,3,30,1,1,5,0,5,0,0,0,3,,,,,
1,1.1,6583,85,2,2,3505,4,30,1,0,0,0,0,0,0,0,0,,,,,
1,1.2,6583,231,2,3,5014,3,30,1,5,0,0,5,0,5,0,1,1,4,98,7,7
1,1.1,6588,44,1,2,4712,3,30,1,0,0,0,0,0,0,0,1,,,,,
1,1.1,6589,38,1,2,5848,2,30,1,5,0,0,5,0,5,0,2,,,,,
1,1.2,6590,53,2,2,7151,2,30,1,5,0,0,5,0,0,0,1,1,3,4,3,3
1,1.2,6590,54,2,2,7151,3,30,1,5,0,0,5,0,0,0,2,1,0,0,3,7
1,1.1,6590,55,2,2,7151,4,30,1,5,0,5,5,0,0,0,0,,,,,
1,1.1,6590,57,1,2,7994,3,30,1,0,0,0,0,0,0,0,2,,,,,
1,1.2,6590,182,2,3,5719,4,60,1,1,5,0,1,1,0,5,1,1,0,0,8,8
1,1.1,6591,44,1,2,6742,4,30,1,1,1,0,5,0,0,0,1,,,,,
1,1.1,6591,45,2,2,6742,5,30,1,1,5,0,1,1,0,0,1,,,,,
1,1.2,6602,44,1,2,7094,2,30,1,5,0,0,5,0,0,0,5,1,0,0,6,6
1,1.2,6602,47,1,2,7094,3,30,1,5,0,0,5,0,0,0,5,1,0,0,2,2
1,1.1,6602,51,1,2,5216,2,30,1,5,0,0,5,0,0,0,0,,,,,
1,1.1,6602,53,1,2,5216,3,30,1,0,0,0,0,0,0,0,0,,,,,
1,1.1,6607,31,1,2,1213,4,30,1,1,4,0,1,1,0,5,2,,,,,
1,1.1,6615,42,2,2,3294,4,30,1,5,0,5,5,0,0,0,1,,,,,
1,1.1,6615,43,1,2,3294,5,30,1,5,0,5,5,0,0,0,2,,,,,
1,1.2,6616,39,1,2,4537,3,33,1,1,1,0,5,0,0,0,1,1,998,98,2,2
1,1.1,6616,43,1,2,4537,4,33,1,1,1,5,5,0,0,0,2,,,,,
1,1.1,6616,47,1,2,4537,5,30,1,1,2,0,5,0,0,0,1,,,,,
1,1.2,6616,207,2,3,4060,3,30,1,1,2,0,1,1,0,5,2,1,0,0,7,7
1,1.1,6624,38,1,2,1821,5,30,1,5,0,0,5,0,0,0,3,,,,,
1,1.2,6635,61,1,2,4111,2,60,1,1,5,5,1,1,0,0,1,1,3,3.4,6,3
1,1.1,6639,43,2,2,4785,3,30,1,5,0,0,5,0,0,0,1,,,,,
1,1.1,6639,44,1,2,4785,4,30,1,5,0,0,5,0,0,0,1,,,,,
1,1.2,6639,186,2,3,2390,3,30,1,5,0,0,5,0,0,5,1,1,999,99,2,2
1,1.2,6646,45,2,2,5693,2,30,1,1,1,0,1,1,5,0,2,1,0,0,2,2
1,1.2,6646,46,1,2,7229,3,33,1,5,0,0,5,0,0,0,2,1,0,0,6,3
1,1.1,6646,48,2,2,7229,4,30,1,0,0,0,0,0,0,0,2,,,,,
1,1.1,6655,47,2,2,3957,3,30,1,5,0,0,5,0,0,0,1,,,,,
1,1.2,6655,48,2,2,4363,4,33,1,5,0,0,1,1,0,0,1,1,0,0,2,2
1,1.1,6655,50,1,2,3957,4,30,1,5,0,0,5,0,0,0,5,,,,,
1,1.1,6655,51,1,2,4363,5,30,1,0,0,0,0,0,0,0,0,,,,,
1,1.2,6655,186,2,3,4515,2,30,1,5,0,0,1,1,0,0,1,1,3,4,5,2
1,1.1,6663,35,1,2,5781,3,30,1,5,0,0,5,0,0,0,1,,,,,
1,1.1,6663,36,2,2,5781,4,30,1,5,0,0,5,0,0,0,2,,,,,
1,1.1,6663,38,1,2,5781,6,30,1,5,0,0,5,0,0,0,2,,,,,
1,1.1,6664,34,2,2,7124,2,30,1,5,0,0,5,0,0,0,5,,,,,
1,1.2,6674,36,2,2,4451,4,30,1,1,2,0,1,5,0,0,1,1,3.9,5,6,6
1,1.1,6674,37,2,2,4451,5,30,1,1,4,5,1,5,0,5,1,,,,,
1,1.2,6682,37,1,2,5768,3,30,1,5,0,0,5,0,0,0,1,1,3,4,4,2
1,1.2,6682,39,2,2,5768,4,30,1,5,0,0,5,0,0,0,1,1,2.7,4,5,6
1,1.1,6684,49,2,2,6633,4,30,1,5,0,5,5,0,0,0,3,,,,,
1,1.1,6684,52,2,2,6633,5,30,1,0,0,0,0,0,0,0,4,,,,,
1,1.1,6694,33,1,2,7426,3,30,1,5,0,0,5,0,0,0,0,,,,,
1,1.1,6694,34,2,2,7426,4,30,1,5,0,0,5,0,0,0,0,,,,,
1,1.2,6707,36,1,2,5210,3,30,1,5,0,0,5,0,0,0,2,1,3,4,6,7
1,1.2,6721,37,1,2,4438,5,30,1,1,4,0,5,0,0,0,3,1,0,0,0,0
1,1.1,6721,38,2,2,4774,5,30,1,5,0,0,5,0,0,0,4,,,,,
1,1.1,6721,174,2,3,4438,3,30,1,5,0,0,5,0,0,0,1,,,,,
1,1.2,6721,175,2,3,4438,4,30,1,5,0,0,5,0,0,0,2,1,0,0,2,2
1,1.1,6724,47,1,2,4985,3,60,1,5,0,5,1,1,0,0,5,,,,,
1,1.1,6724,49,2,2,4742,3,35,1,5,0,0,1,1,0,0,2,,,,,
1,1.1,6724,52,2,2,5434,2,30,1,0,0,0,0,0,0,0,3,,,,,
1,1.1,6735,62,2,2,7742,2,30,1,5,0,0,5,0,0,0,4,,,,,
1,1.1,6735,68,2,2,6640,3,30,1,0,0,0,0,0,0,0,1,,,,,
1,1.2,6736,41,2,2,3466,3,30,1,5,0,0,5,0,0,0,2,1,2.8,4,7,5
1,1.1,6736,43,1,2,3466,4,30,1,0,0,0,0,0,0,0,2,,,,,
1,1.1,6736,44,2,2,4136,3,30,1,0,0,0,0,0,0,0,4,,,,,
1,1.1,6738,43,1,2,2133,2,30,1,0,0,0,0,0,0,0,2,,,,,
1,1.1,6740,37,2,2,3980,3,30,1,5,0,0,1,1,0,0,1,,,,,
1,1.1,6750,39,1,2,7146,2,30,1,5,0,5,5,0,0,0,1,,,,,
1,1.2,6772,32,2,2,1739,3,33,1,1,5,0,1,1,0,5,1,1,998,98,6,6
1,1.1,6779,55,1,2,3802,3,30,1,5,0,0,5,0,0,0,4,,,,,
1,1.1,6779,57,1,2,7834,2,30,1,1,6,0,5,0,0,0,5,,,,,
1,1.1,6780,42,1,2,5142,3,30,1,5,0,0,5,0,0,0,1,,,,,
1,1.1,6780,43,2,2,5142,4,30,1,5,0,0,5,0,0,0,1,,,,,
1,1.2,6785,42,1,2,4103,4,30,1,5,0,0,5,0,0,0,4,1,3,4,3,3
1,1.2,6785,43,2,2,6539,3,60,1,5,0,5,5,0,0,0,1,1,998,4,99,2
1,1.2,6785,44,1,2,6539,4,60,1,5,0,5,5,0,0,0,2,1,3,4,6,6
1,1.1,6785,47,2,2,3602,3,30,1,5,0,5,1,5,5,0,1,,,,,
1,1.1,6785,49,1,2,3602,4,30,1,5,0,5,5,0,0,0,3,,,,,
1,1.1,6785,50,2,2,4103,6,30,1,5,0,0,1,1,0,0,5,,,,,
1,1.1,6785,51,1,2,7688,3,30,1,5,0,5,5,0,0,0,2,,,,,
1,1.1,6785,52,2,2,7688,4,30,1,0,0,0,0,0,0,0,3,,,,,
1,1.1,6785,53,2,2,4103,7,30,1,0,0,0,0,0,0,0,2,,,,,
1,1.1,6789,34,1,2,736,2,30,1,0,0,0,0,0,0,0,1,,,,,
1,1.1,6790,45,2,2,5215,3,30,1,5,0,0,1,5,0,0,1,,,,,
1,1.1,6793,43,1,2,5910,5,47,1,5,0,0,5,0,0,0,2,,,,,
1,1.2,6798,42,1,2,3073,4,30,1,1,1,0,5,0,0,0,1,1,3.8,4.5,6,6
1,1.1,6798,43,1,2,4026,2,30,1,5,0,0,5,0,0,0,2,,,,,
1,1.2,6800,39,1,2,4560,3,35,1,5,0,0,5,0,0,0,1,1,3.7,4,6,6
1,1.1,6801,43,1,2,4811,3,95,1,5,0,0,5,0,0,0,1,,,,,
1,1.1,6801,46,2,2,2151,4,30,1,0,0,0,0,0,0,0,3,,,,,
1,1.1,6820,40,1,2,4711,2,30,1,1,3,0,5,0,0,0,4,,,,,
1,1.1,6820,44,1,2,4711,3,30,1,0,0,0,0,0,0,0,4,,,,,
1,1.1,6820,45,1,2,3210,4,30,1,0,0,0,0,0,0,0,5,,,,,
1,1.2,6826,34,1,2,2785,2,30,1,5,0,0,5,0,0,0,2,1,2.6,3.2,6,6
1,1.2,6826,35,1,2,8082,2,30,1,5,0,0,5,0,0,0,1,1,0,0,6,6
1,1.2,6838,35,2,2,1041,5,30,1,5,0,0,5,0,0,5,2,1,0,0,6,6
1,1.1,6839,45,1,2,4901,3,33,1,5,0,0,5,0,5,0,2,,,,,
1,1.1,6839,47,1,2,4854,3,30,1,1,5,5,1,5,0,0,1,,,,,
1,1.1,6839,51,2,2,4901,4,33,1,0,0,0,0,0,0,0,2,,,,,
1,1.2,6839,191,2,3,6653,3,33,1,1,3,0,1,1,0,0,1,1,0,0,5,6
1,1.2,6839,194,2,3,3379,4,30,1,5,0,0,5,0,0,0,1,1,2.7,4,6,6
1,1.2,6841,33,2,2,2336,5,30,1,5,0,0,1,1,5,0,1,1,4,4,7,6
1,1.1,6841,34,2,2,7792,3,30,1,1,5,0,1,1,0,0,3,,,,,
1,1.1,6841,35,2,2,7792,4,30,1,1,5,0,1,1,0,0,3,,,,,
1,1.1,6841,36,2,2,2336,6,30,1,5,0,0,5,0,0,0,1,,,,,
1,1.1,6841,37,2,2,7792,5,30,1,1,5,0,1,1,0,0,4,,,,,
1,1.1,6841,38,1,2,2336,7,30,1,5,0,5,5,0,0,0,1,,,,,
1,1.1,6845,46,1,2,3664,3,30,1,5,0,0,5,0,0,0,1,,,,,
1,1.1,6845,48,2,2,5251,2,30,1,5,0,5,1,5,0,0,1,,,,,
1,1.1,6845,49,1,2,6028,2,30,1,1,1,0,5,0,0,0,5,,,,,
1,1.1,6845,50,1,2,4110,2,30,1,5,0,0,5,0,0,0,3,,,,,
1,1.1,6845,51,1,2,3664,4,30,1,0,0,0,0,0,0,0,4,,,,,
1,1.1,6845,52,2,2,4110,3,30,1,0,0,0,0,0,0,0,1,,,,,
1,1.1,6862,49,2,2,6460,3,33,1,5,0,5,5,0,0,0,2,,,,,
1,1.1,6862,52,2,2,6460,4,30,1,0,0,0,0,0,0,0,4,,,,,
1,1.2,6872,34,2,2,9242,2,30,1,5,0,0,1,1,0,0,1,1,998,4,2,2
1,1.2,6872,35,1,2,5084,3,30,1,5,0,0,5,0,0,0,1,1,3.5,4,7,6
1,1.1,6872,38,1,2,5084,4,30,1,5,0,0,5,0,0,0,1,,,,,
