KIDS,KID14,ER30001,ER30002,ER32000,ER32006,ER34201,ER34202,ER34203,P14REL,P14E5,P14E6,P14E10_09,P14E15,P14E16_3,P14E26_5,P14E33_6,P14E53,C14REL,C14B12,C14B13
1,1.1,4,44,2,2,2176,2,30,2,5,0,0,5,0,0,0,2,,,
1,1.1,4,48,2,2,2176,3,30,2,0,0,0,0,0,0,0,2,,,
1,1.1,5,34,2,2,5048,3,30,2,1,5,5,5,0,5,0,5,,,
1,1.1,5,35,2,2,8024,3,30,2,0,0,0,0,0,0,0,2,,,
1,1.1,5,36,1,2,5048,4,30,2,0,0,0,0,0,0,0,0,,,
1,1.2,6,35,2,2,1612,3,30,2,1,5,0,1,1,5,0,1,3,0,0
1,1.1,6,36,1,2,1612,4,30,2,1,5,5,1,1,0,0,2,,,
1,1.1,6,37,2,2,1612,5,30,2,1,5,5,1,1,5,0,3,,,
1,1.1,6,40,2,2,8860,3,30,2,0,0,0,0,0,0,0,5,,,
1,1.1,6,41,2,2,8860,4,30,2,0,0,0,0,0,0,0,0,,,
1,1.2,7,49,2,2,3305,4,30,2,5,0,0,5,0,0,0,2,3,5,12
1,1.2,7,50,1,2,5796,2,30,2,5,0,0,5,0,0,0,0,3,0,0
1,1.2,7,51,2,2,3387,3,30,2,5,0,0,5,0,0,0,5,3,0,0
1,1.1,7,52,2,2,5796,3,30,2,5,0,0,5,0,0,0,0,,,
1,1.1,7,54,2,2,5796,4,30,2,5,0,0,5,0,0,0,0,,,
1,1.1,7,55,1,2,4127,3,30,2,5,0,0,5,0,0,0,2,,,
1,1.1,7,56,1,2,5796,5,30,2,0,0,0,0,0,0,0,0,,,
1,1.1,7,57,1,2,8696,3,30,2,0,0,0,0,0,0,0,1,,,
1,1.1,7,58,2,2,3305,5,60,2,0,0,0,0,0,0,0,2,,,
1,1.1,7,60,2,2,4127,4,30,2,0,0,0,0,0,0,0,2,,,
1,1.2,10,36,2,2,6082,3,30,2,1,2,0,1,5,0,5,2,3,0,0
1,1.1,10,37,2,2,7473,4,60,2,0,0,0,0,0,0,0,2,,,
1,1.1,10,38,2,2,7423,3,30,2,0,0,0,0,0,0,0,5,,,
1,1.1,14,34,1,2,1284,2,30,2,0,0,0,0,0,0,0,0,,,
1,1.2,16,37,2,2,5453,3,30,2,1,5,0,1,1,0,5,1,3,0,0
1,1.1,16,41,2,2,5453,4,30,2,0,0,0,0,0,0,0,3,,,
1,1.2,16,177,1,3,1163,3,30,2,1,2,5,5,0,5,0,1,3,998,98
1,1.2,18,42,2,2,5977,4,30,2,1,1,0,5,0,0,0,2,3,3.75,4
1,1.1,18,43,2,2,7500,3,33,2,5,0,0,5,0,0,5,2,,,
1,1.2,18,45,2,2,7557,4,33,2,1,3,0,1,1,0,0,1,3,3.8,4
1,1.1,18,48,1,2,7190,3,60,2,5,0,0,5,0,0,0,1,,,
1,1.1,18,49,2,2,7500,4,30,2,5,0,0,1,5,0,0,4,,,
1,1.2,23,32,1,2,8607,3,30,2,5,0,0,5,0,5,0,1,3,0,0
1,1.1,23,33,1,2,8607,4,30,2,5,0,0,5,0,5,0,2,,,
1,1.1,23,34,2,2,8607,5,30,2,0,0,0,0,0,0,0,0,,,
1,1.2,39,33,1,2,4968,4,30,2,1,6,0,5,0,0,0,1,3,0,0
1,1.2,40,44,2,2,4973,3,30,2,1,4,0,1,5,5,5,3,3,0,0
1,1.1,40,45,1,2,4973,4,30,2,5,0,0,5,0,5,0,3,,,
1,1.2,41,34,2,2,4278,3,35,2,1,5,0,1,1,0,0,0,3,0,0
1,1.1,41,37,2,2,6605,4,30,2,1,6,0,1,1,5,0,3,,,
1,1.2,41,38,2,2,4278,4,35,2,1,5,0,1,1,5,0,0,3,0,0
1,1.1,41,39,1,2,5837,3,30,2,5,0,0,5,0,0,0,1,,,
1,1.2,41,40,2,2,4278,5,30,2,5,0,0,5,0,0,0,2,3,0,0
1,1.1,41,41,2,2,5837,4,30,2,5,0,5,1,5,0,0,1,,,
1,1.1,41,43,2,2,3578,3,30,2,5,0,0,5,0,0,0,0,,,
1,1.1,41,44,1,2,8138,3,30,2,0,0,0,0,0,0,0,1,,,
1,1.1,41,45,1,2,8138,4,30,2,0,0,0,0,0,0,0,1,,,
1,1.1,45,35,2,2,1830,3,30,2,5,0,5,5,0,0,0,2,,,
1,1.2,47,41,2,2,2030,5,30,2,5,0,0,5,0,5,5,1,3,2.8,4
1,1.2,47,43,2,2,2002,4,30,2,1,6,0,1,1,1,0,1,3,4,4
1,1.2,47,44,2,2,3521,3,30,2,1,5,0,1,1,0,0,1,3,0,0
1,1.1,47,46,2,2,1841,3,30,2,0,0,0,0,0,0,0,4,,,
1,1.1,50,36,1,2,1097,3,30,2,5,0,0,5,0,0,0,2,,,
1,1.1,50,37,1,2,1097,4,30,2,0,0,0,0,0,0,0,3,,,
1,1.1,51,35,1,2,4566,2,30,2,5,0,5,5,0,5,0,2,,,
1,1.1,51,36,1,2,4566,3,30,2,5,0,5,5,0,5,0,1,,,
1,1.1,51,37,1,2,4566,4,30,2,0,0,0,0,0,0,0,2,,,
1,1.1,53,43,1,2,1815,3,30,2,1,2,0,5,0,0,0,4,,,
1,1.1,53,44,2,2,5931,6,30,2,1,2,0,5,0,0,0,2,,,
1,1.1,53,46,2,2,7449,3,30,2,5,0,0,1,1,0,0,5,,,
1,1.1,53,48,1,2,3928,3,30,2,5,0,0,5,0,0,0,4,,,
1,1.1,53,49,2,2,3928,4,30,2,5,0,0,5,0,0,0,0,,,
1,1.1,53,50,2,2,3928,5,30,2,5,0,0,5,0,0,0,3,,,
1,1.1,53,51,2,2,7449,4,30,2,0,0,0,0,0,0,0,5,,,
1,1.1,53,53,2,2,5214,3,30,2,0,0,0,0,0,0,0,0,,,
1,1.1,53,54,2,2,7449,5,30,2,0,0,0,0,0,0,0,0,,,
1,1.1,57,186,1,3,8318,3,30,2,0,0,0,0,0,0,0,0,,,
1,1.2,60,38,1,2,7187,4,30,2,1,1,5,5,0,0,0,1,3,3,4
1,1.2,60,39,2,2,7187,5,30,2,1,1,5,5,0,0,5,2,3,4,5
1,1.2,60,41,1,2,3323,3,30,2,5,0,0,1,1,5,5,1,3,0,0
1,1.2,60,42,1,2,3323,4,30,2,5,0,0,5,0,0,0,1,3,0,0
1,1.2,61,36,2,2,7127,4,30,2,1,3,0,1,5,5,1,2,3,5.3,5.87
1,1.1,61,37,2,2,5694,3,30,2,0,0,0,0,0,0,0,4,,,
1,1.1,61,38,1,2,4591,3,30,2,0,0,0,0,0,0,0,2,,,
1,1.2,68,31,1,2,2636,4,30,2,1,1,5,5,0,5,0,1,3,4,4
1,1.1,68,32,1,2,2636,5,30,2,1,1,0,5,0,5,0,2,,,
1,1.1,68,33,2,2,2636,6,30,2,1,5,0,1,1,0,0,0,,,
1,1.1,84,37,2,2,1651,3,30,2,1,5,0,1,1,0,0,1,,,
1,1.1,84,38,1,2,7984,3,30,2,0,0,0,0,0,0,0,1,,,
1,1.1,84,39,2,2,7984,4,30,2,0,0,0,0,0,0,0,1,,,
1,1.1,84,40,2,2,1651,4,30,2,0,0,0,0,0,0,0,1,,,
1,1.1,88,38,1,2,7693,2,30,2,1,2,0,5,0,5,0,2,,,
1,1.1,88,39,2,2,7693,3,30,2,1,5,0,5,0,5,0,2,,,
1,1.1,88,40,2,2,1294,2,30,2,0,0,0,0,0,0,0,3,,,
1,1.2,89,36,2,2,8186,4,30,2,5,0,0,5,0,0,1,4,3,9.6,10
1,1.2,89,37,2,2,8186,5,30,2,1,2,0,1,5,0,1,4,3,0,0
1,1.1,89,38,1,2,8186,6,30,2,0,0,0,0,0,0,0,5,,,
1,1.1,89,39,2,2,7291,3,30,2,5,0,0,5,0,0,1,4,,,
1,1.2,105,40,1,2,7029,3,30,2,5,0,5,5,0,5,0,1,3,2,4
1,1.2,105,42,2,2,8050,3,30,2,1,5,5,5,0,5,0,1,3,0,0
1,1.2,105,43,2,2,2895,3,30,2,1,1,0,1,5,0,0,2,3,0,0
1,1.1,105,44,1,2,2470,6,30,2,0,0,0,0,0,0,0,5,,,
1,1.1,105,185,2,3,2375,3,30,2,5,0,0,5,0,0,5,2,,,
1,1.2,113,32,2,2,1663,3,30,2,1,4,0,1,1,5,5,5,3,0,0
1,1.1,113,33,2,2,1663,4,30,2,5,0,0,5,0,5,5,5,,,
1,1.1,113,34,2,2,1663,5,30,2,0,0,0,0,0,0,0,5,,,
1,1.2,114,35,1,2,4596,3,33,2,5,0,0,5,0,0,0,1,3,998,98
1,1.2,114,36,2,2,4596,4,30,2,5,0,0,5,0,0,0,1,3,0,0
1,1.1,114,37,1,2,4596,5,30,2,5,0,0,5,0,0,0,1,,,
1,1.1,117,33,1,2,5615,3,30,2,5,0,0,5,0,5,0,1,,,
1,1.2,117,34,2,2,4381,4,30,2,1,6,0,5,0,0,0,1,3,3.8,4
1,1.2,117,35,1,2,5615,4,30,2,5,0,0,5,0,5,0,1,3,0,0
1,1.2,121,38,2,2,4739,3,30,2,1,5,0,1,1,5,0,1,3,4,4
1,1.1,121,39,2,2,4709,3,35,2,1,5,0,5,0,0,0,1,,,
1,1.1,121,40,2,2,4709,4,35,2,1,6,0,5,0,0,0,1,,,
1,1.1,121,41,2,2,6365,3,30,2,0,0,0,0,0,0,0,2,,,
1,1.2,122,39,2,2,4611,6,30,2,1,2,0,5,0,0,0,1,3,3.5,4
1,1.2,122,40,1,2,5949,3,30,2,5,0,0,5,0,0,0,1,3,3.57,4
1,1.2,122,41,1,2,8104,3,30,2,1,4,0,5,0,0,5,1,3,0,0
1,1.2,122,42,2,2,5949,4,30,2,1,5,0,1,1,0,0,2,3,0,0
1,1.1,122,43,2,2,8104,4,30,2,1,5,0,1,5,0,0,2,,,
1,1.1,127,35,1,2,3066,3,30,2,1,2,5,5,0,5,0,2,,,
1,1.1,127,36,1,2,3066,4,30,2,1,2,0,5,0,5,0,4,,,
1,1.1,127,37,1,2,6375,3,30,2,5,0,0,5,0,0,5,2,,,
1,1.1,127,38,2,2,463,3,30,2,1,2,0,1,1,0,0,4,,,
1,1.1,127,39,2,2,7538,2,30,2,0,0,0,0,0,0,0,2,,,
1,1.1,127,40,2,2,6375,4,30,2,0,0,0,0,0,0,0,3,,,
1,1.1,129,42,1,2,8677,8,47,2,5,0,0,5,0,0,0,1,,,
1,1.2,129,48,2,2,8677,6,47,2,5,0,0,5,0,0,0,1,3,0,0
1,1.1,129,49,2,2,8677,7,47,2,5,0,5,5,0,0,0,1,,,
1,1.1,129,50,2,2,8677,3,30,2,0,0,0,0,0,0,0,1,,,
1,1.1,129,52,1,2,8677,5,30,2,0,0,0,0,0,0,0,0,,,
1,1.1,138,34,2,2,6385,3,30,2,0,0,0,0,0,0,0,3,,,
1,1.1,138,35,2,2,8314,4,30,2,0,0,0,0,0,0,0,0,,,
1,1.2,151,40,2,2,782,3,30,2,1,1,0,1,5,5,5,1,3,0,0
1,1.2,151,41,1,2,782,4,30,2,1,1,0,5,0,0,0,1,3,0,0
1,1.1,151,42,2,2,782,5,30,2,1,1,0,1,5,0,0,2,,,
1,1.1,151,43,1,2,782,6,30,2,0,0,0,0,0,0,0,2,,,
1,1.1,151,44,2,2,5318,3,30,2,0,0,0,0,0,0,0,0,,,
1,1.2,156,32,1,2,6779,3,30,2,1,2,0,5,0,5,0,1,3,0,0
1,1.2,156,33,1,2,6779,4,30,2,1,2,0,5,0,5,0,1,3,0,0
1,1.1,156,34,1,2,8276,3,30,2,5,0,0,5,0,0,0,2,,,
1,1.1,156,35,2,2,8276,4,30,2,5,0,0,1,5,5,0,5,,,
1,1.2,166,34,1,2,5745,3,30,2,1,4,0,1,1,0,5,5,3,0,0
1,1.1,166,35,1,2,5745,4,30,2,1,4,0,5,0,0,5,5,,,
1,1.2,172,37,1,2,4353,3,30,2,1,5,0,1,1,0,0,1,3,2.8,98
1,1.2,172,38,1,2,1311,2,30,2,5,0,0,5,0,0,0,1,3,3,4
1,1.2,172,39,2,2,4353,4,30,2,1,1,0,1,1,0,0,2,3,0,0
1,1.2,172,40,1,2,4855,4,60,2,5,0,0,5,0,0,5,1,3,3.8,4
1,1.2,172,41,1,2,4353,5,30,2,1,2,5,1,1,0,0,2,3,0,0
1,1.1,172,42,1,2,4855,5,60,2,5,0,0,1,1,0,0,1,,,
1,1.1,172,43,1,2,4353,6,30,2,1,6,0,5,0,0,0,1,,,
1,1.1,172,44,2,2,8054,3,30,2,0,0,0,0,0,0,0,0,,,
1,1.1,173,41,2,2,2785,4,30,2,5,0,5,5,0,0,0,0,,,
1,1.2,173,42,1,2,6571,3,30,2,5,0,0,5,0,0,5,5,3,0,0
1,1.2,173,43,1,2,6571,4,30,2,5,0,5,5,0,0,5,5,3,0,0
1,1.1,173,44,2,2,1675,3,30,2,0,0,0,0,0,0,0,2,,,
1,1.1,173,45,2,2,1930,3,30,2,0,0,0,0,0,0,0,0,,,
1,1.1,173,46,1,2,1930,4,30,2,0,0,0,0,0,0,0,0,,,
1,1.1,174,43,2,2,5223,3,30,2,0,0,0,0,0,0,0,0,,,
1,1.1,181,35,2,2,1791,3,30,2,0,0,0,0,0,0,0,5,,,
1,1.1,190,35,2,2,8458,4,35,2,5,0,0,5,0,0,0,1,,,
1,1.1,200,37,1,2,6846,3,30,2,5,0,0,5,0,0,0,2,,,
1,1.1,200,38,2,2,1624,3,60,2,5,0,0,5,0,0,0,3,,,
1,1.2,200,39,2,2,6846,4,30,2,1,5,0,5,0,0,0,2,3,0,0
1,1.1,200,41,1,2,1624,5,60,2,5,0,0,5,0,0,0,3,,,
1,1.1,200,42,2,2,1624,6,60,2,5,0,0,1,5,0,0,3,,,
1,1.2,200,44,1,2,2064,3,30,2,5,0,0,5,0,0,0,0,3,0,0
1,1.1,200,45,2,2,1624,7,60,2,5,0,0,1,5,0,0,3,,,
1,1.1,200,46,1,2,1624,8,60,2,5,0,0,5,0,0,0,1,,,
1,1.1,200,47,1,2,6846,5,30,2,0,0,0,0,0,0,0,2,,,
1,1.2,203,34,2,2,2751,6,30,2,1,4,0,1,1,5,0,2,3,4,4
1,1.2,214,31,1,2,2904,3,30,2,1,6,0,1,1,0,0,2,3,2.6,4
1,1.1,214,32,2,2,2904,4,30,2,1,5,0,1,1,0,0,2,,,
1,1.2,221,34,1,2,7495,4,30,2,1,3,0,5,0,5,0,1,3,998,98
1,1.1,221,177,2,0,7495,5,96,2,0,0,0,0,0,0,0,2,,,
1,1.2,231,30,2,2,1101,3,30,2,1,2,0,5,0,0,5,2,3,0,0
1,1.2,236,33,1,2,2327,4,30,2,1,1,0,5,0,0,0,1,3,3.8,4
1,1.2,236,34,2,2,2113,3,30,2,1,5,0,1,1,0,0,2,3,3.9,4
1,1.2,236,35,2,2,2327,5,30,2,1,1,0,5,0,0,5,1,3,0,0
1,1.2,236,36,1,2,2113,4,30,2,1,6,0,1,1,0,0,1,3,0,0
1,1.2,236,37,1,2,2113,5,30,2,1,3,0,5,0,0,0,2,3,0,0
1,1.2,236,38,2,2,2113,6,30,2,1,5,0,5,0,5,0,2,3,0,0
1,1.2,236,39,2,2,2113,7,30,2,1,5,0,5,0,5,0,2,3,0,0
1,1.1,236,40,1,2,1967,3,30,2,5,0,0,5,0,5,0,4,,,
1,1.1,236,41,1,2,1967,4,30,2,0,0,0,0,0,0,0,0,,,
1,1.2,242,32,2,2,1926,3,35,2,1,2,0,5,0,5,5,2,3,0,0
1,1.2,242,33,2,2,1926,4,35,2,1,5,0,5,0,0,5,2,3,0,0
1,1.1,244,31,2,2,434,2,30,2,5,0,0,5,0,5,0,1,,,
1,1.2,250,33,1,2,6601,3,30,2,5,0,0,5,0,1,0,1,3,4.5,5
1,1.2,250,34,2,2,7340,3,30,2,5,0,5,5,0,0,0,2,3,0,0
1,1.2,250,35,2,2,6601,4,30,2,5,0,0,5,0,0,0,1,3,0,0
1,1.1,257,41,2,2,457,4,30,2,5,0,0,5,0,0,0,1,,,
1,1.2,263,40,1,2,1219,3,30,2,5,0,0,5,0,0,0,1,3,998,98
1,1.2,263,41,2,2,1219,4,30,2,5,0,0,5,0,0,0,1,3,2,4
1,1.2,263,42,1,2,1219,5,30,2,5,0,0,5,0,5,0,4,3,0,0
1,1.1,263,43,1,2,1181,3,30,2,1,5,0,1,1,5,5,4,,,
1,1.1,263,44,1,2,1181,4,30,2,5,0,0,5,0,5,5,4,,,
1,1.1,263,45,1,2,1181,5,30,2,0,0,0,0,0,0,0,4,,,
1,1.1,263,46,1,2,1181,6,30,2,0,0,0,0,0,0,0,4,,,
1,1.1,263,47,2,2,507,3,30,2,0,0,0,0,0,0,0,0,,,
1,1.2,266,36,2,2,6776,4,30,2,1,1,5,1,5,0,0,2,3,4,4
1,1.1,267,32,1,2,133,3,30,2,5,0,0,5,0,0,0,2,,,
1,1.1,267,33,2,2,270,3,30,2,1,6,0,1,1,0,0,2,,,
1,1.1,267,34,1,2,270,4,30,2,0,0,0,0,0,0,0,2,,,
1,1.1,267,35,2,2,133,4,30,2,0,0,0,0,0,0,0,1,,,
1,1.2,277,37,1,2,8026,3,30,2,5,0,0,5,0,5,5,2,3,3.7,5
1,1.2,277,38,2,2,8026,4,30,2,5,0,0,1,5,1,5,1,3,0,0
1,1.1,277,39,2,2,6644,3,30,2,5,0,0,5,0,0,0,1,,,
1,1.1,280,36,2,2,7727,3,30,2,0,0,0,0,0,0,0,2,,,
1,1.1,280,37,2,2,137,3,30,2,0,0,0,0,0,0,0,0,,,
1,1.1,280,38,1,2,6568,3,30,2,0,0,0,0,0,0,0,0,,,
1,1.1,284,32,1,2,7069,3,30,2,1,2,0,5,0,5,5,1,,,
1,1.2,297,53,2,2,940,4,30,2,1,1,0,5,0,0,0,2,3,4.17,4.35
1,1.2,297,56,2,2,2980,4,30,2,5,0,0,5,0,0,0,4,3,998,98
1,1.1,297,57,1,2,2951,3,30,2,1,2,0,5,0,0,0,1,,,
1,1.2,297,59,2,2,940,5,30,2,1,1,0,5,0,0,0,1,3,0,0
1,1.1,297,64,1,2,2951,4,30,2,5,0,5,5,0,0,5,3,,,
1,1.1,301,43,1,2,5978,4,30,2,5,0,0,5,0,5,0,1,,,
1,1.1,301,44,1,2,5978,5,30,2,5,0,5,5,0,0,0,1,,,
1,1.1,301,45,1,2,5749,3,30,2,5,0,0,5,0,0,0,3,,,
1,1.1,301,48,1,2,5749,4,30,2,1,5,5,5,0,0,0,1,,,
1,1.1,301,49,1,2,980,3,30,2,1,5,0,1,1,5,0,2,,,
1,1.1,301,51,2,2,980,4,30,2,1,4,0,1,1,5,0,2,,,
1,1.1,301,53,2,2,1288,3,30,2,0,0,0,0,0,0,0,2,,,
1,1.1,301,54,2,2,980,5,30,2,0,0,0,0,0,0,0,1,,,
1,1.1,302,39,1,2,5771,3,30,2,1,2,0,5,0,0,0,2,,,
1,1.1,302,40,1,2,5771,4,30,2,0,0,0,0,0,0,0,3,,,
1,1.1,308,38,1,2,1619,3,33,2,1,2,0,5,0,0,5,4,,,
1,1.1,308,40,1,2,7629,3,30,2,0,0,0,0,0,0,0,5,,,
1,1.1,308,41,1,2,7629,4,30,2,0,0,0,0,0,0,0,5,,,
1,1.1,311,34,1,2,4476,3,30,2,1,5,0,1,1,5,0,5,,,
1,1.1,311,37,2,2,4476,4,30,2,0,0,0,0,0,0,0,2,,,
1,1.2,312,33,2,2,2549,2,30,2,5,0,0,5,0,0,0,1,3,997,98
1,1.1,312,34,1,2,2549,3,30,2,0,0,0,0,0,0,0,1,,,
1,1.2,317,36,1,2,1303,3,30,2,5,0,0,5,0,5,0,2,3,0,0
1,1.1,317,37,2,2,476,3,30,2,1,3,0,1,5,5,0,1,,,
1,1.1,317,38,1,2,476,4,30,2,1,3,0,1,5,5,0,1,,,
1,1.2,317,39,1,2,1303,4,30,2,5,0,0,5,0,0,0,4,3,0,0
1,1.1,317,43,2,2,1303,5,30,2,0,0,0,0,0,0,0,3,,,
1,1.1,319,33,1,2,7030,3,33,2,1,2,0,5,0,5,0,1,,,
1,1.1,321,33,2,2,3738,4,30,2,1,5,0,1,1,0,0,1,,,
1,1.1,321,34,2,2,1337,3,30,2,0,0,0,0,0,0,0,2,,,
1,1.1,321,35,1,2,6477,3,30,2,0,0,0,0,0,0,0,5,,,
1,1.1,321,181,1,3,3738,3,30,2,1,2,0,5,0,5,0,1,,,
1,1.2,323,35,2,2,7519,3,30,2,5,0,0,1,5,0,5,2,3,998,1
1,1.1,326,35,1,2,954,4,30,2,0,0,0,0,0,0,0,5,,,
1,1.1,326,36,2,2,954,3,30,2,0,0,0,0,0,0,0,5,,,
1,1.1,326,38,1,2,4064,3,30,2,0,0,0,0,0,0,0,5,,,
1,1.1,327,34,1,2,7253,3,30,2,1,3,0,5,0,1,0,1,,,
1,1.1,327,36,2,2,8306,3,30,2,1,1,0,5,0,0,0,2,,,
1,1.1,327,37,2,2,7253,4,30,2,1,5,0,1,1,5,0,1,,,
1,1.1,327,38,2,2,4281,3,30,2,1,3,0,5,0,0,0,1,,,
1,1.1,327,39,2,2,4281,4,30,2,1,3,0,5,0,0,0,1,,,
1,1.1,327,40,1,2,4281,5,30,2,0,0,0,0,0,0,0,0,,,
1,1.1,331,34,2,2,7902,3,30,2,5,0,0,5,0,5,0,2,,,
1,1.1,331,35,2,2,8688,3,30,2,1,5,0,1,1,1,5,2,,,
1,1.1,331,36,1,2,7902,4,30,2,9,0,0,9,0,0,0,0,,,
1,1.1,331,38,2,2,8688,5,30,2,5,0,0,5,0,1,5,0,,,
1,1.1,331,40,2,2,8688,6,30,2,0,0,0,0,0,0,0,0,,,
1,1.1,331,41,1,2,8688,7,30,2,0,0,0,0,0,0,0,0,,,
1,1.1,331,179,2,3,8688,4,30,2,5,0,0,5,0,1,5,4,,,
1,1.1,338,32,2,2,7098,3,30,2,5,0,0,1,5,0,5,2,,,
1,1.1,338,33,2,2,7098,4,30,2,5,0,0,1,5,0,5,2,,,
1,1.1,338,34,2,2,6007,3,30,2,0,0,0,0,0,0,0,0,,,
1,1.1,343,34,1,2,2438,3,30,2,5,0,0,1,1,0,0,3,,,
1,1.1,343,35,2,2,2438,4,30,2,5,0,0,1,5,5,0,1,,,
1,1.1,351,40,2,2,2266,3,60,2,5,0,5,5,0,0,0,2,,,
1,1.1,351,41,2,2,2266,4,60,2,5,0,5,5,0,0,0,2,,,
1,1.1,351,42,1,2,3757,3,30,2,1,4,0,5,0,0,0,1,,,
1,1.1,351,43,2,2,3757,4,30,2,0,0,0,0,0,0,0,1,,,
1,1.1,351,44,1,2,1744,3,30,2,0,0,0,0,0,0,0,4,,,
1,1.1,352,32,2,2,2252,3,30,2,1,1,0,5,0,0,0,1,,,
1,1.1,352,33,1,2,2252,4,30,2,1,1,0,5,0,5,0,5,,,
1,1.1,352,34,1,2,7942,3,30,2,0,0,0,0,0,0,0,0,,,
1,1.2,356,33,1,2,1112,4,30,2,1,1,0,5,0,0,5,1,3,3,4
1,1.2,368,33,1,2,2445,3,30,2,1,2,0,1,1,5,0,2,3,0,0
1,1.2,368,34,2,2,1278,3,30,2,1,5,0,5,0,0,0,2,3,0,0
1,1.2,368,35,1,2,1278,4,30,2,5,0,0,5,0,0,0,2,3,0,0
1,1.2,368,36,1,2,2445,4,30,2,1,2,0,1,1,5,0,2,3,0,0
1,1.2,368,37,2,2,2445,5,30,2,1,2,0,5,0,5,0,2,3,0,0
1,1.2,377,32,1,2,5116,3,30,2,1,1,5,5,0,5,0,1,3,3,5
1,1.2,377,33,1,2,5116,4,30,2,1,5,0,1,1,0,0,1,3,0,0
1,1.1,378,31,1,2,3977,5,30,2,0,0,0,0,0,0,0,0,,,
1,1.2,409,34,1,2,8872,4,30,2,5,0,0,5,0,0,0,4,3,3,4
1,1.2,409,35,2,2,3621,3,30,2,1,5,0,1,1,5,0,3,3,3.8,4
1,1.1,409,36,2,2,3621,4,30,2,1,1,0,5,0,0,0,2,,,
1,1.2,409,38,2,2,4671,3,30,2,1,5,0,1,1,0,0,1,3,0,0
1,1.1,409,39,1,2,8872,5,30,2,5,0,0,5,0,0,0,5,,,
1,1.1,409,40,2,2,3621,5,30,2,1,2,0,5,0,0,0,3,,,
1,1.1,409,42,2,2,4671,4,30,2,1,3,0,5,0,0,0,2,,,
1,1.2,412,34,2,2,1359,3,30,2,5,0,0,5,0,0,0,1,3,998,98
1,1.2,412,35,2,2,1359,4,33,2,5,0,0,5,0,5,5,2,3,998,98
1,1.2,412,36,1,2,1359,5,33,2,5,0,0,5,0,0,0,2,3,0,0
1,1.1,412,37,1,2,1359,6,33,2,5,0,0,5,0,0,0,2,,,
1,1.1,412,38,1,2,1359,7,33,2,5,0,5,5,0,0,0,1,,,
1,1.1,414,41,2,2,2815,3,30,2,0,0,0,0,0,0,0,5,,,
1,1.1,414,42,2,2,2815,4,30,2,0,0,0,0,0,0,0,5,,,
1,1.2,419,39,1,2,1551,3,30,2,5,0,0,5,0,0,0,3,3,998,98
1,1.2,419,40,2,2,1551,4,30,2,5,0,0,5,0,0,0,2,3,0,0
1,1.1,419,41,2,2,743,2,30,2,0,0,0,0,0,0,0,0,,,
1,1.1,419,42,1,2,2682,2,30,2,0,0,0,0,0,0,0,0,,,
1,1.1,423,33,1,2,7078,3,30,2,0,0,0,0,0,0,0,3,,,
1,1.2,431,30,1,2,1717,2,30,2,1,2,0,1,1,0,0,1,3,998,4.5
1,1.1,436,43,2,2,3062,3,30,2,5,0,0,1,5,5,5,2,,,
1,1.1,436,44,2,2,3062,4,30,2,0,0,0,0,0,0,0,2,,,
1,1.1,436,45,1,2,2888,3,30,2,0,0,0,0,0,0,0,0,,,
1,1.1,445,37,1,2,4036,3,30,2,0,0,0,0,0,0,0,3,,,
1,1.1,450,34,2,2,4108,2,30,2,0,0,0,0,0,0,0,0,,,
1,1.2,452,41,2,2,568,3,30,2,5,0,0,5,0,5,0,5,3,0,0
1,1.2,452,42,2,2,796,3,30,2,1,6,0,1,1,5,5,2,3,0,0
1,1.1,452,43,1,2,796,4,30,2,1,5,5,5,0,0,0,4,,,
1,1.1,452,44,2,2,796,5,30,2,0,0,0,0,0,0,0,4,,,
1,1.1,455,35,2,2,7586,4,30,2,5,0,0,5,0,0,0,1,,,
1,1.1,455,38,2,2,7120,3,30,2,0,0,0,0,0,0,0,0,,,
1,1.1,455,39,2,2,7120,4,30,2,0,0,0,0,0,0,0,0,,,
1,1.2,461,32,2,2,121,3,30,2,5,0,0,5,0,5,5,1,3,0,0
1,1.1,461,33,2,2,1463,4,30,2,1,2,5,1,5,0,0,3,,,
1,1.1,461,34,1,2,1463,5,30,2,0,0,0,0,0,0,0,3,,,
1,1.1,461,174,2,3,1463,3,30,2,1,2,0,5,0,5,5,2,,,
1,1.1,465,35,1,2,1678,3,30,2,5,0,0,5,0,0,5,2,,,
1,1.1,465,36,2,2,1678,4,30,2,5,0,0,5,0,0,5,2,,,
1,1.1,465,37,1,2,5669,3,30,2,1,3,0,5,0,0,0,5,,,
1,1.1,465,38,1,2,5669,4,30,2,0,0,0,0,0,0,0,5,,,
1,1.1,465,39,2,2,5669,5,30,2,0,0,0,0,0,0,0,5,,,
1,1.2,473,37,2,2,1871,4,30,2,1,1,0,5,0,0,0,3,3,3.9,4
1,1.2,473,40,2,2,2008,3,30,2,1,6,0,1,1,0,0,2,3,0,0
1,1.1,473,41,2,2,2868,3,35,2,1,3,0,1,1,0,5,1,,,
1,1.1,473,42,2,2,1634,3,30,2,5,0,0,5,0,5,0,1,,,
1,1.1,473,44,1,2,2008,4,30,2,1,5,0,1,1,5,0,2,,,
1,1.1,473,45,1,2,2868,4,35,2,1,1,0,5,0,5,0,2,,,
1,1.1,473,47,1,2,2400,3,30,2,5,0,0,5,0,5,5,5,,,
1,1.1,473,48,2,2,1634,4,30,2,0,0,0,0,0,0,0,1,,,
1,1.1,473,49,2,2,2400,4,30,2,0,0,0,0,0,0,0,5,,,
1,1.1,473,50,2,2,1634,5,30,2,0,0,0,0,0,0,0,1,,,
1,1.2,476,32,2,2,1370,3,30,2,1,4,0,5,0,0,0,2,3,0,0
1,1.2,478,43,1,2,8349,4,30,2,1,2,5,5,0,0,0,2,3,0,0
1,1.2,478,45,1,2,7728,2,30,2,1,1,0,5,0,0,0,2,3,0,0
1,1.2,478,47,2,2,7728,3,30,2,1,4,0,5,0,0,0,5,3,0,0
1,1.2,478,48,1,2,7728,4,30,2,1,4,0,5,0,0,0,4,3,0,0
1,1.1,478,49,2,2,5926,4,60,2,0,0,0,0,0,0,0,5,,,
1,1.1,478,50,2,2,2626,4,30,2,0,0,0,0,0,0,0,0,,,
1,1.2,486,32,1,2,8846,3,30,2,5,0,0,5,0,0,0,4,3,4,4
1,1.1,487,37,2,2,4817,3,30,2,1,5,0,1,5,0,0,5,,,
1,1.1,487,38,2,2,4817,4,30,2,0,0,0,0,0,0,0,5,,,
1,1.1,490,33,1,2,7825,3,30,2,1,5,0,1,1,5,0,1,,,
1,1.1,490,34,1,2,7825,4,30,2,5,0,0,5,0,5,0,2,,,
1,1.1,490,35,2,2,7825,5,30,2,5,0,5,1,1,0,0,2,,,
1,1.2,495,37,2,2,597,2,30,2,5,0,0,5,0,0,0,1,3,2.5,3.5
1,1.2,495,38,1,2,996,2,30,2,5,0,0,5,0,0,1,5,3,0,0
1,1.2,495,39,1,2,597,3,30,2,5,0,0,5,0,5,0,3,3,0,0
1,1.1,496,33,2,2,2003,3,33,2,1,6,0,1,1,5,5,1,,,
1,1.2,496,34,2,2,1248,3,30,2,5,0,5,5,0,0,0,1,3,0,0
1,1.1,496,35,2,2,1728,3,30,2,5,0,0,5,0,0,0,1,,,
1,1.1,496,36,2,2,1929,3,60,2,5,0,5,1,1,0,0,3,,,
1,1.1,496,37,1,2,9092,4,30,2,5,0,0,5,0,0,5,4,,,
1,1.1,496,38,1,2,2003,4,30,2,1,4,0,1,1,5,5,2,,,
1,1.1,496,39,1,2,1248,4,30,2,5,0,0,5,0,0,0,1,,,
1,1.1,496,40,1,2,9092,5,30,2,5,0,5,5,0,5,5,4,,,
1,1.1,496,41,1,2,1728,4,30,2,5,0,0,5,0,0,5,1,,,
1,1.1,496,42,2,2,2003,5,30,2,0,0,0,0,0,0,0,1,,,
1,1.2,503,32,2,2,7285,2,30,2,1,6,0,1,1,0,0,1,3,3.6,4
1,1.2,510,32,1,2,3337,4,30,2,1,1,5,5,0,5,0,4,3,998,4
1,1.2,517,35,1,2,886,2,30,2,1,1,0,5,0,0,0,1,3,2.71,5
1,1.2,517,36,2,2,886,3,30,2,1,1,5,5,0,0,0,1,3,2.8,4.8
1,1.1,519,31,2,2,5379,2,30,2,1,5,0,1,1,5,0,1,,,
1,1.1,519,32,1,2,5379,3,30,2,1,2,0,1,5,5,0,1,,,
1,1.2,534,33,1,2,7715,4,30,2,5,0,0,5,0,0,0,1,3,3.8,4
1,1.1,534,34,1,2,7715,5,30,2,5,0,0,5,0,0,0,3,,,
1,1.1,534,35,1,2,8255,3,30,2,1,2,0,5,0,0,0,5,,,
1,1.1,534,36,2,2,8255,4,30,2,0,0,0,0,0,0,0,4,,,
1,1.2,541,34,2,2,5504,3,33,2,1,1,0,5,0,5,0,1,3,0,0
1,1.2,541,35,2,2,5504,4,30,2,1,3,0,1,1,0,5,3,3,0,0
1,1.1,541,37,1,2,5504,5,30,2,1,2,0,5,0,0,5,3,,,
1,1.2,548,41,1,2,5644,5,30,2,1,5,0,1,5,0,5,3,3,3.6,4
1,1.2,548,42,1,2,5644,6,30,2,1,2,0,5,0,0,5,1,3,2.9,4
1,1.1,548,44,1,2,5483,3,30,2,0,0,0,0,0,0,0,3,,,
1,1.1,548,45,2,2,5483,4,30,2,0,0,0,0,0,0,0,0,,,
1,1.2,557,34,1,2,2545,3,30,2,1,1,0,5,0,0,0,1,3,3,4
1,1.2,557,35,2,2,2545,4,30,2,1,5,0,5,0,0,0,1,3,0,0
1,1.1,557,36,2,2,2437,5,60,2,0,0,0,0,0,0,0,1,,,
1,1.2,563,49,1,2,4122,3,30,2,5,0,5,5,0,0,0,1,3,0,0
1,1.1,563,51,1,2,4613,2,30,2,5,0,0,5,0,0,0,1,,,
1,1.1,563,52,2,2,5123,3,35,2,1,5,0,1,1,5,0,2,,,
1,1.2,563,53,2,2,4122,4,30,2,5,0,0,5,0,0,0,1,3,0,0
1,1.1,563,56,1,2,7712,3,30,2,1,4,0,5,0,0,5,5,,,
1,1.2,564,37,1,2,8070,3,30,2,5,0,0,5,0,0,0,1,3,0,0
1,1.1,564,38,1,2,8070,4,30,2,5,0,0,5,0,0,0,1,,,
1,1.1,564,39,2,2,8070,5,95,2,0,0,0,0,0,0,0,5,,,
1,1.1,565,35,2,2,571,3,30,2,1,3,0,1,5,0,5,1,,,
1,1.1,565,36,2,2,571,4,30,2,5,0,0,5,0,0,5,2,,,
1,1.1,569,34,1,2,130,3,60,2,0,0,0,0,0,0,0,2,,,
1,1.1,569,35,2,2,7658,3,30,2,1,5,0,5,0,0,0,1,,,
1,1.1,569,36,1,2,7658,4,30,2,0,0,0,0,0,0,0,2,,,
1,1.2,570,37,1,2,2658,2,30,2,5,0,0,5,0,0,0,1,3,0,0
1,1.2,570,38,1,2,2658,3,30,2,5,0,0,5,0,0,0,1,3,0,0
1,1.1,570,39,1,2,2658,4,30,2,5,0,0,5,0,0,0,1,,,
1,1.1,570,40,1,2,2658,5,30,2,0,0,0,0,0,0,0,1,,,
1,1.1,577,33,2,2,653,3,30,2,1,5,0,5,0,0,0,3,,,
1,1.1,577,34,2,2,653,4,30,2,0,0,0,0,0,0,0,3,,,
1,1.1,581,30,1,2,4911,3,30,2,0,0,0,0,0,0,0,1,,,
1,1.1,582,35,1,2,4754,2,30,2,1,3,0,5,0,5,0,2,,,
1,1.1,582,36,1,2,4754,3,30,2,1,3,0,5,0,0,0,2,,,
1,1.1,582,37,2,2,6195,3,30,2,1,3,0,5,0,0,0,1,,,
1,1.1,582,38,1,2,6195,4,30,2,0,0,0,0,0,0,0,2,,,
1,1.1,586,31,2,2,8494,3,30,2,1,3,0,1,5,0,5,2,,,
1,1.1,586,32,1,2,8494,4,30,2,0,0,0,0,0,0,0,3,,,
1,1.2,593,34,2,2,4878,3,30,2,1,2,0,1,1,5,0,1,3,4,4
1,1.1,596,41,1,2,5768,3,30,2,0,0,0,0,0,0,0,3,,,
1,1.1,597,39,2,2,8283,2,30,2,1,3,5,5,0,0,0,2,,,
1,1.1,599,34,1,2,3496,3,30,2,1,5,0,1,1,0,0,2,,,
1,1.1,599,35,2,2,3496,4,30,2,0,0,0,0,0,0,0,2,,,
1,1.2,602,36,2,2,5839,2,30,2,1,6,0,5,0,0,0,1,3,0,0
1,1.1,602,38,1,2,6193,4,30,2,0,0,0,0,0,0,0,1,,,
1,1.1,602,39,2,2,1977,4,30,2,0,0,0,0,0,0,0,0,,,
1,1.1,602,40,2,2,2887,3,30,2,0,0,0,0,0,0,0,0,,,
1,1.1,605,32,2,2,7239,3,30,2,1,5,5,1,5,0,5,3,,,
1,1.2,605,33,2,2,5243,4,30,2,1,2,5,1,5,5,0,2,3,0,0
1,1.2,607,44,1,2,6063,2,30,2,1,5,0,5,0,5,0,1,3,0,0
1,1.1,607,46,1,2,6063,3,30,2,1,2,0,5,0,0,0,3,,,
1,1.1,607,47,1,2,6140,3,30,2,1,5,0,1,1,0,0,2,,,
1,1.1,607,49,1,2,6140,4,30,2,1,5,0,5,0,0,0,2,,,
1,1.1,607,50,2,2,6140,5,30,2,0,0,0,0,0,0,0,2,,,
1,1.1,607,51,1,2,8371,3,30,2,0,0,0,0,0,0,0,2,,,
1,1.1,608,40,2,2,2442,3,30,2,1,2,0,1,5,0,0,2,,,
1,1.1,608,41,2,2,2507,3,30,2,1,3,0,1,1,5,0,2,,,
1,1.1,608,42,1,2,2507,4,30,2,0,0,0,0,0,0,0,1,,,
1,1.1,608,43,2,2,2507,5,30,2,0,0,0,0,0,0,0,2,,,
1,1.1,608,44,1,2,2507,6,30,2,0,0,0,0,0,0,0,2,,,
1,1.1,608,45,1,2,4492,2,30,2,0,0,0,0,0,0,0,0,,,
1,1.1,610,34,1,2,4584,4,30,2,0,0,0,0,0,0,0,0,,,
1,1.1,610,35,1,2,4584,5,30,2,0,0,0,0,0,0,0,0,,,
1,1.1,616,32,1,2,191,3,30,2,0,0,0,0,0,0,0,4,,,
1,1.1,616,33,1,2,191,4,30,2,0,0,0,0,0,0,0,3,,,
1,1.2,620,40,1,2,3697,3,30,2,5,0,5,5,0,5,0,2,3,3.4,4
1,1.2,620,41,2,2,1748,3,30,2,1,1,0,1,1,0,0,2,3,0,0
1,1.2,620,42,2,2,3697,4,30,2,1,2,0,5,0,0,0,4,3,0,0
1,1.1,620,43,1,2,3697,5,30,2,1,4,0,5,0,0,0,2,,,
1,1.1,620,44,2,2,2520,3,30,2,0,0,0,0,0,0,0,5,,,
1,1.1,620,45,1,2,1299,3,30,2,0,0,0,0,0,0,0,2,,,
1,1.1,620,46,2,2,2520,4,30,2,0,0,0,0,0,0,0,0,,,
1,1.1,624,31,1,2,5145,3,30,2,0,0,0,0,0,0,0,2,,,
1,1.1,625,33,2,2,1341,3,30,2,0,0,0,0,0,0,0,4,,,
1,1.2,626,50,1,2,1325,3,33,2,5,0,0,5,0,5,0,5,3,3.5,4
1,1.1,626,55,2,2,3069,3,30,2,0,0,0,0,0,0,0,4,,,
1,1.2,626,210,2,3,1186,4,33,2,1,2,0,5,0,0,0,1,3,3.8,5
1,1.1,628,35,1,2,7413,3,30,,,,,,,,,,3,998,98
1,1.1,628,36,2,2,7413,4,30,,,,,,,,,,3,0,0
1,1.1,628,37,2,2,7413,6,30,,,,,,,,,,3,0,0
1,1.1,628,177,1,3,7413,5,30,,,,,,,,,,3,0,0
1,1.2,631,37,2,2,4475,2,30,2,5,0,0,1,1,0,0,2,3,2.6,4
1,1.2,633,43,2,2,4742,2,30,2,1,2,0,5,0,0,0,2,3,0,0
1,1.1,633,44,2,2,4767,3,30,2,5,0,0,5,0,0,1,4,,,
1,1.1,634,35,2,2,4157,3,30,2,5,0,0,5,0,0,0,2,,,
1,1.1,634,36,2,2,4157,4,30,2,5,0,0,5,0,5,0,2,,,
1,1.2,634,37,1,2,4448,4,30,2,1,2,0,5,0,0,0,1,3,998,5
1,1.2,634,38,1,2,4011,4,30,2,1,2,5,5,0,0,0,5,3,0,0
1,1.1,634,39,1,2,5957,2,30,2,0,0,0,0,0,0,0,2,,,
1,1.1,639,33,1,2,7675,3,30,2,0,0,0,0,0,0,0,5,,,
1,1.2,647,35,2,2,4610,3,30,2,1,2,0,5,0,0,0,1,3,998,4.7
1,1.1,647,36,1,2,4610,4,30,2,5,0,5,5,0,5,0,1,,,
1,1.1,647,37,1,2,3313,2,30,2,1,3,0,5,0,0,5,4,,,
1,1.1,647,38,2,2,2679,3,30,2,5,0,5,5,0,5,0,5,,,
1,1.1,647,39,1,2,3313,3,30,2,0,0,0,0,0,0,0,4,,,
1,1.1,647,40,1,2,4042,4,30,2,0,0,0,0,0,0,0,2,,,
1,1.1,647,41,1,2,4042,5,30,2,0,0,0,0,0,0,0,2,,,
1,1.1,647,42,2,2,2679,4,30,2,0,0,0,0,0,0,0,4,,,
1,1.1,647,43,2,2,4042,6,30,2,0,0,0,0,0,0,0,0,,,
1,1.2,649,35,1,2,2703,3,30,2,1,4,0,5,0,0,0,2,3,0,0
1,1.1,652,39,1,2,3399,4,30,2,1,1,0,5,0,5,0,2,,,
1,1.1,652,41,1,2,4965,3,30,2,0,0,0,0,0,0,0,1,,,
1,1.2,654,34,1,2,4010,4,97,2,5,0,0,5,0,0,0,1,3,0,0
1,1.2,654,35,1,2,4068,6,30,2,5,0,0,5,0,0,0,2,3,0,0
1,1.1,654,37,2,2,4068,5,30,2,5,0,5,5,0,0,0,1,,,
1,1.2,655,33,1,2,2826,5,30,2,1,1,0,5,0,5,5,1,3,0,0
1,1.1,656,39,1,2,1635,3,30,2,5,0,0,5,0,0,0,3,,,
1,1.1,660,32,1,2,3542,3,30,2,1,2,0,1,5,0,0,2,,,
1,1.1,660,33,1,2,3542,4,30,2,0,0,0,0,0,0,0,3,,,
1,1.1,671,31,2,2,7695,3,30,2,0,0,0,0,0,0,0,0,,,
1,1.1,672,31,2,2,8198,2,30,2,1,4,5,5,0,5,0,5,,,
1,1.1,672,32,1,2,8046,3,30,2,5,0,0,5,0,0,0,3,,,
1,1.1,672,33,1,2,6948,2,30,2,0,0,0,0,0,0,0,2,,,
1,1.1,672,34,2,2,8198,3,30,2,0,0,0,0,0,0,0,5,,,
1,1.1,672,35,2,2,8046,4,30,2,0,0,0,0,0,0,0,2,,,
1,1.2,674,33,1,2,4285,3,30,2,5,0,0,5,0,5,0,2,3,0,0
1,1.2,677,38,1,2,3065,3,30,2,1,3,5,1,1,5,5,1,3,0,0
1,1.1,677,39,2,2,854,3,95,2,5,0,0,1,5,5,5,4,,,
1,1.2,677,40,2,2,3065,4,30,2,1,5,5,1,1,5,5,1,3,0,0
1,1.1,677,41,2,2,3065,5,30,2,1,4,0,5,0,0,0,5,,,
1,1.1,677,42,1,2,3065,6,30,2,0,0,0,0,0,0,0,5,,,
1,1.1,677,43,2,2,1088,3,30,2,0,0,0,0,0,0,0,4,,,
1,1.1,677,44,2,2,3065,7,30,2,0,0,0,0,0,0,0,5,,,
1,1.1,677,45,2,2,1088,4,30,2,0,0,0,0,0,0,0,0,,,
1,1.2,686,37,1,2,853,5,60,2,1,1,0,5,0,0,0,0,3,998,4.6
1,1.2,691,37,2,2,467,3,30,2,1,5,0,1,1,0,0,1,3,0,0
1,1.1,692,40,1,2,3009,3,30,2,5,0,0,5,0,0,0,2,,,
1,1.1,692,41,1,2,3009,4,30,2,0,0,0,0,0,0,0,2,,,
1,1.1,698,40,2,2,6244,3,30,2,0,0,0,0,0,0,0,1,,,
1,1.1,698,41,2,2,9027,3,30,2,0,0,0,0,0,0,0,0,,,
1,1.1,698,42,1,2,9027,4,30,2,0,0,0,0,0,0,0,0,,,
1,1.1,699,44,1,2,8656,3,30,2,5,0,0,5,0,0,0,0,,,
1,1.1,702,33,1,2,1533,3,30,2,0,0,0,0,0,0,0,0,,,
1,1.1,706,33,1,2,1343,3,30,2,5,0,0,5,0,0,0,1,,,
1,1.1,709,42,1,2,5235,2,30,2,5,0,0,5,0,0,0,1,,,
1,1.2,709,43,2,2,4783,4,33,2,1,1,0,5,0,0,5,1,3,3.4,4
1,1.2,709,44,1,2,1767,3,35,2,5,0,0,5,0,0,0,1,3,0,0
1,1.2,709,45,1,2,815,3,30,2,1,6,0,1,1,0,0,2,3,0,0
1,1.2,709,47,1,2,815,4,30,2,1,4,0,5,0,0,0,2,3,0,0
1,1.1,709,48,1,2,5235,3,30,2,5,0,0,5,0,0,0,1,,,
1,1.2,709,49,1,2,5359,3,33,2,1,5,0,5,0,0,0,2,3,0,0
1,1.2,709,50,1,2,815,5,30,2,1,4,5,5,0,0,0,2,3,0,0
1,1.1,709,51,1,2,275,3,30,2,1,3,0,5,0,5,5,2,,,
1,1.1,709,52,1,2,7791,2,30,2,5,0,0,5,0,0,0,5,,,
1,1.1,709,53,1,2,275,4,30,2,0,0,0,0,0,0,0,1,,,
1,1.2,712,35,2,2,948,3,30,2,1,5,0,1,1,0,0,2,3,0,0
1,1.2,712,36,1,2,948,4,30,2,1,5,0,1,1,0,0,3,3,0,0
1,1.1,712,37,1,2,948,5,30,2,1,5,0,1,1,5,0,4,,,
1,1.1,712,39,1,2,948,6,30,2,0,0,0,0,0,0,0,4,,,
1,1.1,717,34,2,2,6966,3,30,2,0,0,0,0,0,0,0,3,,,
1,1.2,719,32,1,2,1338,3,60,2,1,1,0,5,0,5,5,1,3,4.75,6
1,1.2,719,33,1,2,8822,3,30,2,1,1,0,5,0,5,5,1,3,4,5
1,1.2,719,34,1,2,8822,4,30,2,1,5,0,1,1,5,5,1,3,0,0
1,1.2,722,36,1,2,203,4,30,2,5,0,0,5,0,0,0,2,3,2.7,4
1,1.2,722,37,1,2,641,2,30,2,5,0,0,5,0,0,0,1,3,3.36,4
1,1.2,727,31,1,2,5570,4,30,2,1,6,0,1,1,5,5,2,3,3,4.5
1,1.1,727,32,1,2,5570,5,60,2,0,0,0,0,0,0,0,3,,,
1,1.1,728,35,2,2,1017,3,30,2,0,0,0,0,0,0,0,4,,,
1,1.2,729,44,1,2,2348,3,30,2,1,1,5,5,0,5,5,2,3,0,0
1,1.1,729,48,1,2,2348,4,30,2,0,0,0,0,0,0,0,4,,,
1,1.2,733,175,1,3,8444,4,30,2,1,1,0,1,1,5,0,4,3,2.7,4.6
1,1.2,734,34,1,2,7997,3,30,2,1,6,5,1,1,5,5,1,3,998,98
1,1.2,734,36,2,2,1319,3,30,2,5,0,0,5,0,5,0,1,3,3.5,5.2
1,1.2,734,37,1,2,1319,4,30,2,5,0,0,5,0,0,0,1,3,4.61,98
1,1.2,734,38,1,2,1319,5,30,2,5,0,0,5,0,0,0,1,3,3.4,4
1,1.1,734,39,2,2,7997,4,30,2,1,6,0,1,1,5,0,2,,,
1,1.1,736,33,2,2,1285,3,30,2,0,0,0,0,0,0,0,5,,,
1,1.1,738,31,1,2,1179,3,30,2,1,5,0,1,1,0,0,4,,,
1,1.1,738,32,1,2,1179,4,30,2,1,5,0,1,1,0,5,4,,,
1,1.1,738,33,2,2,1179,5,30,2,1,5,0,1,1,0,0,4,,,
1,1.1,738,34,1,2,1179,6,30,2,0,0,0,0,0,0,0,3,,,
1,1.1,738,35,2,2,1179,7,30,2,0,0,0,0,0,0,0,0,,,
1,1.2,749,36,2,2,2900,3,35,2,1,1,0,5,0,0,0,1,3,3.4,4
1,1.2,749,37,2,2,2900,4,30,2,1,1,0,5,0,0,0,1,3,0,0
1,1.1,749,38,2,2,2900,5,30,2,1,2,0,5,0,0,0,1,,,
1,1.1,749,39,2,2,2900,6,30,2,1,1,0,5,0,0,0,1,,,
1,1.2,750,35,2,2,4957,3,30,2,1,1,0,5,0,0,0,2,3,998,4
1,1.1,751,40,1,2,7877,4,30,2,1,3,0,1,1,0,0,1,,,
1,1.2,751,41,1,2,4834,3,30,2,5,0,0,5,0,0,0,1,3,3,4
1,1.2,751,42,2,2,8030,2,30,2,1,1,0,5,0,0,0,1,3,0,0
1,1.1,751,43,1,2,7877,5,30,2,5,0,0,5,0,5,0,1,,,
1,1.1,751,44,1,2,6432,3,30,2,1,2,0,5,0,5,0,1,,,
1,1.2,751,45,2,2,8030,3,30,2,5,0,5,5,0,0,0,2,3,0,0
1,1.1,751,46,1,2,7877,6,30,2,5,0,0,5,0,5,0,1,,,
1,1.1,751,47,2,2,6432,4,30,2,1,4,0,5,0,0,0,1,,,
1,1.1,751,49,2,2,6432,5,30,2,0,0,0,0,0,0,0,2,,,
1,1.1,762,34,1,2,2498,3,30,2,0,0,0,0,0,0,0,3,,,
1,1.1,769,46,2,2,5913,3,30,2,0,0,0,0,0,0,0,0,,,
1,1.1,771,33,1,2,6711,3,30,2,0,0,0,0,0,0,0,1,,,
1,1.2,773,38,1,2,3381,3,30,2,1,5,0,5,0,5,0,1,3,3.8,4
1,1.2,773,39,1,2,3381,4,30,2,1,5,0,5,0,0,0,1,3,0,0
1,1.1,773,40,2,2,1629,3,33,2,1,6,0,1,1,0,0,1,,,
1,1.2,773,41,2,2,3381,5,30,2,1,5,0,5,0,0,0,1,3,0,0
1,1.1,773,42,1,2,1629,4,33,2,1,4,0,1,1,0,0,3,,,
1,1.1,773,43,1,2,3189,2,30,2,1,2,0,5,0,0,0,5,,,
1,1.2,775,32,2,2,4054,4,30,2,1,3,0,1,1,0,0,1,3,0,0
1,1.2,775,177,2,3,3342,3,35,2,1,3,0,1,5,5,5,2,3,0,0
1,1.1,779,39,2,2,9046,3,30,2,0,0,0,0,0,0,0,1,,,
1,1.1,779,40,1,2,9046,4,30,2,0,0,0,0,0,0,0,1,,,
1,1.2,780,33,1,2,7640,3,30,2,5,0,0,5,0,0,0,1,3,0,0
1,1.2,780,34,2,2,7640,4,30,2,1,5,0,1,1,5,0,1,3,0,0
1,1.1,780,35,2,2,6476,3,30,2,1,5,0,1,5,0,5,3,,,
1,1.1,780,36,1,2,6476,4,30,2,0,0,0,0,0,0,0,3,,,
1,1.2,783,33,2,2,1128,4,30,2,1,4,0,5,0,0,0,1,3,3.7,4
1,1.2,783,34,2,2,1676,3,30,2,5,0,0,5,0,5,5,1,3,3.45,4
1,1.2,783,35,2,2,1128,5,30,2,1,4,0,1,1,0,0,2,3,0,0
1,1.1,783,36,2,2,1676,4,30,2,5,0,0,1,1,5,0,1,,,
1,1.1,783,173,1,3,7456,3,30,2,5,0,5,5,0,0,5,1,,,
1,1.1,789,31,2,2,7138,3,30,,,,,,,,,,3,2.86,4
1,1.2,789,32,2,2,7138,4,30,2,1,5,0,1,1,0,0,5,3,0,0
1,1.1,789,33,2,2,7138,6,30,2,1,2,0,1,5,0,0,4,,,
1,1.1,796,36,1,2,7256,2,30,2,0,0,0,0,0,0,0,3,,,
1,1.1,796,37,1,2,4529,3,30,2,0,0,0,0,0,0,0,5,,,
1,1.1,796,38,2,2,7330,2,30,2,0,0,0,0,0,0,0,1,,,
1,1.1,798,30,1,2,5489,3,30,2,0,0,0,0,0,0,0,4,,,
1,1.1,798,31,1,2,7723,4,30,2,0,0,0,0,0,0,0,2,,,
1,1.1,808,32,2,2,6558,3,30,2,1,3,0,1,5,0,0,2,,,
1,1.2,809,30,1,2,176,2,30,2,5,0,0,5,0,0,0,1,3,998,98
1,1.2,809,31,2,2,176,3,30,2,5,0,0,1,5,5,0,1,3,0,0
1,1.1,817,34,2,2,8613,3,30,2,0,0,0,0,0,0,0,1,,,
1,1.1,823,36,1,2,2219,3,30,2,0,0,0,0,0,0,0,3,,,
1,1.2,826,33,2,2,1608,3,33,2,5,0,0,1,5,5,0,1,3,2.87,4
1,1.2,826,34,1,2,1608,4,33,2,5,0,5,5,0,5,0,1,3,3,4
1,1.2,826,36,2,2,1608,5,30,2,5,0,5,5,0,0,0,1,3,0,0
1,1.1,826,37,2,2,1608,6,30,2,5,0,5,5,0,0,5,1,,,
1,1.2,828,31,2,2,4219,2,30,2,1,1,0,1,5,0,0,1,3,0,0
1,1.2,833,37,2,2,941,3,30,2,1,1,0,5,0,0,0,2,3,997,4
1,1.2,833,38,2,2,941,4,30,2,1,1,0,5,0,5,5,2,3,0,0
1,1.1,833,39,2,2,1539,3,30,2,0,0,0,0,0,0,0,2,,,
1,1.1,833,41,2,2,3639,4,30,2,0,0,0,0,0,0,0,5,,,
1,1.1,833,42,1,2,941,6,60,2,0,0,0,0,0,0,0,5,,,
1,1.1,833,43,2,2,1539,4,30,2,0,0,0,0,0,0,0,2,,,
1,1.1,833,44,1,2,3639,5,30,2,0,0,0,0,0,0,0,5,,,
1,1.2,835,32,2,2,7163,3,30,2,5,0,0,1,5,5,0,1,3,3.5,4.7
1,1.2,835,33,1,2,6837,3,30,2,1,2,0,5,0,0,5,2,3,0,0
1,1.2,835,34,2,2,7163,4,30,2,5,0,0,1,5,5,5,1,3,0,0
1,1.1,838,32,2,2,7073,5,30,2,1,3,0,5,0,5,5,4,,,
1,1.2,840,45,1,2,319,3,60,2,5,0,0,5,0,0,0,5,3,998,3
1,1.1,840,46,2,2,2464,4,30,2,5,0,0,5,0,0,0,2,,,
1,1.2,840,47,2,2,319,4,60,2,5,0,0,5,0,0,0,5,3,998,98
1,1.2,840,48,2,2,2765,4,30,2,1,4,0,5,0,0,0,2,3,4,4
1,1.2,840,49,1,2,3660,3,30,2,5,0,0,5,0,0,5,1,3,0,0
1,1.2,840,50,1,2,319,5,60,2,5,0,0,5,0,0,0,5,3,0,0
1,1.1,840,51,1,2,2765,5,30,2,1,5,0,5,0,0,0,1,,,
1,1.2,843,31,1,2,6788,3,30,2,1,1,0,5,0,5,0,1,3,3.3,4
1,1.2,845,32,1,2,8522,4,60,2,1,4,0,5,0,0,5,1,3,0,0
1,1.1,845,34,1,2,7835,3,30,2,0,0,0,0,0,0,0,0,,,
1,1.1,845,35,2,2,7835,4,30,2,0,0,0,0,0,0,0,0,,,
1,1.2,845,172,2,3,8522,3,60,2,1,2,0,5,0,0,0,1,3,3.4,4
1,1.1,846,49,1,2,3881,4,60,2,5,0,5,5,0,0,0,5,,,
1,1.1,846,193,1,3,4423,3,30,2,5,0,5,5,0,0,0,2,,,
1,1.2,853,31,2,2,4822,4,30,2,1,1,0,5,0,5,0,1,3,3.9,98
1,1.1,855,34,2,2,1357,3,30,2,0,0,0,0,0,0,0,2,,,
1,1.1,855,35,1,2,1357,4,30,2,0,0,0,0,0,0,0,4,,,
1,1.1,856,39,2,2,4685,3,33,2,1,5,0,1,1,0,0,2,,,
1,1.1,856,40,2,2,4685,4,33,2,1,5,0,5,0,0,0,2,,,
1,1.1,856,41,1,2,4685,5,30,2,0,0,0,0,0,0,0,2,,,
1,1.2,860,30,1,2,5303,3,30,2,1,5,0,5,0,0,5,1,3,0,0
1,1.2,863,37,1,2,4216,4,30,2,5,0,0,5,0,5,0,1,3,3.57,4
1,1.1,863,38,2,2,4216,5,30,2,1,5,0,1,1,5,0,1,,,
1,1.2,866,34,2,2,2629,3,30,2,1,1,0,1,1,0,0,1,3,2.8,4
1,1.1,869,32,2,2,960,3,30,2,5,0,0,1,5,0,0,1,,,
1,1.1,869,33,2,2,960,4,30,2,5,0,0,5,0,5,0,1,,,
1,1.1,869,34,2,2,960,5,30,2,5,0,0,5,0,5,0,1,,,
1,1.1,869,35,1,2,960,6,30,2,0,0,0,0,0,0,0,1,,,
1,1.2,876,32,1,2,4292,2,30,2,5,0,0,5,0,5,0,2,3,2.48,4
1,1.2,878,32,1,2,6266,3,30,2,1,1,0,5,0,5,0,1,3,0,0
1,1.1,878,33,2,2,6266,4,30,2,0,0,0,0,0,0,0,3,,,
1,1.1,878,34,2,2,3766,3,30,2,0,0,0,0,0,0,0,2,,,
1,1.2,880,34,2,2,2500,4,35,2,5,0,0,5,0,0,0,1,3,0,0
1,1.1,880,35,1,2,2500,5,35,2,1,4,0,1,1,0,0,1,,,
1,1.1,880,36,1,2,2500,6,30,2,0,0,0,0,0,0,0,0,,,
1,1.1,885,34,2,2,4944,3,30,2,0,0,0,0,0,0,0,5,,,
1,1.2,894,33,2,2,7498,3,30,2,1,1,0,1,1,5,0,2,3,0,0
1,1.2,894,34,1,2,7544,3,30,2,1,2,5,5,0,0,5,5,3,0,0
1,1.2,894,35,1,2,7498,4,30,2,1,1,0,5,0,0,0,4,3,0,0
1,1.2,894,36,1,2,7454,3,30,2,1,3,0,1,5,0,5,2,3,0,0
1,1.2,894,37,1,2,7544,4,30,2,1,2,0,5,0,0,5,5,3,0,0
1,1.1,894,38,2,2,7454,4,30,2,5,0,5,1,5,5,5,3,,,
1,1.2,897,36,1,2,6882,3,30,2,5,0,0,1,1,5,0,1,3,0,0
1,1.2,897,37,2,2,6824,2,30,2,1,3,0,1,1,0,0,4,3,0,0
1,1.1,897,38,1,2,7671,3,30,2,0,0,0,0,0,0,0,1,,,
1,1.1,897,39,2,2,7080,3,30,2,0,0,0,0,0,0,0,2,,,
1,1.1,898,36,1,2,2798,3,30,2,0,0,0,0,0,0,0,2,,,
1,1.1,898,37,2,2,2798,4,30,2,0,0,0,0,0,0,0,0,,,
1,1.2,899,34,1,2,6450,3,30,2,5,0,0,5,0,5,5,1,3,2.9,4
1,1.1,899,36,2,2,579,3,30,2,0,0,0,0,0,0,0,0,,,
1,1.2,904,30,2,2,602,3,30,2,5,0,0,5,0,0,0,4,3,2.8,4
1,1.2,906,31,1,2,7312,3,30,2,1,2,0,5,0,5,0,1,3,0,0
1,1.2,906,32,1,2,7312,4,30,2,1,5,0,1,1,5,0,2,3,0,0
1,1.1,906,33,2,2,7213,3,30,2,1,3,0,5,0,5,0,2,,,
1,1.1,906,34,1,2,7213,4,30,2,0,0,0,0,0,0,0,2,,,
1,1.1,906,35,1,2,7312,5,30,2,0,0,0,0,0,0,0,2,,,
1,1.1,908,38,1,2,6544,3,30,2,0,0,0,0,0,0,0,2,,,
1,1.1,910,39,2,2,3610,4,30,2,1,2,0,1,5,0,0,4,,,
1,1.1,916,39,1,2,7189,3,30,2,0,0,0,0,0,0,0,1,,,
1,1.2,921,31,1,2,2691,3,33,2,1,5,0,5,0,5,0,2,3,1,4
1,1.1,921,32,1,2,2164,3,30,2,1,2,0,5,0,0,1,2,,,
1,1.1,921,33,1,2,2164,4,30,2,1,2,0,5,0,0,5,2,,,
1,1.2,923,30,2,2,4530,3,30,2,1,2,0,5,0,0,0,1,3,998,98
1,1.2,934,34,2,2,2286,3,33,2,5,0,0,5,0,5,0,1,3,998,4
1,1.2,934,35,1,2,4857,3,30,2,5,0,0,5,0,0,5,2,3,998,4
1,1.2,934,36,1,2,2286,4,33,2,5,0,0,1,1,0,5,3,3,998,98
1,1.2,934,37,2,2,4857,4,30,2,5,0,0,1,1,0,5,4,3,0,0
1,1.1,934,38,2,2,2727,3,30,2,5,0,0,1,5,5,0,5,,,
1,1.1,934,39,1,2,2727,4,30,2,0,0,0,0,0,0,0,1,,,
1,1.2,939,36,2,2,2306,3,30,2,1,1,0,5,0,0,0,1,3,0,0
1,1.1,939,37,2,2,2306,4,30,2,1,2,0,1,5,0,0,4,,,
1,1.2,941,40,1,2,6103,3,35,2,5,0,0,5,0,0,0,2,3,0,0
1,1.2,941,41,1,2,1170,5,30,2,5,0,0,5,0,0,0,1,3,1,1
1,1.1,941,42,1,2,6397,3,30,2,0,0,0,0,0,0,0,2,,,
1,1.1,948,35,2,2,1305,3,30,2,1,5,5,1,5,0,0,2,,,
1,1.1,948,37,1,2,1305,4,30,2,1,4,0,1,5,5,0,2,,,
1,1.1,948,38,1,2,1305,5,30,2,0,0,0,0,0,0,0,0,,,
1,1.2,951,32,2,2,5362,3,30,2,5,0,0,5,0,5,5,2,3,3.9,4.7
1,1.1,951,33,2,2,5362,4,30,2,5,0,0,1,5,0,0,2,,,
1,1.1,958,33,1,2,4379,3,30,2,1,3,0,5,0,0,0,4,,,
1,1.2,961,39,1,2,4598,3,30,2,1,2,0,5,0,0,0,2,3,998,98
1,1.2,961,40,2,2,4250,2,30,2,1,1,5,5,0,0,5,0,3,0,0
1,1.2,961,41,1,2,4598,4,30,2,5,0,0,5,0,0,0,1,3,0,0
1,1.1,961,42,1,2,4291,2,30,2,5,0,0,5,0,5,0,5,,,
1,1.1,961,43,1,2,4454,2,30,2,0,0,0,0,0,0,0,0,,,
1,1.1,963,35,2,2,7375,3,30,2,1,5,0,1,1,0,0,3,,,
1,1.1,963,36,1,2,7375,4,30,2,1,1,0,5,0,0,0,1,,,
1,1.1,963,37,1,2,7241,3,30,2,0,0,0,0,0,0,0,1,,,
1,1.1,963,38,2,2,7241,4,30,2,0,0,0,0,0,0,0,0,,,
1,1.1,967,32,2,2,6850,3,30,2,0,0,0,0,0,0,0,4,,,
1,1.1,967,33,2,2,6850,4,30,2,0,0,0,0,0,0,0,4,,,
1,1.1,980,32,2,2,2555,3,30,2,0,0,0,0,0,0,0,4,,,
1,1.1,982,34,1,2,5819,3,30,2,0,0,0,0,0,0,0,1,,,
1,1.1,984,34,2,2,2367,3,30,2,0,0,0,0,0,0,0,4,,,
1,1.1,984,35,2,2,8375,2,30,2,0,0,0,0,0,0,0,1,,,
1,1.1,988,33,2,2,1171,3,30,2,1,4,0,1,1,0,0,2,,,
1,1.1,988,34,1,2,1171,4,30,2,1,4,0,1,1,0,0,2,,,
1,1.1,990,32,2,2,5165,4,30,2,1,6,0,1,1,5,0,4,,,
1,1.1,990,33,2,2,5165,5,30,2,0,0,0,0,0,0,0,4,,,
1,1.2,991,33,1,2,4395,3,30,2,1,6,0,1,1,0,0,1,3,3.2,4
1,1.1,991,34,2,2,3336,3,30,2,5,0,5,1,1,5,5,2,,,
1,1.2,991,35,1,2,4395,4,30,2,1,4,0,1,1,0,0,1,3,0,0
1,1.2,991,36,2,2,3336,4,30,2,1,2,0,5,0,0,5,2,3,0,0
1,1.1,991,37,2,2,3336,5,30,2,5,0,0,5,0,5,5,3,,,
1,1.2,998,35,2,2,2446,4,30,2,1,1,0,5,0,5,5,1,3,3,4
1,1.1,1012,33,2,2,3599,3,30,2,1,6,0,1,1,5,0,4,,,
1,1.1,1012,34,1,2,3512,3,30,2,1,2,0,5,0,0,5,5,,,
1,1.1,1012,36,1,2,3599,4,30,2,1,3,0,5,0,8,0,4,,,
1,1.1,1012,37,1,2,3599,5,30,2,0,0,0,0,0,0,0,3,,,
1,1.1,1012,38,1,2,1076,3,30,2,0,0,0,0,0,0,0,5,,,
1,1.1,1012,39,1,2,1076,4,30,2,0,0,0,0,0,0,0,0,,,
1,1.1,1014,33,1,2,3152,4,30,2,5,0,0,1,5,5,0,5,,,
1,1.1,1014,34,2,2,3152,5,30,2,5,0,0,1,5,0,0,5,,,
1,1.1,1028,43,2,2,5951,2,30,2,1,5,0,1,1,0,0,1,,,
1,1.2,1028,44,1,2,1783,2,30,2,5,0,0,5,0,0,0,2,3,0,0
1,1.1,1028,45,2,2,5951,3,30,2,1,6,0,5,0,0,0,1,,,
1,1.1,1028,46,2,2,2200,3,30,2,1,2,0,5,0,0,0,5,,,
1,1.1,1028,47,2,2,2200,4,30,2,0,0,0,0,0,0,0,5,,,
1,1.2,1030,32,2,2,4340,3,30,2,1,1,0,5,0,5,0,2,3,3.1,4.8
1,1.2,1030,33,1,2,4340,4,30,2,1,3,0,1,1,0,0,2,3,0,0
1,1.2,1033,32,2,2,6044,3,30,2,5,0,0,1,1,5,0,2,3,0,0
1,1.1,1033,33,1,2,178,3,30,2,0,0,0,0,0,0,0,2,,,
1,1.2,1034,31,1,2,119,3,70,2,5,0,0,5,0,0,0,2,3,3.4,4
1,1.2,1034,32,1,2,119,4,70,2,1,6,0,1,1,0,0,1,3,0,0
1,1.1,1034,33,2,2,269,2,30,2,0,0,0,0,0,0,0,1,,,
1,1.2,1036,32,1,2,289,3,30,2,1,1,0,1,1,0,0,1,3,0,0
1,1.2,1036,33,1,2,7594,3,30,2,1,3,5,5,0,0,5,1,3,0,0
1,1.1,1036,34,1,2,7594,4,30,2,1,1,0,5,0,0,5,1,,,
1,1.1,1036,35,2,2,7594,5,30,2,1,5,0,1,1,0,5,1,,,
1,1.1,1036,36,2,2,7594,6,30,2,5,0,0,1,5,0,5,1,,,
1,1.1,1037,39,2,2,3601,3,30,2,5,0,0,5,0,0,0,3,,,
1,1.1,1037,41,2,2,3601,4,30,2,5,0,0,5,0,0,0,2,,,
1,1.1,1037,42,2,2,5685,3,30,2,0,0,0,0,0,0,0,4,,,
1,1.1,1037,44,2,2,5685,4,30,2,0,0,0,0,0,0,0,1,,,
1,1.2,1038,34,2,2,6867,4,30,2,1,5,0,1,1,1,5,4,3,4,4
1,1.1,1038,35,2,2,5537,3,30,2,1,4,0,1,5,5,1,2,,,
1,1.1,1038,36,2,2,5537,4,30,2,0,0,0,0,0,0,0,2,,,
1,1.2,1043,39,1,2,5260,4,33,2,1,3,0,5,0,5,5,1,3,0,0
1,1.1,1047,33,1,2,779,3,30,2,5,0,0,5,0,0,0,3,,,
1,1.1,1047,34,1,2,779,4,30,2,5,0,0,5,0,0,0,4,,,
1,1.1,1047,35,1,2,779,5,30,2,5,0,0,5,0,0,0,2,,,
1,1.2,1048,43,2,2,8456,2,30,2,1,6,5,1,1,0,0,1,3,0,0
1,1.1,1048,44,2,2,3169,3,35,2,5,0,0,5,0,0,0,1,,,
1,1.1,1048,46,1,2,4370,3,30,2,1,3,5,5,0,0,0,2,,,
1,1.1,1048,48,1,2,1409,3,30,2,1,2,0,5,0,0,0,3,,,
1,1.2,1048,50,2,2,5540,5,30,2,5,0,0,5,0,0,0,3,3,0,0
1,1.1,1048,53,2,2,1409,4,30,2,1,2,0,1,5,0,0,2,,,
1,1.1,1048,54,2,2,5540,2,30,2,0,0,0,0,0,0,0,2,,,
1,1.1,1048,55,2,2,3120,3,30,2,0,0,0,0,0,0,0,1,,,
1,1.1,1048,56,2,2,3120,4,30,2,0,0,0,0,0,0,0,1,,,
1,1.1,1048,57,2,2,4047,2,30,2,0,0,0,0,0,0,0,0,,,
1,1.1,1048,58,1,2,7175,4,60,2,0,0,0,0,0,0,0,0,,,
1,1.1,1048,59,2,2,7175,5,60,2,0,0,0,0,0,0,0,0,,,
1,1.1,1048,60,2,2,9107,6,30,2,0,0,0,0,0,0,0,3,,,
1,1.1,1048,61,2,2,4047,3,30,2,0,0,0,0,0,0,0,0,,,
1,1.2,1048,203,2,3,6924,2,30,2,1,3,0,1,1,0,0,2,3,998,4
1,1.1,1048,225,1,3,9107,5,33,2,9,0,0,9,0,0,0,0,,,
1,1.1,1051,46,1,2,7844,3,30,2,1,2,5,5,0,5,0,2,,,
1,1.2,1051,48,2,2,1885,4,30,2,1,1,0,5,0,0,0,2,3,3.3,4
1,1.1,1051,188,1,3,1639,4,60,2,1,2,0,5,0,0,0,5,,,
1,1.1,1055,33,1,2,5173,4,30,2,0,0,0,0,0,0,0,3,,,
1,1.2,1060,33,2,2,6162,3,30,2,1,5,0,1,1,0,5,1,3,0,0
1,1.2,1060,34,2,2,6162,4,30,2,1,2,0,5,0,0,0,1,3,0,0
1,1.1,1060,35,1,2,8197,3,30,2,1,3,0,5,0,5,0,3,,,
1,1.1,1060,36,1,2,8197,4,30,2,0,0,0,0,0,0,0,5,,,
1,1.2,1064,33,1,2,4570,3,30,2,1,1,5,5,0,5,5,1,3,4.1,4.5
1,1.2,1064,35,1,2,4570,4,30,2,1,3,5,5,0,5,5,1,3,0,0
1,1.1,1064,39,1,2,4570,5,30,2,1,4,0,1,1,0,5,1,,,
1,1.2,1066,36,1,2,238,2,30,2,5,0,0,5,0,0,0,1,3,998,98
1,1.2,1066,37,1,2,102,3,30,2,5,0,0,5,0,5,0,2,3,0,0
1,1.2,1066,38,1,2,7847,2,30,2,5,0,0,5,0,0,0,4,3,0,0
1,1.1,1066,39,2,2,102,4,30,2,5,0,0,1,1,5,0,1,,,
1,1.2,1066,176,2,3,102,2,30,2,5,0,0,5,0,0,0,1,3,998,98
1,1.1,1070,32,1,2,229,2,30,2,5,0,0,5,0,0,0,3,,,
1,1.1,1070,33,2,2,229,3,30,2,1,4,0,5,0,0,0,1,,,
1,1.1,1072,33,1,2,2465,3,30,2,1,3,0,5,0,5,0,2,,,
1,1.2,1074,35,1,2,5729,3,30,2,1,6,0,1,1,5,0,0,3,0,0
1,1.1,1074,36,1,2,7950,3,30,2,0,0,0,0,0,0,0,2,,,
1,1.1,1074,37,1,2,7950,4,30,2,0,0,0,0,0,0,0,2,,,
1,1.1,1074,38,2,2,5729,4,30,2,0,0,0,0,0,0,0,0,,,
1,1.1,1080,31,2,2,4466,3,30,2,1,3,0,1,5,5,5,5,,,
1,1.1,1081,33,2,2,4764,3,30,2,1,2,0,1,5,0,0,1,,,
1,1.1,1081,34,2,2,4764,4,30,2,0,0,0,0,0,0,0,1,,,
1,1.2,1084,36,2,2,6752,4,30,2,5,0,0,5,0,0,0,2,3,2.7,4
1,1.2,1084,37,2,2,6752,5,30,2,5,0,0,5,0,5,0,1,3,3.4,4
1,1.1,1087,32,1,2,5448,3,30,2,0,0,0,0,0,0,0,2,,,
1,1.2,1088,39,1,2,4839,3,30,2,5,0,0,5,0,0,0,2,3,0,0
1,1.1,1088,40,2,2,5074,3,30,2,1,4,0,5,0,0,0,1,,,
1,1.1,1088,41,2,2,5074,4,30,2,1,6,0,5,0,0,0,1,,,
1,1.1,1088,42,2,2,4839,4,30,2,5,0,0,5,0,0,5,2,,,
1,1.1,1088,43,2,2,4839,5,30,2,5,0,0,5,0,0,5,2,,,
1,1.1,1088,45,1,2,5074,5,30,2,0,0,0,0,0,0,0,1,,,
1,1.1,1090,33,1,2,403,3,30,2,0,0,0,0,0,0,0,2,,,
1,1.1,1092,36,2,2,6881,3,30,2,0,0,0,0,0,0,0,2,,,
1,1.1,1094,32,2,2,647,3,30,2,5,0,0,5,0,0,0,1,,,
1,1.1,1094,33,1,2,647,4,30,2,5,0,0,5,0,0,0,1,,,
1,1.1,1094,34,2,2,647,5,30,2,5,0,0,1,5,0,5,1,,,
1,1.1,1094,35,2,2,4874,3,30,2,0,0,0,0,0,0,0,2,,,
1,1.2,1095,32,1,2,8291,4,30,2,5,0,0,5,0,0,0,1,3,3.1,3.4
1,1.1,1097,32,2,2,622,3,30,2,5,0,0,1,5,0,5,2,,,
1,1.1,1097,34,2,2,622,4,30,2,5,0,0,5,0,0,5,2,,,
1,1.2,1098,34,1,2,5451,3,30,2,1,4,0,1,1,0,5,2,3,0,0
1,1.2,1098,35,2,2,5451,4,30,2,1,6,0,1,1,0,5,2,3,4,4
1,1.1,1109,31,2,2,7994,3,30,2,0,0,0,0,0,0,0,3,,,
1,1.2,1121,35,2,2,2729,3,30,2,5,0,0,5,0,5,0,1,3,998,98
1,1.1,1121,36,1,2,6278,3,70,2,0,0,0,0,0,0,0,0,,,
1,1.2,1126,38,1,2,5326,3,30,2,1,2,0,5,0,5,0,1,3,4.2,4.2
1,1.2,1126,39,1,2,5326,4,30,2,1,6,5,5,0,5,0,1,3,0,0
1,1.1,1126,41,1,2,5326,5,30,2,1,3,0,1,1,5,0,2,,,
1,1.2,1127,31,1,2,8075,3,30,2,1,6,0,1,1,1,0,1,3,998,98
1,1.2,1127,32,1,2,2274,2,30,2,1,5,0,1,1,0,0,2,3,0,0
1,1.1,1127,33,2,2,2274,3,30,2,1,2,0,5,0,0,5,2,,,
1,1.1,1127,34,1,2,2274,4,30,2,1,2,0,5,0,0,0,4,,,
1,1.1,1127,35,1,2,8075,4,30,2,1,1,0,5,0,0,0,1,,,
1,1.1,1129,48,2,2,4171,3,30,2,0,0,0,0,0,0,0,1,,,
1,1.1,1129,49,1,2,4171,4,30,2,0,0,0,0,0,0,0,1,,,
1,1.1,1129,203,1,3,8420,2,30,2,5,0,0,5,0,0,0,0,,,
1,1.1,1131,35,2,2,7920,4,30,2,0,0,0,0,0,0,0,5,,,
1,1.1,1131,36,2,2,7920,5,30,2,0,0,0,0,0,0,0,4,,,
1,1.1,1141,38,1,2,5224,5,60,2,1,6,5,1,1,5,5,1,,,
1,1.1,1141,40,1,2,664,3,30,2,0,0,0,0,0,0,0,2,,,
1,1.1,1144,40,2,2,1222,3,30,2,1,5,0,5,0,0,0,3,,,
1,1.1,1144,42,1,2,1222,4,30,2,0,0,0,0,0,0,0,3,,,
1,1.2,1147,32,1,2,8885,3,30,2,5,0,0,5,0,0,0,1,3,1.8,4
1,1.2,1147,33,2,2,8885,4,30,2,5,0,0,5,0,1,0,1,3,0,0
1,1.2,1147,34,1,2,8885,5,30,2,1,3,0,5,0,0,5,4,3,0,0
1,1.1,1147,35,1,2,8885,6,30,2,0,0,0,0,0,0,0,0,,,
1,1.2,1149,31,1,2,6936,2,30,2,5,0,0,5,0,5,0,1,3,0,0
1,1.2,1151,41,2,2,4818,4,30,2,1,2,0,5,0,0,0,1,3,3.5,5
1,1.2,1152,39,2,2,822,3,30,2,1,1,0,1,1,5,0,2,3,3.75,4.3
1,1.2,1152,40,2,2,822,4,30,2,1,1,0,1,1,5,0,5,3,0,0
1,1.2,1152,41,1,2,637,3,30,2,1,2,0,1,1,0,5,1,3,0,0
1,1.1,1152,42,2,2,4832,3,30,2,1,6,0,1,1,5,5,2,,,
1,1.2,1152,43,1,2,5094,2,30,2,1,2,0,5,0,0,0,2,3,0,0
1,1.2,1152,44,2,2,822,5,30,2,1,1,0,1,1,5,0,3,3,0,0
1,1.1,1152,45,1,2,6472,3,30,2,5,0,5,5,0,5,5,5,,,
1,1.1,1152,46,2,2,3712,3,30,2,1,3,0,1,5,5,5,4,,,
1,1.1,1152,47,1,2,3712,4,30,2,1,2,0,5,0,0,0,4,,,
1,1.1,1152,48,1,2,5094,3,30,2,1,5,0,5,0,0,0,1,,,
1,1.1,1152,49,1,2,6472,4,30,2,0,0,0,0,0,0,0,5,,,
1,1.1,1152,50,1,2,3712,5,30,2,0,0,0,0,0,0,0,4,,,
1,1.1,1152,51,1,2,1778,3,30,2,0,0,0,0,0,0,0,2,,,
1,1.1,1152,52,2,2,3712,6,30,2,0,0,0,0,0,0,0,0,,,
1,1.1,1152,53,1,2,1778,4,30,2,0,0,0,0,0,0,0,2,,,
1,1.1,1152,54,2,2,637,4,30,2,0,0,0,0,0,0,0,0,,,
1,1.1,1155,37,2,2,6988,2,30,2,0,0,0,0,0,0,0,0,,,
1,1.1,1155,179,1,3,6988,3,30,2,0,0,0,0,0,0,0,5,,,
1,1.2,1161,31,2,2,6715,4,30,2,1,5,0,5,0,5,5,1,3,4,4
1,1.1,1161,32,1,2,6715,5,30,2,1,2,0,5,0,5,5,2,,,
1,1.2,1162,36,2,2,7109,3,33,2,1,3,0,1,5,0,5,1,3,0,0
1,1.1,1162,37,2,2,7109,4,33,2,5,0,0,5,0,0,0,2,,,
1,1.1,1162,38,1,2,7109,5,33,2,5,0,0,5,0,0,0,2,,,
1,1.1,1162,39,2,2,3543,3,30,2,0,0,0,0,0,0,0,4,,,
1,1.2,1163,46,2,2,1228,4,30,2,5,0,0,5,0,5,5,2,3,4,4
1,1.2,1163,47,1,2,1228,5,30,2,5,0,0,5,0,5,5,4,3,0,0
1,1.2,1163,48,2,2,1685,3,30,2,1,6,0,1,1,5,0,2,3,0,0
1,1.1,1163,49,1,2,1228,6,30,2,5,0,0,5,0,5,5,3,,,
1,1.1,1163,50,2,2,1685,4,30,2,1,4,0,5,0,0,0,4,,,
1,1.1,1163,51,2,2,1685,5,30,2,1,5,0,5,0,0,5,2,,,
1,1.1,1163,52,2,2,2778,3,30,2,0,0,0,0,0,0,0,2,,,
1,1.1,1163,53,2,2,6488,3,30,2,0,0,0,0,0,0,0,0,,,
1,1.1,1163,54,1,2,6488,4,30,2,0,0,0,0,0,0,0,0,,,
1,1.1,1163,55,1,2,1685,6,30,2,0,0,0,0,0,0,0,0,,,
1,1.1,1163,56,2,2,6598,3,30,2,0,0,0,0,0,0,0,0,,,
1,1.1,1163,57,2,2,2778,4,30,2,0,0,0,0,0,0,0,2,,,
1,1.1,1163,58,2,2,5020,3,30,2,0,0,0,0,0,0,0,4,,,
1,1.1,1164,34,2,2,7262,3,30,2,0,0,0,0,0,0,0,0,,,
1,1.1,1164,35,2,2,2902,3,30,2,0,0,0,0,0,0,0,1,,,
1,1.1,1164,36,2,2,6636,3,30,2,0,0,0,0,0,0,0,2,,,
1,1.1,1164,37,2,2,7262,4,30,2,0,0,0,0,0,0,0,0,,,
1,1.1,1164,38,2,2,2902,4,30,2,0,0,0,0,0,0,0,1,,,
1,1.1,1164,39,1,2,2902,5,30,2,0,0,0,0,0,0,0,1,,,
1,1.2,1166,38,2,2,3629,2,30,2,5,0,0,5,0,0,0,0,3,0,0
1,1.2,1166,39,2,2,3629,3,30,2,1,5,0,1,1,0,0,0,3,0,0
1,1.2,1166,40,1,2,3629,4,30,2,5,0,0,5,0,0,0,0,3,0,0
1,1.1,1166,41,1,2,7046,3,33,2,5,0,0,5,0,0,0,2,,,
1,1.1,1166,42,1,2,7046,4,33,2,5,0,0,5,0,0,0,2,,,
1,1.1,1166,43,1,2,7046,5,30,2,0,0,0,0,0,0,0,2,,,
1,1.1,1166,44,2,2,7046,6,30,2,0,0,0,0,0,0,0,3,,,
1,1.1,1167,47,1,2,2240,4,33,2,5,0,5,5,0,0,0,4,,,
1,1.1,1167,48,2,2,3816,3,30,2,1,4,0,1,1,0,0,2,,,
1,1.2,1167,49,1,2,2223,2,30,2,1,1,0,5,0,0,0,1,3,0,0
1,1.1,1167,50,1,2,2223,3,30,2,0,0,0,0,0,0,0,1,,,
1,1.1,1168,40,1,2,2641,2,30,2,5,0,0,5,0,0,0,2,,,
1,1.2,1168,42,1,2,2641,3,30,2,5,0,0,5,0,0,0,2,3,998,12
1,1.1,1168,43,1,2,2641,4,30,2,5,0,0,5,0,0,0,2,,,
1,1.2,1168,44,2,2,4085,3,33,2,5,0,0,5,0,0,0,5,3,998,4
1,1.2,1168,45,1,2,4085,4,30,2,5,0,0,5,0,0,0,3,3,0,0
1,1.1,1168,46,1,2,4085,5,30,2,5,0,0,5,0,0,0,1,,,
1,1.1,1168,47,1,2,2641,5,30,2,5,0,5,5,0,0,0,2,,,
1,1.2,1168,48,2,2,4794,3,30,2,5,0,0,5,0,0,0,3,3,0,0
1,1.2,1168,49,2,2,1259,2,30,2,5,0,0,5,0,0,1,0,3,0,0
1,1.1,1168,50,1,2,4085,6,30,2,5,0,5,5,0,0,0,2,,,
1,1.1,1168,51,1,2,4085,7,30,2,5,0,5,5,0,0,0,1,,,
1,1.1,1168,52,2,2,4548,2,30,2,5,0,0,5,0,0,5,1,,,
1,1.1,1168,53,1,2,4548,3,30,2,5,0,0,5,0,0,5,1,,,
1,1.1,1168,54,2,2,4548,4,30,2,5,0,0,5,0,0,5,1,,,
1,1.1,1168,55,2,2,4548,5,30,2,5,0,0,5,0,0,5,1,,,
1,1.1,1168,56,2,2,4085,8,30,2,5,0,0,5,0,0,0,2,,,
1,1.1,1168,57,1,2,1259,3,30,2,5,0,0,5,0,0,0,0,,,
1,1.1,1168,58,1,2,3987,3,30,2,5,0,0,1,1,0,0,3,,,
1,1.1,1168,59,1,2,3960,2,30,2,1,4,5,5,0,0,0,3,,,
1,1.1,1168,60,2,2,4794,4,30,2,0,0,0,0,0,0,0,4,,,
1,1.1,1168,61,2,2,2641,6,30,2,0,0,0,0,0,0,0,2,,,
1,1.1,1168,62,2,2,3987,4,30,2,0,0,0,0,0,0,0,3,,,
1,1.1,1168,63,2,2,2641,7,30,2,0,0,0,0,0,0,0,0,,,
1,1.1,1168,65,1,2,4548,6,30,2,0,0,0,0,0,0,0,1,,,
1,1.2,1168,184,2,3,4085,9,33,2,5,0,0,5,0,0,0,1,3,998,4
1,1.1,1184,49,2,2,1846,3,30,2,1,3,0,1,1,0,0,2,,,
1,1.1,1184,50,2,2,1846,4,30,2,1,3,0,1,5,0,0,4,,,
1,1.2,1185,36,1,2,4234,4,30,2,1,1,5,5,0,0,0,1,3,2.5,4.3
1,1.1,1200,36,1,2,7531,3,33,2,5,0,0,5,0,5,0,2,,,
1,1.1,1203,33,2,2,8635,3,30,2,1,1,0,5,0,0,0,1,,,
1,1.1,1210,32,2,2,864,3,30,2,0,0,0,0,0,0,0,3,,,
1,1.2,1213,32,1,2,7782,4,30,2,5,0,0,5,0,0,0,1,3,997,98
1,1.1,1213,33,1,2,7782,5,30,2,5,0,5,5,0,0,0,1,,,
1,1.2,1221,37,1,2,4849,4,30,2,1,1,0,5,0,0,5,1,3,2.7,4
1,1.2,1222,37,2,2,751,3,30,2,1,6,5,5,0,0,5,4,3,0,0
1,1.2,1222,38,2,2,4930,4,30,2,1,5,0,1,1,0,0,2,3,0,0
1,1.1,1222,39,2,2,4930,5,30,2,1,4,0,5,0,0,0,2,,,
1,1.1,1222,40,2,2,4930,6,30,2,1,3,0,5,0,0,0,1,,,
1,1.1,1222,41,2,2,5376,3,30,2,1,3,0,5,0,0,0,2,,,
1,1.1,1222,42,2,2,5901,2,30,2,0,0,0,0,0,0,0,1,,,
1,1.1,1222,44,1,2,7392,3,30,2,0,0,0,0,0,0,0,4,,,
1,1.1,1222,45,2,2,7392,4,30,2,0,0,0,0,0,0,0,5,,,
1,1.1,1222,46,2,2,5901,3,30,2,0,0,0,0,0,0,0,0,,,
1,1.2,1227,196,2,3,3677,4,30,2,5,0,0,5,0,0,5,1,3,998,4
1,1.1,1229,34,2,2,5764,3,30,2,0,0,0,0,0,0,0,3,,,
1,1.2,1230,32,1,2,6865,4,30,2,1,5,0,5,0,0,5,1,3,0,0
1,1.2,1230,33,1,2,6865,5,30,2,1,3,0,5,0,0,5,3,3,0,0
1,1.2,1233,36,2,2,6908,5,30,2,5,0,0,5,0,5,0,2,3,998,4
1,1.2,1233,37,1,2,7625,4,30,2,1,3,0,1,1,0,0,1,3,0,0
1,1.1,1233,38,2,2,8912,3,30,2,5,0,5,1,5,0,0,2,,,
1,1.1,1233,39,2,2,8912,4,30,2,5,0,5,1,5,0,0,1,,,
1,1.1,1233,40,1,2,8912,5,30,2,5,0,0,5,0,0,0,1,,,
1,1.1,1233,41,1,2,8912,6,30,2,0,0,0,0,0,0,0,0,,,
1,1.1,1236,33,2,2,2225,4,30,2,5,0,0,5,0,0,0,0,,,
1,1.2,1236,34,2,2,2225,5,30,2,1,4,0,1,5,0,0,2,3,0,0
1,1.1,1236,35,2,2,1724,5,30,2,0,0,0,0,0,0,0,2,,,
1,1.1,1236,175,2,3,1724,4,30,2,0,0,0,0,0,0,0,2,,,
1,1.1,1242,40,2,2,6036,4,30,2,1,5,0,5,0,5,0,1,,,
1,1.1,1242,41,1,2,3813,3,30,2,0,0,0,0,0,0,0,4,,,
1,1.1,1242,42,2,2,3813,4,30,2,0,0,0,0,0,0,0,0,,,
1,1.1,1242,43,1,2,5518,4,30,2,0,0,0,0,0,0,0,0,,,
1,1.1,1242,44,2,2,1753,3,30,2,0,0,0,0,0,0,0,0,,,
1,1.1,1242,45,2,2,3813,5,30,2,0,0,0,0,0,0,0,0,,,
1,1.1,1249,30,1,2,7004,3,30,2,1,2,0,5,0,0,0,2,,,
1,1.1,1249,31,2,2,7004,4,30,2,1,2,0,1,5,0,0,5,,,
1,1.1,1249,32,1,2,7004,5,30,2,0,0,0,0,0,0,0,5,,,
1,1.2,1255,32,2,2,3406,3,30,2,5,0,0,5,0,0,0,3,3,0,0
1,1.2,1255,33,2,2,3406,4,30,2,5,0,0,1,5,0,0,4,3,0,0
1,1.1,1255,34,2,2,2068,3,30,2,1,6,0,1,1,5,0,1,,,
1,1.2,1255,35,2,2,3406,5,30,2,5,0,0,1,5,0,0,2,3,0,0
1,1.1,1256,30,2,2,6953,3,30,2,0,0,0,0,0,0,0,2,,,
1,1.1,1260,45,2,2,8132,3,30,2,5,0,0,5,0,5,0,1,,,
1,1.1,1260,46,2,2,8132,4,30,2,5,0,0,5,0,5,0,1,,,
1,1.1,1266,33,2,2,5579,3,30,2,5,0,0,5,0,5,0,2,,,
1,1.1,1266,34,2,2,4501,3,30,2,0,0,0,0,0,0,0,5,,,
1,1.1,1266,35,2,2,4501,5,30,2,0,0,0,0,0,0,0,5,,,
1,1.1,1267,32,2,2,8363,3,30,2,5,0,0,5,0,0,0,1,,,
1,1.1,1267,33,1,2,8363,4,30,2,5,0,5,5,0,0,0,2,,,
1,1.2,1269,34,1,2,1425,3,30,2,1,1,0,5,0,0,0,1,3,3.9,5
1,1.2,1269,35,1,2,3005,3,35,2,5,0,0,5,0,0,0,2,3,0,0
1,1.1,1269,36,1,2,2869,4,30,2,1,2,0,1,1,0,0,2,,,
1,1.1,1269,37,2,2,2869,5,30,2,1,2,0,1,5,0,0,2,,,
1,1.1,1269,38,1,2,1425,4,30,2,5,0,0,5,0,0,0,5,,,
1,1.2,1269,177,2,3,2869,3,30,2,1,1,0,1,1,0,0,1,3,3.8,4
1,1.1,1270,34,1,2,5122,3,30,2,1,5,0,1,1,5,0,2,,,
1,1.1,1270,35,1,2,5122,4,30,2,0,0,0,0,0,0,0,4,,,
1,1.1,1282,37,1,2,7508,3,30,2,1,1,1,5,0,0,5,1,,,
1,1.1,1282,38,2,2,7508,4,30,2,1,1,0,1,5,0,5,1,,,
1,1.1,1282,39,1,2,7156,3,30,2,0,0,0,0,0,0,0,1,,,
1,1.1,1282,40,2,2,7156,4,30,2,0,0,0,0,0,0,0,0,,,
1,1.2,1284,35,1,2,6097,4,30,2,1,5,0,1,1,0,5,2,3,0,0
1,1.1,1286,34,1,2,6303,3,30,2,0,0,0,0,0,0,0,3,,,
1,1.1,1288,32,1,2,1034,4,30,2,1,1,0,5,0,5,0,2,,,
1,1.1,1288,33,2,2,1034,5,30,2,1,4,0,5,0,5,0,1,,,
1,1.1,1288,34,1,2,1034,6,30,2,0,0,0,0,0,0,0,2,,,
1,1.1,1290,36,1,2,6542,2,30,2,5,0,0,5,0,5,0,5,,,
1,1.1,1290,37,1,2,4223,4,30,2,0,0,0,0,0,0,0,4,,,
1,1.2,1300,34,2,2,8841,3,30,2,5,0,0,5,0,0,0,2,3,4.1,4.2
1,1.1,1300,35,1,2,5776,3,30,2,0,0,0,0,0,0,0,2,,,
1,1.1,1300,36,1,2,5776,4,30,2,0,0,0,0,0,0,0,1,,,
1,1.2,1301,32,2,2,1044,3,60,2,5,0,0,5,0,0,5,1,3,0,0
1,1.2,1301,33,1,2,1044,4,60,2,1,6,0,1,1,0,5,1,3,0,0
1,1.1,1301,34,1,2,2982,3,35,2,5,0,0,5,0,5,0,1,,,
1,1.1,1301,35,2,2,2982,4,30,2,0,0,0,0,0,0,0,2,,,
1,1.1,1302,38,2,2,8809,3,35,2,1,5,5,1,5,0,0,3,,,
1,1.1,1302,39,1,2,8714,3,30,2,1,4,0,1,1,0,0,2,,,
1,1.1,1302,41,2,2,8714,4,30,2,0,0,0,0,0,0,0,0,,,
1,1.1,1302,42,2,2,8809,4,30,2,0,0,0,0,0,0,0,3,,,
1,1.1,1306,32,2,2,8864,3,30,2,5,0,5,1,5,0,0,1,,,
1,1.2,1314,30,1,2,7582,3,30,2,1,5,0,1,1,0,0,1,3,3.66,98
1,1.2,1314,31,2,2,7582,4,30,2,1,3,0,1,1,0,0,1,3,3,4
1,1.2,1314,32,1,2,1180,3,30,2,5,0,0,5,0,0,5,1,3,0,0
1,1.1,1314,33,2,2,7582,5,30,2,1,5,0,1,1,5,0,1,,,
1,1.1,1314,34,2,2,1180,4,30,2,1,6,0,1,1,5,5,2,,,
1,1.1,1314,35,1,2,7582,6,30,2,1,3,0,5,0,0,0,2,,,
1,1.2,1315,40,1,2,4568,6,30,2,1,1,0,5,0,0,0,2,3,4,4
1,1.1,1315,41,2,2,7912,3,30,2,0,0,0,0,0,0,0,0,,,
1,1.2,1335,57,2,2,7976,3,30,2,5,0,0,5,0,5,5,1,3,4,5
1,1.1,1335,59,1,2,5213,3,30,2,1,1,0,5,0,0,5,1,,,
1,1.1,1335,60,1,2,5213,4,30,2,1,3,0,5,0,0,0,1,,,
1,1.2,1335,62,1,2,3162,3,35,2,5,0,5,5,0,0,0,1,3,3.76,4.5
1,1.1,1335,63,1,2,5213,5,30,2,1,3,0,5,0,0,0,1,,,
1,1.2,1335,65,2,2,3162,4,35,2,1,6,5,1,1,0,0,1,3,0,0
1,1.2,1335,66,2,2,4967,3,30,2,5,0,0,1,5,0,5,2,3,0,0
1,1.1,1335,68,1,2,4394,3,30,2,1,1,0,5,0,5,0,1,,,
1,1.1,1335,69,1,2,8500,3,30,2,1,2,0,1,1,5,5,1,,,
1,1.1,1335,70,2,2,7263,3,30,2,1,3,0,5,0,0,5,3,,,
1,1.1,1335,71,2,2,8500,4,30,2,1,5,0,1,1,5,0,1,,,
1,1.1,1335,72,2,2,7263,4,30,2,1,4,5,5,0,0,5,3,,,
1,1.1,1335,74,2,2,4967,4,30,2,5,0,0,1,5,0,0,2,,,
1,1.1,1335,75,1,2,4967,5,30,2,5,0,5,5,0,0,0,2,,,
1,1.1,1335,76,2,2,4802,2,30,2,5,0,5,1,5,5,5,4,,,
1,1.1,1335,77,2,2,4394,4,30,2,1,3,0,1,5,5,0,1,,,
1,1.1,1335,78,1,2,1954,3,30,2,1,1,5,5,0,0,0,4,,,
1,1.1,1335,79,1,2,2309,3,30,2,1,3,0,5,0,0,0,4,,,
1,1.1,1335,80,2,2,1781,2,30,2,0,0,0,0,0,0,0,1,,,
1,1.1,1335,82,2,2,4802,3,30,2,0,0,0,0,0,0,0,4,,,
1,1.1,1335,83,1,2,4394,5,30,2,0,0,0,0,0,0,0,1,,,
1,1.1,1335,84,2,2,1954,4,30,2,0,0,0,0,0,0,0,4,,,
1,1.1,1335,86,2,2,4967,6,30,2,0,0,0,0,0,0,0,0,,,
1,1.1,1335,87,2,2,1781,3,30,2,0,0,0,0,0,0,0,1,,,
1,1.2,1336,36,2,2,3644,3,33,2,1,3,0,1,1,0,5,2,3,998,98
1,1.2,1336,37,1,2,7646,2,30,2,1,2,0,1,1,0,0,1,3,0,0
1,1.1,1336,38,2,2,7646,3,30,2,1,4,0,1,1,0,0,1,,,
1,1.1,1336,39,2,2,7646,4,30,2,5,0,5,1,5,0,0,1,,,
1,1.1,1336,41,2,2,7646,6,30,2,0,0,0,0,0,0,0,1,,,
1,1.1,1338,30,2,2,3086,3,30,2,5,0,0,5,0,0,0,1,,,
1,1.1,1338,31,1,2,3086,4,30,2,5,0,0,5,0,0,0,1,,,
1,1.2,1342,32,2,2,1527,2,30,2,1,1,0,5,0,0,0,5,3,0,0
1,1.1,1342,33,2,2,1527,3,30,2,5,0,5,5,0,0,0,2,,,
1,1.1,1342,34,1,2,1527,4,30,2,5,0,5,5,0,0,0,1,,,
1,1.2,1345,36,1,2,1887,3,30,2,5,0,0,5,0,0,0,1,3,4,4
1,1.2,1345,37,1,2,2417,3,30,2,1,4,0,1,1,0,0,1,3,998,4
1,1.2,1345,38,1,2,2417,4,30,2,1,5,0,1,1,5,0,2,3,0,0
1,1.1,1345,39,1,2,2417,5,30,2,1,6,0,1,1,5,0,3,,,
1,1.2,1351,37,1,2,8166,4,30,2,5,0,0,5,0,0,0,2,3,4.9,7
1,1.2,1353,34,1,2,3020,3,30,2,1,1,5,5,0,0,5,2,3,0,0
1,1.2,1353,36,1,2,3020,4,30,2,1,6,5,1,1,0,5,2,3,997,98
1,1.1,1353,37,1,2,3020,5,30,2,1,1,0,5,0,0,5,4,,,
1,1.1,1353,38,2,2,3020,6,30,2,1,1,0,5,0,0,5,4,,,
1,1.1,1353,39,1,2,3773,3,30,2,1,3,0,1,1,0,0,4,,,
1,1.1,1353,42,1,2,3020,7,30,2,1,2,0,5,0,5,5,4,,,
1,1.1,1353,43,1,2,3773,4,30,2,0,0,0,0,0,0,0,5,,,
1,1.1,1353,44,2,2,3020,8,30,2,0,0,0,0,0,0,0,4,,,
1,1.2,1355,32,2,2,5937,2,30,2,5,0,0,1,1,0,0,2,3,0,0
1,1.1,1355,33,1,2,8779,3,30,2,0,0,0,0,0,0,0,2,,,
1,1.1,1355,34,1,2,8779,4,30,2,0,0,0,0,0,0,0,2,,,
1,1.1,1355,35,2,2,8779,5,30,2,0,0,0,0,0,0,0,0,,,
1,1.1,1358,31,2,2,1431,6,30,2,0,0,0,0,0,0,0,3,,,
1,1.2,1368,33,1,2,4479,2,30,2,5,0,0,5,0,0,5,1,3,0,0
1,1.1,1368,34,1,2,4479,4,30,2,1,6,5,5,0,0,0,1,,,
1,1.1,1368,35,2,2,6500,5,60,2,0,0,0,0,0,0,0,1,,,
1,1.1,1376,33,2,2,1467,2,30,2,1,6,5,1,1,0,0,5,,,
1,1.1,1376,34,2,2,2950,3,30,2,5,0,0,5,0,0,5,1,,,
1,1.1,1376,35,2,2,1289,3,30,2,0,0,0,0,0,0,0,4,,,
1,1.2,1383,183,2,3,8280,3,33,2,1,3,5,1,1,5,1,2,3,2.9,4.5
1,1.2,1384,31,1,2,8629,3,30,2,5,0,0,5,0,0,0,1,3,3.71,4
1,1.2,1384,32,1,2,8629,4,30,2,1,6,0,5,0,0,5,1,3,3.75,4
1,1.1,1384,33,2,2,8629,5,30,2,5,0,0,5,0,0,5,4,,,
1,1.1,1387,34,2,2,4124,3,30,2,0,0,0,0,0,0,0,1,,,
1,1.2,1394,41,2,2,3497,5,30,2,1,4,5,1,1,0,0,1,3,0,0
1,1.1,1394,42,1,2,1720,3,65,2,1,2,0,5,0,0,0,1,,,
1,1.1,1394,43,2,2,3810,2,30,2,0,0,0,0,0,0,0,4,,,
1,1.1,1394,44,2,2,3515,2,30,2,0,0,0,0,0,0,0,1,,,
1,1.1,1394,45,1,2,4695,3,30,2,0,0,0,0,0,0,0,1,,,
1,1.1,1394,46,2,2,4695,4,30,2,0,0,0,0,0,0,0,0,,,
1,1.1,1397,39,1,2,3856,2,30,2,1,2,0,5,0,0,0,3,,,
1,1.1,1397,184,1,3,3488,3,30,2,5,0,0,5,0,0,0,2,,,
1,1.1,1398,32,2,2,6157,3,30,2,1,5,0,1,1,5,5,2,,,
1,1.1,1398,33,1,2,6157,4,30,2,1,2,0,5,0,5,0,2,,,
1,1.1,1399,41,2,2,3368,3,30,2,5,0,0,1,5,0,0,2,,,
1,1.1,1399,43,2,2,2758,3,30,2,0,0,0,0,0,0,0,5,,,
1,1.1,1399,44,2,2,3368,4,30,2,0,0,0,0,0,0,0,2,,,
1,1.1,1399,190,1,3,9049,3,30,2,1,4,0,5,0,5,0,2,,,
1,1.2,1406,34,1,2,5268,3,30,2,1,2,0,5,0,0,0,2,3,0,0
1,1.1,1406,35,1,2,5268,4,30,2,1,2,0,1,5,0,0,1,,,
1,1.1,1406,36,1,2,6923,3,30,2,5,0,0,5,0,0,0,3,,,
1,1.1,1406,37,1,2,6923,4,30,2,5,0,0,5,0,0,0,2,,,
1,1.1,1406,38,2,2,6923,5,30,2,0,0,0,0,0,0,0,1,,,
1,1.2,1407,33,1,2,4437,3,30,2,5,0,0,5,0,0,0,2,3,0,0
1,1.1,1407,34,2,2,8379,3,33,2,0,0,0,0,0,0,0,5,,,
1,1.2,1411,46,1,2,4224,3,60,2,5,0,0,5,0,5,0,1,3,998,3
1,1.2,1411,47,2,2,3311,4,30,2,5,0,0,5,0,0,0,2,3,0,0
1,1.2,1411,48,1,2,3311,5,30,2,1,6,0,5,0,0,0,4,3,0,0
1,1.1,1411,49,2,2,3311,6,30,2,5,0,0,5,0,0,0,3,,,
1,1.2,1414,32,2,2,1657,3,30,2,5,0,0,5,0,0,0,1,3,0,0
1,1.2,1414,170,1,3,1657,2,30,2,5,0,5,5,0,0,0,1,3,0,0
1,1.1,1419,37,2,2,5101,3,30,2,0,0,0,0,0,0,0,1,,,
1,1.1,1425,33,1,2,1176,3,30,2,0,0,0,0,0,0,0,0,,,
1,1.2,1426,41,2,2,3403,2,30,2,5,0,0,1,1,0,0,2,3,1,1
1,1.2,1426,42,1,2,3403,3,30,2,5,0,0,5,0,0,0,2,3,0,0
1,1.2,1426,43,2,2,5230,4,30,2,1,2,5,5,0,5,0,2,3,0,0
1,1.1,1426,44,2,2,5230,5,30,2,1,5,5,1,1,5,0,2,,,
1,1.1,1426,45,2,2,2981,3,30,2,0,0,0,0,0,0,0,0,,,
1,1.1,1426,46,2,2,2981,4,30,2,0,0,0,0,0,0,0,0,,,
1,1.1,1426,47,1,2,3001,3,30,2,0,0,0,0,0,0,0,5,,,
1,1.1,1426,48,2,2,5230,6,30,2,0,0,0,0,0,0,0,4,,,
1,1.1,1426,49,2,2,2981,5,30,2,0,0,0,0,0,0,0,0,,,
1,1.1,1426,50,1,2,3001,4,30,2,0,0,0,0,0,0,0,0,,,
1,1.1,1426,51,1,2,3116,2,30,2,0,0,0,0,0,0,0,0,,,
1,1.1,1426,52,2,2,3984,4,30,2,0,0,0,0,0,0,0,0,,,
1,1.1,1426,53,2,2,4506,3,30,2,0,0,0,0,0,0,0,2,,,
1,1.1,1426,54,2,2,4506,4,30,2,0,0,0,0,0,0,0,2,,,
1,1.2,1426,188,1,3,5230,3,30,2,5,0,5,5,0,5,0,2,3,2.8,4
1,1.2,1434,36,2,2,1143,4,30,2,1,4,0,5,0,0,5,1,3,3.7,4
1,1.2,1434,37,1,2,4452,3,30,2,1,6,0,5,0,1,5,1,3,3.98,4
1,1.2,1434,38,2,2,1143,5,30,2,1,1,0,5,0,0,5,2,3,0,0
1,1.2,1434,39,2,2,4452,4,30,2,1,6,0,5,0,5,5,1,3,0,0
1,1.2,1434,40,2,2,1922,3,30,2,1,5,5,1,1,0,5,4,3,0,0
1,1.2,1434,41,2,2,4452,5,30,2,1,5,5,1,1,5,0,5,3,0,0
1,1.2,1434,42,2,2,2323,3,30,2,1,5,0,1,1,0,0,4,3,0,0
1,1.2,1434,43,1,2,1143,6,30,2,1,2,0,5,0,0,5,2,3,0,0
1,1.1,1434,44,2,2,1922,4,30,2,1,3,0,1,1,0,5,2,,,
1,1.2,1434,45,2,2,2323,4,30,2,1,3,0,1,1,0,0,2,3,0,0
1,1.1,1434,46,2,2,1143,7,30,2,1,1,0,5,0,0,5,4,,,
1,1.1,1434,47,1,2,1922,5,30,2,1,2,0,5,0,5,5,1,,,
1,1.1,1434,48,1,2,5067,3,30,2,0,0,0,0,0,0,0,0,,,
1,1.1,1434,49,1,2,1143,8,30,2,0,0,0,0,0,0,0,1,,,
1,1.1,1438,38,1,2,54,2,30,2,1,2,0,1,1,5,0,1,,,
1,1.2,1438,39,2,2,4,3,30,2,5,0,0,1,1,5,0,1,3,0,0
1,1.1,1438,42,2,2,4,4,30,2,0,0,0,0,0,0,0,2,,,
1,1.1,1438,43,2,2,272,3,30,2,0,0,0,0,0,0,0,4,,,
1,1.2,1445,38,2,2,4914,3,30,2,1,6,0,1,5,5,1,1,3,3.8,4.3
1,1.1,1445,39,2,2,6744,2,30,2,0,0,0,0,0,0,0,4,,,
1,1.1,1445,40,1,2,6744,3,30,2,0,0,0,0,0,0,0,0,,,
1,1.1,1454,33,2,2,6158,3,30,2,1,2,0,1,5,5,0,3,,,
1,1.1,1454,34,1,2,6158,4,30,2,1,2,0,5,0,5,0,3,,,
1,1.1,1459,34,1,2,6297,3,30,2,5,0,0,5,0,0,0,4,,,
1,1.1,1460,31,1,2,6304,3,30,2,0,0,0,0,0,0,0,5,,,
1,1.2,1462,30,1,2,1395,3,30,2,1,2,0,5,0,0,0,1,3,2.94,4
1,1.2,1462,31,1,2,5505,3,30,2,1,1,5,5,0,5,0,2,3,998,98
1,1.2,1462,32,1,2,5505,4,30,2,1,1,0,1,5,0,5,4,3,0,0
1,1.2,1462,33,2,2,1395,4,30,2,1,2,5,1,5,0,0,1,3,0,0
1,1.1,1468,36,1,2,83,3,30,2,5,0,5,5,0,0,0,4,,,
1,1.1,1468,37,1,2,83,4,30,2,0,0,0,0,0,0,0,4,,,
1,1.1,1473,33,2,2,2222,3,30,2,1,5,0,1,1,5,5,5,,,
1,1.1,1473,34,2,2,5627,3,30,2,1,5,0,1,5,0,0,1,,,
1,1.1,1473,35,1,2,2222,4,30,2,5,0,0,5,0,5,5,5,,,
1,1.1,1473,36,2,2,5627,4,30,2,5,0,0,1,5,0,0,2,,,
1,1.1,1475,33,1,2,8671,2,30,2,0,0,0,0,0,0,0,2,,,
1,1.2,1480,35,1,2,2170,3,33,2,5,0,0,1,1,0,0,4,3,0,0
1,1.2,1480,36,1,2,2170,4,33,2,1,4,0,1,1,0,0,4,3,0,0
1,1.2,1485,37,1,2,1041,2,30,2,5,0,0,5,0,0,5,2,3,0,0
1,1.1,1485,38,1,2,7345,4,35,2,1,3,0,5,0,0,0,3,,,
1,1.1,1485,39,1,2,7345,5,35,2,0,0,0,0,0,0,0,0,,,
1,1.1,1485,180,2,3,7345,3,35,2,1,3,0,5,0,0,5,2,,,
1,1.1,1496,34,1,2,4852,3,30,2,1,5,0,5,0,0,0,2,,,
1,1.1,1496,37,1,2,4852,4,30,2,5,0,0,5,0,0,0,3,,,
1,1.2,1498,42,2,2,4870,4,30,2,1,3,0,1,1,5,0,1,3,0,0
1,1.1,1498,43,2,2,3864,3,30,2,0,0,0,0,0,0,0,1,,,
1,1.2,1498,177,1,3,4870,3,30,2,5,0,0,5,0,0,0,1,3,4,4
1,1.2,1501,32,1,2,8172,3,30,2,5,0,0,5,0,0,0,1,3,2.75,4
1,1.2,1501,33,1,2,8172,4,30,2,5,0,0,5,0,0,0,2,3,0,0
1,1.1,1501,34,2,2,5088,2,30,2,5,0,0,5,0,0,0,3,,,
1,1.1,1501,35,1,2,5088,3,30,2,0,0,0,0,0,0,0,3,,,
1,1.1,1504,32,1,2,4887,3,30,2,1,2,0,1,1,5,5,4,,,
1,1.1,1504,33,2,2,4887,4,30,2,1,5,0,5,0,0,0,2,,,
1,1.2,1510,31,1,2,5602,2,30,2,5,0,0,5,0,0,0,4,3,0,0
1,1.2,1510,32,2,2,5602,3,30,2,5,0,0,1,5,5,0,2,3,0,0
1,1.2,1516,34,2,2,8477,4,30,2,1,5,0,1,1,5,0,2,3,0,0
1,1.2,1520,32,1,2,6653,3,30,2,5,0,0,5,0,0,0,4,3,0,0
1,1.1,1520,33,2,2,7270,3,30,2,0,0,0,0,0,0,0,4,,,
1,1.1,1520,34,1,2,6653,4,30,2,0,0,0,0,0,0,0,0,,,
1,1.2,1522,44,1,2,8062,3,30,2,5,0,0,5,0,0,0,1,3,0,0
1,1.2,1525,33,2,2,1880,3,33,2,1,2,5,5,0,0,0,2,3,0,0
1,1.2,1533,35,1,2,7511,5,30,2,1,5,5,1,1,5,0,1,3,998,98
1,1.1,1533,36,2,2,7511,6,30,2,1,6,0,1,1,5,0,2,,,
1,1.1,1533,37,1,2,7511,7,30,2,1,5,0,1,1,0,0,4,,,
1,1.1,1533,38,2,2,7511,8,30,2,1,5,0,1,1,0,5,4,,,
1,1.1,1537,30,2,2,8043,3,30,2,1,4,0,1,5,0,0,2,,,
1,1.2,1540,32,1,2,5459,3,30,2,1,1,0,5,0,0,0,1,3,998,4
1,1.2,1540,33,2,2,5459,4,30,2,1,6,0,5,0,5,0,1,3,3.7,5
1,1.2,1542,42,1,2,8120,4,30,2,1,1,0,5,0,0,0,1,3,3.9,4
1,1.1,1542,43,2,2,2796,3,30,2,1,3,0,5,0,0,0,2,,,
1,1.2,1551,38,1,2,8992,5,60,2,5,0,0,5,0,0,0,0,3,0,0
1,1.1,1551,39,2,2,5463,3,30,2,5,0,5,5,0,0,0,3,,,
1,1.1,1551,40,1,2,8853,3,30,2,5,0,0,5,0,0,0,5,,,
1,1.1,1551,41,1,2,8853,4,30,2,0,0,0,0,0,0,0,5,,,
1,1.1,1551,43,1,2,5463,4,30,2,0,0,0,0,0,0,0,4,,,
1,1.1,1551,45,2,2,8992,7,60,2,0,0,0,0,0,0,0,0,,,
1,1.1,1565,41,1,2,3927,3,30,2,0,0,0,0,0,0,0,3,,,
1,1.1,1565,42,1,2,3927,4,30,2,0,0,0,0,0,0,0,3,,,
1,1.1,1568,36,1,2,3666,3,30,2,5,0,0,5,0,0,0,1,,,
1,1.1,1568,38,2,2,3666,4,30,2,5,0,0,5,0,0,0,3,,,
1,1.1,1568,41,2,2,3666,5,30,2,1,2,0,1,1,0,0,2,,,
1,1.1,1570,33,2,2,3423,2,30,2,0,0,0,0,0,0,0,0,,,
1,1.1,1570,184,2,3,4257,2,30,2,5,0,0,5,0,0,0,2,,,
1,1.1,1570,185,2,3,4257,3,30,2,5,0,0,5,0,5,0,2,,,
1,1.2,1571,41,1,2,1258,3,30,2,5,0,0,5,0,0,0,1,3,3.1,4.2
1,1.2,1571,43,1,2,4534,2,30,2,5,0,5,5,0,0,0,4,3,0,0
1,1.2,1571,45,1,2,4534,3,30,2,5,0,0,5,0,0,0,4,3,0,0
1,1.1,1571,48,1,2,4534,4,30,2,5,0,5,5,0,0,0,3,,,
1,1.2,1572,45,1,2,1205,5,30,2,5,0,0,5,0,0,0,1,3,2.9,4.5
1,1.2,1572,46,1,2,1205,6,30,2,1,1,5,5,0,0,0,1,3,3.3,4.3
1,1.1,1572,47,1,2,4861,2,30,2,5,0,0,5,0,0,0,1,,,
1,1.1,1572,48,2,2,4861,3,30,2,5,0,5,5,0,0,0,1,,,
1,1.2,1572,50,2,2,1485,3,60,2,5,0,5,1,5,0,0,3,3,0,0
1,1.1,1572,51,1,2,624,2,30,2,5,0,0,5,0,0,0,0,,,
1,1.1,1572,52,1,2,1529,3,30,2,0,0,0,0,0,0,0,2,,,
1,1.1,1572,53,1,2,624,3,30,2,0,0,0,0,0,0,0,0,,,
1,1.2,1579,44,2,2,6159,3,30,2,1,6,0,1,1,0,5,3,3,0,0
1,1.2,1579,46,1,2,6159,4,30,2,1,6,0,1,1,5,5,2,3,0,0
1,1.1,1579,49,1,2,6029,3,30,2,5,0,0,5,0,0,5,2,,,
1,1.1,1579,50,2,2,6961,3,30,2,5,0,0,1,5,0,0,2,,,
1,1.1,1579,51,2,2,6347,3,30,2,1,5,0,1,1,5,0,2,,,
1,1.1,1579,52,2,2,6961,4,30,2,5,0,0,5,0,0,0,2,,,
1,1.1,1579,54,1,2,6159,5,30,2,0,0,0,0,0,0,0,2,,,
1,1.1,1579,55,1,2,6347,4,30,2,0,0,0,0,0,0,0,4,,,
1,1.1,1579,56,2,2,6159,6,30,2,0,0,0,0,0,0,0,0,,,
1,1.1,1579,57,1,2,6029,4,30,2,0,0,0,0,0,0,0,2,,,
1,1.1,1579,58,1,2,6347,5,30,2,0,0,0,0,0,0,0,2,,,
1,1.1,1579,59,1,2,6347,6,30,2,0,0,0,0,0,0,0,0,,,
1,1.1,1579,60,1,2,5658,3,30,2,0,0,0,0,0,0,0,0,,,
1,1.1,1579,61,2,2,6300,5,30,2,0,0,0,0,0,0,0,0,,,
1,1.2,1583,32,2,2,4337,2,30,2,5,0,0,5,0,5,0,1,3,3.2,4
1,1.1,1583,33,2,2,4337,3,30,2,5,0,0,5,0,0,0,3,,,
1,1.1,1583,36,1,2,3636,4,95,2,0,0,0,0,0,0,0,0,,,
1,1.2,1590,33,1,2,8262,3,30,2,1,1,0,5,0,5,5,2,3,0,0
1,1.1,1590,34,1,2,8262,4,30,2,1,1,0,5,0,5,5,2,,,
1,1.1,1590,35,1,2,6579,3,30,2,0,0,0,0,0,0,0,1,,,
1,1.2,1611,35,2,2,8788,3,30,2,5,0,0,5,0,5,0,1,3,3.5,4
1,1.2,1611,36,2,2,482,3,30,2,5,0,0,5,0,0,5,1,3,0,0
1,1.1,1611,39,1,2,482,4,30,2,5,0,5,5,0,5,5,1,,,
1,1.1,1611,40,1,2,482,5,30,2,0,0,0,0,0,0,0,1,,,
1,1.2,1613,43,2,2,4154,3,30,2,1,1,0,5,0,0,0,4,3,3.3,4
1,1.2,1613,45,2,2,6257,5,60,2,5,0,0,1,5,0,0,2,3,0,0
1,1.2,1613,46,1,2,3857,2,30,2,5,0,0,5,0,0,0,2,3,0,0
1,1.1,1613,48,2,2,6257,6,60,2,5,0,0,1,5,0,0,1,,,
1,1.1,1613,49,1,2,3857,3,30,2,5,0,0,5,0,0,0,3,,,
1,1.1,1613,52,2,2,6257,7,60,2,0,0,0,0,0,0,0,2,,,
1,1.1,1621,33,2,2,4895,4,60,2,1,3,0,5,0,5,5,2,,,
1,1.1,1627,33,2,2,983,4,30,2,5,0,0,5,0,0,0,1,,,
1,1.2,1628,34,1,2,1492,3,60,2,1,2,0,5,0,5,5,1,3,4.53,5
1,1.2,1633,31,1,2,3270,3,30,2,1,5,5,1,1,5,0,1,3,0,0
1,1.1,1633,32,1,2,4780,3,30,2,0,0,0,0,0,0,0,3,,,
1,1.1,1635,32,2,2,645,3,30,2,0,0,0,0,0,0,0,3,,,
1,1.2,1645,33,2,2,604,3,30,2,5,0,0,5,0,0,0,2,3,3.5,4
1,1.2,1645,34,1,2,2174,3,30,2,5,0,0,5,0,0,5,1,3,3.8,4
1,1.2,1645,35,2,2,604,4,30,2,5,0,0,5,0,0,0,1,3,0,0
1,1.2,1645,36,2,2,3046,3,30,2,1,2,0,1,1,5,0,1,3,0,0
1,1.2,1645,37,2,2,2174,4,30,2,1,2,0,5,0,0,5,1,3,0,0
1,1.2,1648,33,2,2,1155,5,30,2,5,0,0,5,0,0,0,2,3,0,0
1,1.1,1648,34,2,2,8362,3,30,2,0,0,0,0,0,0,0,2,,,
1,1.2,1652,35,2,2,7427,3,30,2,5,0,0,1,5,0,0,3,3,997,6
1,1.2,1652,36,1,2,5799,3,30,2,1,5,0,1,1,0,5,1,3,0,0
1,1.1,1652,38,1,2,7427,4,30,2,5,0,0,5,0,0,0,4,,,
1,1.2,1652,39,2,2,5799,4,30,2,5,0,0,1,5,0,0,2,3,0,0
1,1.1,1652,40,2,2,6319,3,30,2,1,2,0,1,5,5,5,5,,,
1,1.1,1652,41,2,2,6319,4,30,2,0,0,0,0,0,0,0,5,,,
1,1.1,1652,42,2,2,6319,5,30,2,0,0,0,0,0,0,0,0,,,
1,1.1,1655,36,2,2,8793,2,30,2,0,0,0,0,0,0,0,1,,,
1,1.1,1663,48,2,2,8095,3,30,2,1,5,0,1,1,0,0,1,,,
1,1.1,1663,49,1,2,8095,4,30,2,1,6,0,1,1,0,0,3,,,
1,1.1,1663,52,2,2,7572,3,30,2,0,0,0,0,0,0,0,5,,,
1,1.2,1670,38,1,2,6564,2,60,2,5,0,5,5,0,0,5,4,3,0,0
1,1.2,1682,36,2,2,5098,3,30,2,1,6,0,1,1,5,0,2,3,0,0
1,1.2,1682,37,1,2,5098,4,30,2,1,1,0,5,0,0,0,2,3,0,0
1,1.1,1682,38,1,2,4105,3,30,2,0,0,0,0,0,0,0,3,,,
1,1.1,1684,45,1,2,7110,3,30,2,0,0,0,0,0,0,0,2,,,
1,1.2,1689,32,2,2,1931,2,30,2,1,5,0,1,1,5,5,1,3,998,98
1,1.2,1690,37,2,2,1944,4,30,2,5,0,0,5,0,0,0,2,3,2.6,4
1,1.1,1690,38,1,2,2744,3,30,2,1,2,0,5,0,0,0,3,,,
1,1.1,1692,45,1,2,1850,4,30,2,1,3,5,5,0,5,0,2,,,
1,1.2,1695,55,1,2,2506,4,30,2,1,6,5,1,1,5,5,2,3,3.4,4
1,1.2,1695,56,1,2,4463,3,30,2,1,6,0,1,1,5,5,2,3,3.66,4
1,1.2,1695,57,2,2,3695,2,30,2,1,1,5,5,0,0,0,1,3,0,0
1,1.2,1695,58,2,2,4463,4,30,2,1,6,0,5,0,5,0,1,3,0,0
1,1.2,1695,59,1,2,8578,3,30,2,5,0,5,5,0,0,0,1,3,0,0
1,1.2,1695,61,2,2,7100,3,30,2,5,0,0,5,0,0,0,1,3,0,0
1,1.2,1695,62,1,2,4464,3,30,2,1,5,0,5,0,0,0,2,3,0,0
1,1.1,1695,66,1,2,4463,5,30,2,0,0,0,0,0,0,0,2,,,
1,1.1,1695,67,1,2,4734,3,30,2,5,0,0,5,0,0,0,4,,,
1,1.1,1695,70,2,2,7100,4,30,2,5,0,0,5,0,0,0,1,,,
1,1.1,1695,71,2,2,7100,5,30,2,0,0,0,0,0,0,0,3,,,
1,1.1,1695,72,2,2,4464,4,30,2,5,0,0,5,0,0,0,2,,,
1,1.1,1695,73,1,2,3401,3,30,2,1,5,5,1,1,0,0,5,,,
1,1.1,1695,74,2,2,4734,4,30,2,0,0,0,0,0,0,0,4,,,
1,1.1,1695,76,2,2,3401,4,30,2,0,0,0,0,0,0,0,5,,,
1,1.1,1695,78,2,2,3401,5,30,2,0,0,0,0,0,0,0,0,,,
1,1.1,1695,79,1,2,8570,4,30,2,0,0,0,0,0,0,0,5,,,
1,1.1,1695,80,2,2,5854,3,30,2,0,0,0,0,0,0,0,0,,,
1,1.2,1695,242,2,3,8570,3,30,2,1,3,0,1,5,5,0,0,3,0,0
1,1.1,1695,253,2,3,3608,3,30,2,5,0,0,5,0,0,0,1,,,
1,1.1,1695,254,1,3,3608,4,30,2,0,0,0,0,0,0,0,1,,,
1,1.1,1695,255,2,3,3608,5,30,2,0,0,0,0,0,0,0,1,,,
1,1.2,1697,50,1,2,3974,2,30,2,5,0,0,5,0,0,0,1,3,2.8,4
1,1.2,1697,51,1,2,5785,3,35,2,1,2,0,5,0,5,0,1,3,0,0
1,1.2,1697,52,1,2,2789,3,30,2,5,0,0,5,0,0,0,5,3,0,0
1,1.2,1697,53,2,2,281,4,30,2,5,0,0,1,1,0,0,1,3,0,0
1,1.2,1697,54,2,2,4184,3,30,2,1,3,5,1,1,1,0,2,3,0,0
1,1.1,1697,55,2,2,2789,4,30,2,5,0,5,5,0,5,0,2,,,
1,1.1,1697,56,2,2,4881,3,35,2,5,0,5,5,0,0,0,4,,,
1,1.1,1697,57,1,2,8074,3,30,2,0,0,0,0,0,0,0,2,,,
1,1.1,1697,58,2,2,4184,4,30,2,0,0,0,0,0,0,0,5,,,
1,1.1,1697,59,2,2,2707,2,30,2,0,0,0,0,0,0,0,0,,,
1,1.1,1698,32,1,2,7099,2,30,2,5,0,0,5,0,5,0,1,,,
1,1.1,1698,33,2,2,7099,3,30,2,5,0,0,5,0,5,0,1,,,
1,1.2,1698,175,1,3,4325,4,30,2,1,1,0,5,0,5,5,2,3,998,4
1,1.2,1700,40,1,2,2984,2,30,2,5,0,0,1,1,5,0,1,3,998,12
1,1.1,1700,41,1,2,452,3,30,2,1,1,0,5,0,0,0,1,,,
1,1.1,1700,42,2,2,452,4,30,2,1,2,0,1,5,0,0,1,,,
1,1.1,1701,37,1,2,3951,4,30,2,0,0,0,0,0,0,0,2,,,
1,1.2,1709,32,1,2,2505,3,30,2,5,0,0,5,0,5,5,1,3,0,0
1,1.1,1709,33,2,2,2505,4,30,2,1,2,0,1,5,5,0,1,,,
1,1.2,1717,33,2,2,8094,3,33,2,1,1,0,5,0,0,0,1,3,998,98
1,1.1,1717,34,1,2,8094,4,30,2,1,4,0,1,1,0,0,2,,,
1,1.1,1720,36,2,2,7147,3,30,2,1,2,0,1,1,0,0,5,,,
1,1.1,1720,39,1,2,7147,4,30,2,0,0,0,0,0,0,0,0,,,
1,1.1,1721,33,1,2,2042,3,30,2,1,6,5,5,0,0,0,1,,,
1,1.1,1721,34,1,2,2042,4,30,2,1,5,0,5,0,0,0,1,,,
1,1.2,1722,41,2,2,1514,2,30,2,5,0,0,5,0,5,0,1,3,3.9,4
1,1.2,1722,43,2,2,1888,3,30,2,5,0,0,5,0,0,0,4,3,3.5,5
1,1.2,1722,44,2,2,1888,4,30,2,5,0,0,5,0,0,0,3,3,0,0
1,1.2,1722,45,1,2,9022,3,30,2,5,0,0,5,0,0,5,4,3,0,0
1,1.1,1722,46,2,2,9022,2,30,2,5,0,0,5,0,0,0,1,,,
1,1.1,1722,47,1,2,2746,2,30,2,0,0,0,0,0,0,0,1,,,
1,1.1,1726,34,2,2,4032,3,30,2,1,5,0,1,1,0,5,2,,,
1,1.1,1726,35,2,2,4032,4,30,2,1,5,0,1,1,5,5,2,,,
1,1.1,1726,36,2,2,4032,5,30,2,0,0,0,0,0,0,0,2,,,
1,1.1,1731,37,1,2,1271,3,30,2,5,0,5,5,0,0,0,5,,,
1,1.1,1731,38,1,2,1271,4,30,2,5,0,0,5,0,0,0,5,,,
1,1.1,1731,39,2,2,1271,5,30,2,0,0,0,0,0,0,0,0,,,
1,1.1,1732,32,1,2,7310,3,30,2,0,0,0,0,0,0,0,0,,,
1,1.1,1739,34,1,2,4655,3,30,2,1,4,0,5,0,0,0,3,,,
1,1.1,1739,35,1,2,4655,4,30,2,0,0,0,0,0,0,0,3,,,
1,1.1,1740,33,1,2,4760,3,30,2,0,0,0,0,0,0,0,1,,,
1,1.1,1740,34,1,2,4760,4,30,2,0,0,0,0,0,0,0,1,,,
1,1.2,1751,30,2,2,2314,3,30,2,1,6,0,1,1,5,0,1,3,3.8,4
1,1.2,1751,31,2,2,2314,4,30,2,1,6,0,1,1,5,0,2,3,0,0
1,1.2,1762,47,2,2,1018,4,30,2,1,2,0,5,0,5,0,1,3,2.8,3
1,1.2,1762,48,2,2,1018,5,30,2,1,5,0,5,0,5,0,2,3,0,0
1,1.2,1762,49,2,2,1043,3,33,2,1,2,0,5,0,5,5,1,3,3.2,4
1,1.2,1762,51,1,2,1070,3,30,2,1,3,0,5,0,5,0,2,3,4,6
1,1.2,1762,52,2,2,1203,3,30,2,5,0,0,5,0,0,0,1,3,2.5,98
1,1.2,1762,53,1,2,1070,4,30,2,1,6,0,5,0,0,0,1,3,0,0
1,1.2,1762,54,2,2,1018,2,30,2,5,0,0,5,0,0,0,2,3,0,0
1,1.2,1762,55,1,2,1203,4,30,2,1,3,0,5,0,0,0,2,3,0,0
1,1.1,1762,56,2,2,1125,2,30,2,1,6,0,1,1,0,0,0,,,
1,1.2,1762,57,2,2,1203,5,30,2,5,0,0,5,0,0,0,2,3,0,0
1,1.1,1762,58,2,2,399,3,30,2,5,0,0,5,0,0,0,1,,,
1,1.1,1762,59,1,2,5717,3,60,2,0,0,0,0,0,0,0,1,,,
1,1.1,1762,60,2,2,8439,2,30,2,0,0,0,0,0,0,0,0,,,
1,1.1,1762,61,1,2,1018,6,60,2,0,0,0,0,0,0,0,3,,,
1,1.1,1762,196,1,3,1125,3,30,2,1,5,0,1,1,0,0,0,,,
1,1.2,1763,41,2,2,634,3,30,2,1,5,0,1,1,5,0,2,3,0,0
1,1.2,1763,42,1,2,8431,3,30,2,1,3,0,5,0,0,0,1,3,0,0
1,1.1,1763,43,1,2,4961,3,30,2,1,6,0,1,1,5,0,4,,,
1,1.2,1763,44,1,2,5886,3,30,2,5,0,0,5,0,0,0,2,3,0,0
1,1.2,1763,45,1,2,5886,4,30,2,5,0,0,5,0,0,0,2,3,0,0
1,1.1,1763,46,2,2,7619,3,30,2,0,0,0,0,0,0,0,0,,,
1,1.1,1763,47,1,2,4961,4,30,2,0,0,0,0,0,0,0,4,,,
1,1.1,1763,48,2,2,7619,4,30,2,0,0,0,0,0,0,0,0,,,
1,1.2,1763,183,1,3,634,2,30,2,5,0,0,5,0,0,0,2,3,0,0
1,1.1,1767,34,1,2,5557,2,30,2,1,5,0,1,1,5,0,1,,,
1,1.1,1774,31,1,2,7768,3,30,2,5,0,5,5,0,0,0,1,,,
1,1.2,1774,32,2,2,5945,3,30,2,5,0,0,5,0,0,0,2,3,0,0
1,1.1,1774,33,2,2,7768,4,30,2,5,0,0,1,5,5,0,2,,,
1,1.1,1774,34,1,2,5945,4,30,2,5,0,5,5,0,0,0,2,,,
1,1.1,1775,40,2,2,6283,3,30,2,5,0,0,1,1,0,0,1,,,
1,1.1,1775,41,1,2,6283,4,30,2,0,0,0,0,0,0,0,4,,,
1,1.1,1775,42,1,2,8904,3,30,2,0,0,0,0,0,0,0,0,,,
1,1.1,1776,31,1,2,5586,3,30,2,0,0,0,0,0,0,0,0,,,
1,1.1,1784,36,2,2,2832,3,30,2,0,0,0,0,0,0,0,1,,,
1,1.2,1786,52,2,2,8518,2,30,2,5,0,0,1,5,5,0,2,3,0,0
1,1.2,1786,54,2,2,8515,4,60,2,5,0,0,5,0,0,5,3,3,0,0
1,1.2,1786,55,2,2,8515,5,60,2,5,0,0,1,5,0,5,2,3,0,0
1,1.1,1786,56,2,2,6177,3,30,2,1,4,0,1,1,5,5,1,,,
1,1.1,1786,58,1,2,8518,3,30,2,0,0,0,0,0,0,0,0,,,
1,1.1,1786,61,2,2,8515,6,60,2,0,0,0,0,0,0,0,5,,,
1,1.1,1787,37,1,2,8501,2,30,2,5,0,0,5,0,0,0,2,,,
1,1.1,1787,38,2,2,5802,3,30,2,1,5,0,5,0,5,5,4,,,
1,1.1,1787,39,1,2,7676,3,30,2,5,0,0,5,0,0,0,2,,,
1,1.1,1787,40,2,2,6135,3,30,2,0,0,0,0,0,0,0,3,,,
1,1.1,1787,41,1,2,7676,4,30,2,0,0,0,0,0,0,0,5,,,
1,1.1,1787,42,1,2,6135,4,30,2,0,0,0,0,0,0,0,2,,,
1,1.1,1787,43,1,2,5802,4,30,2,0,0,0,0,0,0,0,4,,,
1,1.1,1787,44,1,2,6135,5,30,2,0,0,0,0,0,0,0,0,,,
1,1.1,1802,39,1,2,5103,3,30,2,5,0,0,5,0,0,0,3,,,
1,1.1,1802,40,1,2,5103,4,30,2,5,0,0,5,0,0,0,1,,,
1,1.1,1805,35,2,2,7077,3,30,2,0,0,0,0,0,0,0,0,,,
1,1.2,1807,38,2,2,8742,3,33,2,1,6,0,1,1,0,0,1,3,0,0
1,1.1,1807,39,1,2,8742,4,33,2,1,5,0,1,1,0,0,5,,,
1,1.1,1807,40,2,2,8592,3,30,2,0,0,0,0,0,0,0,2,,,
1,1.1,1807,41,1,2,8592,4,30,2,0,0,0,0,0,0,0,3,,,
1,1.1,1807,42,2,2,6917,3,30,2,0,0,0,0,0,0,0,1,,,
1,1.2,1810,47,1,2,2650,3,30,2,1,3,0,1,1,5,0,2,3,0,0
1,1.1,1810,48,1,2,2650,4,30,2,1,2,0,5,0,0,0,2,,,
1,1.1,1810,49,1,2,2650,5,30,2,0,0,0,0,0,0,0,2,,,
1,1.1,1813,33,1,2,5587,3,30,2,0,0,0,0,0,0,0,5,,,
1,1.1,1817,36,1,2,7793,3,30,2,0,0,0,0,0,0,0,2,,,
1,1.1,1821,32,2,2,4295,3,30,2,1,2,0,1,5,5,5,3,,,
1,1.1,1821,33,2,2,4295,4,30,2,1,4,0,5,0,5,0,4,,,
1,1.2,1823,35,2,2,5972,2,30,2,1,1,0,1,1,0,1,1,3,0,0
1,1.1,1830,38,2,2,8948,3,30,2,1,2,0,5,0,0,0,2,,,
1,1.1,1830,39,2,2,8948,4,30,2,0,0,0,0,0,0,0,2,,,
1,1.1,1830,40,2,2,2688,3,30,2,0,0,0,0,0,0,0,4,,,
1,1.1,1831,36,2,2,2897,3,30,2,0,0,0,0,0,0,0,5,,,
1,1.1,1831,38,1,2,2897,4,30,2,0,0,0,0,0,0,0,2,,,
1,1.1,1837,37,1,2,893,3,30,2,1,2,0,5,0,0,0,1,,,
1,1.1,1839,39,2,2,4858,2,40,,,,,,,,,,3,0,0
1,1.1,1839,40,2,2,4858,3,40,,,,,,,,,,3,0,0
1,1.2,1839,41,1,2,4858,4,40,2,1,4,5,5,0,0,0,1,3,0,0
1,1.1,1839,42,2,2,4858,5,40,,,,,,,,,,3,0,0
1,1.1,1839,43,1,2,4201,2,30,2,5,0,5,5,0,0,0,4,,,
1,1.1,1839,44,1,2,2527,4,48,2,0,0,0,0,0,0,0,3,,,
1,1.1,1839,45,1,2,2527,5,30,2,0,0,0,0,0,0,0,2,,,
1,1.1,1841,40,2,2,5758,3,30,2,5,0,0,5,0,0,5,4,,,
1,1.1,1841,41,1,2,5758,4,30,2,5,0,0,5,0,0,0,4,,,
1,1.1,1841,42,2,2,5758,5,30,2,5,0,0,1,5,0,0,4,,,
1,1.1,1841,43,2,2,1030,3,30,2,1,3,0,5,0,5,5,2,,,
1,1.1,1841,44,1,2,5758,6,30,2,0,0,0,0,0,0,0,4,,,
1,1.1,1841,45,1,2,1030,4,30,2,0,0,0,0,0,0,0,2,,,
1,1.1,1850,37,1,2,4247,3,30,2,0,0,0,0,0,0,0,3,,,
1,1.1,1850,38,2,2,4247,4,30,2,0,0,0,0,0,0,0,0,,,
1,1.1,1862,34,2,2,8584,4,30,2,0,0,0,0,0,0,0,3,,,
1,1.2,1878,35,2,2,5511,3,30,2,5,0,0,5,0,0,0,2,3,0,0
1,1.1,1878,36,1,2,4430,2,30,2,0,0,0,0,0,0,0,4,,,
1,1.1,1878,37,2,2,5511,4,30,2,0,0,0,0,0,0,0,3,,,
1,1.1,1880,39,1,2,3513,2,30,2,1,2,0,5,0,0,0,2,,,
1,1.1,1887,38,1,2,8118,2,30,2,1,1,0,5,0,0,0,2,,,
1,1.2,1887,39,1,2,8118,3,30,2,1,3,5,5,0,0,0,1,3,998,98
1,1.2,1887,40,1,2,3132,3,30,2,1,1,5,5,0,0,0,2,3,1,1
1,1.2,1887,42,2,2,3132,4,30,2,1,6,5,1,1,0,0,1,3,0,0
1,1.1,1887,45,2,2,3188,3,30,2,5,0,0,5,0,0,0,4,,,
1,1.1,1887,46,1,2,3188,4,30,2,5,0,0,5,0,0,0,4,,,
1,1.2,1887,47,1,2,8118,4,30,2,1,3,0,5,0,0,0,2,3,0,0
1,1.1,1887,48,2,2,1214,3,30,2,5,0,0,5,0,5,5,2,,,
1,1.1,1887,49,2,2,8118,5,30,2,0,0,0,0,0,0,0,1,,,
1,1.1,1887,50,2,2,1214,4,30,2,0,0,0,0,0,0,0,4,,,
1,1.1,1887,51,2,2,2578,3,30,2,0,0,0,0,0,0,0,2,,,
1,1.2,1892,180,2,3,4408,2,30,2,5,0,5,5,0,0,0,2,3,997,4
1,1.1,1893,39,2,2,8579,3,30,,,,,,,,,,3,0,0
1,1.2,1905,34,1,2,520,4,30,2,1,1,0,5,0,5,5,2,3,3.5,4
1,1.1,1911,36,2,2,812,3,30,2,5,0,0,5,0,0,0,1,,,
1,1.1,1911,37,1,2,812,4,30,2,1,5,5,5,0,0,5,1,,,
1,1.1,1914,34,2,2,3010,3,60,2,0,0,0,0,0,0,0,5,,,
1,1.1,1914,35,2,2,2022,3,30,2,0,0,0,0,0,0,0,0,,,
1,1.1,1917,36,1,2,5494,3,30,2,0,0,0,0,0,0,0,1,,,
1,1.1,1917,37,2,2,5494,4,30,2,0,0,0,0,0,0,0,0,,,
1,1.1,1917,38,1,2,1599,5,60,2,0,0,0,0,0,0,0,0,,,
1,1.2,1918,34,1,2,372,3,30,2,1,3,0,1,1,0,5,1,3,2.86,4
1,1.1,1918,35,1,2,1384,3,30,2,0,0,0,0,0,0,0,1,,,
1,1.1,1918,36,1,2,1384,4,30,2,0,0,0,0,0,0,0,1,,,
1,1.1,1919,49,1,2,7645,3,30,2,0,0,0,0,0,0,0,2,,,
1,1.1,1920,38,1,2,1226,3,30,2,0,0,0,0,0,0,0,0,,,
1,1.1,1928,31,2,2,3080,4,33,2,1,3,5,1,1,0,0,3,,,
1,1.2,1935,30,1,2,6417,3,30,2,5,0,5,5,0,0,5,1,3,0,0
1,1.2,1935,31,1,2,6417,4,30,2,5,0,0,5,0,0,0,2,3,0,0
1,1.1,1935,32,2,2,6417,5,30,2,1,3,5,5,0,0,0,2,,,
1,1.2,1936,32,1,2,6528,3,30,2,8,0,0,5,0,0,0,1,3,2.9,4
1,1.2,1936,33,1,2,6528,4,30,2,8,0,0,5,0,0,0,1,3,3,4
1,1.1,1939,35,1,2,6738,3,30,2,1,2,0,5,0,5,5,4,,,
1,1.1,1939,36,2,2,6738,4,30,2,5,0,0,5,0,5,5,4,,,
1,1.1,1939,37,1,2,4218,3,30,2,0,0,0,0,0,0,0,5,,,
1,1.2,1954,34,1,2,7488,3,30,2,5,0,5,5,0,0,0,3,3,998,98
1,1.2,1954,35,1,2,7488,4,30,2,5,0,0,5,0,0,0,3,3,0,0
1,1.1,1954,36,1,2,4228,2,30,2,5,0,0,5,0,0,0,2,,,
1,1.1,1954,37,2,2,4228,3,30,2,0,0,0,0,0,0,0,2,,,
1,1.1,1955,33,1,2,9035,3,30,2,1,4,0,1,1,5,5,1,,,
1,1.2,1956,31,1,2,8492,3,35,2,5,0,0,5,0,0,0,1,3,3.86,4
1,1.1,1956,32,2,2,7068,3,30,2,1,5,0,1,1,0,0,2,,,
1,1.1,1956,33,1,2,7068,4,30,2,5,0,5,5,0,0,0,2,,,
1,1.1,1960,36,2,2,7443,3,30,2,0,0,0,0,0,0,0,1,,,
1,1.1,1961,32,2,2,8415,3,30,2,1,5,0,1,1,0,0,2,,,
1,1.1,1961,33,1,2,8415,4,30,2,1,2,0,5,0,0,0,1,,,
1,1.1,1961,34,1,2,8415,5,30,2,1,5,0,5,0,0,0,2,,,
1,1.1,1962,32,1,2,8974,3,30,2,0,0,0,0,0,0,0,5,,,
1,1.2,1964,37,1,2,1428,3,30,2,1,2,0,1,1,5,1,1,3,998,6
1,1.1,1964,38,1,2,1428,4,30,2,1,5,0,1,1,5,0,1,,,
1,1.1,1964,40,2,2,1428,5,30,2,1,3,0,5,0,5,0,4,,,
1,1.2,1970,33,1,2,7596,3,33,2,5,0,0,5,0,0,0,1,3,2,4
1,1.2,1970,34,2,2,6527,4,30,2,5,0,0,1,5,0,0,1,3,0,0
1,1.1,1970,35,1,2,5921,3,30,2,1,5,0,5,0,0,0,5,,,
1,1.1,1970,36,1,2,5921,4,30,2,1,3,0,1,5,0,0,3,,,
1,1.1,1970,37,1,2,5921,5,30,2,0,0,0,0,0,0,0,5,,,
1,1.2,1972,31,2,2,8733,2,30,2,5,0,0,5,0,0,1,1,3,3.27,4
1,1.1,1975,34,2,2,5556,3,30,2,0,0,0,0,0,0,0,3,,,
1,1.2,1978,32,1,2,6086,4,30,2,1,3,0,5,0,0,0,1,3,3.75,4
1,1.1,1981,174,1,3,8989,2,30,2,1,2,0,5,0,0,0,2,,,
1,1.2,1988,32,2,2,4298,3,30,2,1,4,0,5,0,0,0,2,3,0,0
1,1.2,1988,33,1,2,4298,4,30,2,1,1,0,5,0,0,0,5,3,0,0
1,1.1,1988,34,2,2,4352,3,30,2,5,0,0,5,0,0,0,5,,,
1,1.1,1988,35,1,2,4352,4,30,2,5,0,0,5,0,5,0,5,,,
1,1.2,1994,36,2,2,8838,3,30,2,5,0,0,5,0,0,0,1,3,1.9,3
1,1.2,1994,37,2,2,8838,4,30,2,5,0,0,5,0,0,0,1,3,2,98
1,1.1,1994,39,2,2,6883,5,30,2,0,0,0,0,0,0,0,2,,,
1,1.2,1994,182,2,3,6883,3,30,2,5,0,0,5,0,0,1,2,3,0,0
1,1.2,1994,183,1,3,6883,4,30,2,5,0,0,5,0,0,0,2,3,0,0
1,1.1,2000,31,1,2,3843,4,30,2,5,0,0,5,0,0,5,5,,,
1,1.1,2003,32,1,2,678,3,30,2,0,0,0,0,0,0,0,3,,,
1,1.2,2004,38,2,2,1160,3,30,2,5,0,5,1,1,0,0,1,3,0,0
1,1.1,2004,39,1,2,1160,4,30,2,5,0,0,5,0,0,5,1,,,
1,1.1,2004,41,2,2,8729,3,30,2,1,3,0,5,0,5,0,4,,,
1,1.1,2004,42,1,2,4931,3,30,2,0,0,0,0,0,0,0,0,,,
1,1.1,2004,43,2,2,8729,4,30,2,0,0,0,0,0,0,0,5,,,
1,1.1,2004,44,2,2,4931,4,30,2,0,0,0,0,0,0,0,0,,,
1,1.1,2011,179,1,3,7635,2,30,2,0,0,0,0,0,0,0,4,,,
1,1.1,2012,37,2,2,4660,3,30,2,0,0,0,0,0,0,0,1,,,
1,1.1,2016,35,2,2,8353,3,33,2,0,0,0,0,0,0,0,3,,,
1,1.1,2016,36,2,2,4882,3,30,2,0,0,0,0,0,0,0,2,,,
1,1.2,2017,33,2,2,2040,2,30,2,1,6,0,5,0,0,0,1,3,3,4
1,1.1,2017,34,2,2,2040,3,30,2,1,6,0,5,0,0,0,1,,,
1,1.2,2017,35,2,2,1860,2,30,2,1,2,0,5,0,5,0,1,3,0,0
1,1.2,2017,38,1,2,2862,3,30,2,1,6,0,1,1,5,5,2,3,0,0
1,1.1,2017,40,1,2,2040,4,30,2,1,6,0,5,0,0,0,1,,,
1,1.1,2017,41,1,2,2040,5,30,2,1,6,0,5,0,0,0,1,,,
1,1.1,2017,42,2,2,2862,4,30,2,0,0,0,0,0,0,0,4,,,
1,1.1,2019,33,1,2,1503,2,30,2,1,5,5,1,1,0,0,1,,,
1,1.1,2019,34,2,2,7601,3,30,2,0,0,0,0,0,0,0,3,,,
1,1.1,2026,30,2,2,6759,3,30,2,1,2,0,5,0,5,5,1,,,
1,1.2,2028,33,1,2,3018,3,30,2,5,0,0,5,0,0,0,2,3,3.4,98
1,1.2,2028,34,2,2,3018,4,30,2,5,0,0,5,0,0,0,4,3,0,0
1,1.2,2030,42,1,2,3092,2,30,2,1,5,0,5,0,0,0,1,3,997,4
1,1.2,2030,44,1,2,4601,3,30,2,1,6,0,1,1,5,0,2,3,0,0
1,1.1,2030,45,1,2,4601,4,30,2,1,6,0,1,1,5,0,3,,,
1,1.1,2030,46,2,2,8056,3,30,2,1,5,0,1,5,0,5,2,,,
1,1.1,2030,47,1,2,4601,5,30,2,0,0,0,0,0,0,0,3,,,
1,1.1,2030,48,2,2,8056,4,30,2,0,0,0,0,0,0,0,5,,,
1,1.2,2032,42,2,2,1399,2,30,2,5,0,0,5,0,0,0,1,3,2.8,4
1,1.2,2032,43,1,2,1372,3,65,2,5,0,0,5,0,0,0,5,3,0,0
1,1.2,2032,44,2,2,2020,3,33,2,1,6,0,5,0,0,0,1,3,0,0
1,1.1,2032,46,2,2,2020,4,33,2,1,2,0,5,0,0,0,2,,,
1,1.1,2032,47,1,2,2588,2,30,2,5,0,0,5,0,5,5,2,,,
1,1.1,2032,49,1,2,1399,3,30,2,5,0,0,5,0,0,0,2,,,
1,1.1,2032,51,1,2,2624,3,30,2,1,2,0,5,0,0,0,1,,,
1,1.1,2032,54,1,2,2624,4,30,2,0,0,0,0,0,0,0,1,,,
1,1.2,2034,35,2,2,7946,4,30,2,5,0,0,5,0,0,5,5,3,997,98
1,1.1,2034,36,1,2,3934,3,33,2,5,0,0,5,0,0,0,3,,,
1,1.1,2034,37,1,2,3934,4,30,2,0,0,0,0,0,0,0,0,,,
1,1.2,2046,32,1,2,6991,3,30,2,1,1,0,5,0,0,0,1,3,0,0
1,1.1,2046,33,2,2,6991,4,30,2,1,6,0,5,0,5,0,2,,,
1,1.1,2046,34,2,2,6991,5,30,2,1,4,0,1,1,5,0,2,,,
1,1.1,2046,35,1,2,6991,6,30,2,0,0,0,0,0,0,0,1,,,
1,1.1,2051,38,1,2,7796,3,30,2,1,5,0,5,0,0,0,1,,,
1,1.1,2051,39,1,2,7796,4,30,2,1,2,0,5,0,0,0,1,,,
1,1.2,2055,35,1,2,8105,3,30,2,5,0,0,5,0,5,0,1,3,998,98
1,1.1,2055,36,1,2,8105,4,30,2,5,0,0,5,0,0,0,1,,,
1,1.1,2055,37,2,2,8796,3,30,2,0,0,0,0,0,0,0,0,,,
1,1.2,2056,36,2,2,201,2,30,2,5,0,0,5,0,0,0,1,3,0,0
1,1.1,2056,37,2,2,201,3,30,2,1,3,5,1,5,0,0,3,,,
1,1.2,2056,38,2,2,1091,2,30,2,5,0,5,1,5,0,0,1,3,0,0
1,1.1,2056,39,1,2,1091,3,30,2,5,0,5,5,0,5,0,1,,,
1,1.1,2056,40,2,2,334,2,30,2,5,0,5,1,5,0,0,1,,,
1,1.1,2056,41,1,2,334,3,30,2,0,0,0,0,0,0,0,1,,,
1,1.1,2056,42,2,2,1091,4,30,2,0,0,0,0,0,0,0,2,,,
1,1.1,2056,43,1,2,1091,5,30,2,0,0,0,0,0,0,0,2,,,
1,1.1,2059,34,2,2,3031,3,30,2,1,5,5,1,1,0,0,1,,,
1,1.1,2059,35,2,2,3031,4,30,2,1,2,5,5,0,0,0,1,,,
1,1.1,2059,37,2,2,3031,5,30,2,1,2,0,1,5,0,0,1,,,
1,1.2,2061,33,1,2,3975,2,30,2,5,0,0,5,0,0,0,1,3,2.77,4
1,1.2,2061,34,1,2,3975,3,30,2,5,0,0,5,0,0,0,2,3,0,0
1,1.2,2062,39,1,2,2396,3,30,2,1,3,0,5,0,0,0,1,3,0,0
1,1.2,2062,40,2,2,8080,3,33,2,1,6,0,1,1,0,0,2,3,0,0
1,1.1,2062,41,1,2,3395,3,33,2,1,2,0,5,0,0,0,2,,,
1,1.1,2062,42,1,2,8080,4,33,2,5,0,0,5,0,0,0,2,,,
1,1.1,2062,43,2,2,2288,3,30,2,0,0,0,0,0,0,0,0,,,
1,1.1,2062,44,2,2,2396,4,30,2,0,0,0,0,0,0,0,1,,,
1,1.1,2062,45,2,2,2288,4,30,2,0,0,0,0,0,0,0,0,,,
1,1.1,2062,46,2,2,2037,3,30,2,0,0,0,0,0,0,0,1,,,
1,1.2,2067,39,1,2,4158,4,30,2,1,5,0,1,1,5,0,1,3,0,0
1,1.1,2067,45,2,2,4214,3,60,2,0,0,0,0,0,0,0,1,,,
1,1.1,2073,35,2,2,4846,4,30,2,1,5,0,1,1,0,0,2,,,
1,1.2,2073,36,2,2,1694,2,30,2,1,1,0,5,0,0,0,3,3,0,0
1,1.1,2073,37,1,2,4846,5,30,2,0,0,0,0,0,0,0,2,,,
1,1.1,2079,40,2,2,65,3,30,2,1,4,0,1,1,0,0,4,,,
1,1.1,2079,41,1,2,65,4,30,2,1,5,5,5,0,5,0,2,,,
1,1.2,2106,35,1,2,2901,5,30,2,5,0,0,5,0,0,0,2,3,0,0
1,1.1,2108,37,1,2,8914,2,30,2,1,5,0,1,5,0,0,2,,,
1,1.2,2109,32,2,2,2898,4,30,2,5,0,0,5,0,0,0,2,3,998,4
1,1.2,2109,33,1,2,2898,3,30,2,5,0,0,5,0,0,0,2,3,998,98
1,1.1,2119,43,2,2,7697,2,30,2,5,0,0,1,5,0,0,0,,,
1,1.1,2119,44,2,2,7697,3,30,2,5,0,0,5,0,0,0,0,,,
1,1.1,2119,45,1,2,4819,2,30,2,1,1,0,5,0,0,0,0,,,
1,1.1,2119,46,2,2,4819,3,30,2,0,0,0,0,0,0,0,0,,,
1,1.1,2119,47,2,2,2239,3,30,2,0,0,0,0,0,0,0,0,,,
1,1.2,2119,190,2,3,2302,3,30,2,5,0,0,1,5,5,0,1,3,3.56,4
1,1.2,2119,191,1,3,2302,4,30,2,5,0,0,5,0,5,0,1,3,2.6,98
1,1.1,2124,32,1,2,2692,2,30,2,5,0,5,1,1,0,0,1,,,
1,1.1,2124,33,1,2,1121,3,30,2,1,6,0,1,1,5,5,2,,,
1,1.1,2124,34,2,2,2692,3,30,2,5,0,0,5,0,0,0,2,,,
1,1.1,2124,35,2,2,4082,3,30,2,5,0,0,1,1,0,0,2,,,
1,1.1,2124,36,2,2,1121,4,30,2,5,0,0,5,0,0,0,2,,,
1,1.1,2124,37,1,2,4082,4,30,2,5,0,5,5,0,0,0,3,,,
1,1.1,2126,33,2,2,581,3,30,2,0,0,0,0,0,0,0,0,,,
1,1.2,2127,32,1,2,2211,3,30,2,5,0,0,5,0,0,5,1,3,0,0
1,1.2,2127,33,1,2,2211,4,30,2,5,0,0,5,0,0,5,1,3,0,0
1,1.2,2129,38,2,2,7114,3,30,2,1,2,0,5,0,5,5,1,3,3.5,4
1,1.1,2129,39,2,2,3333,3,30,2,1,5,0,1,5,0,0,4,,,
1,1.1,2129,40,1,2,3333,4,30,2,0,0,0,0,0,0,0,4,,,
1,1.1,2129,41,2,2,3333,5,30,2,0,0,0,0,0,0,0,5,,,
1,1.1,2130,32,1,2,4455,3,30,2,1,2,0,5,0,5,1,1,,,
1,1.1,2130,33,2,2,4455,4,30,2,1,3,0,1,5,5,1,1,,,
1,1.1,2132,34,2,2,6344,3,30,2,5,0,5,5,0,0,0,3,,,
1,1.1,2132,35,2,2,6344,4,30,2,0,0,0,0,0,0,0,4,,,
1,1.1,2133,37,1,2,2379,3,30,2,1,5,0,5,0,0,0,4,,,
1,1.1,2133,38,2,2,3220,2,30,2,1,3,5,1,1,0,0,1,,,
1,1.1,2133,41,2,2,2379,4,30,2,5,0,0,1,5,0,0,3,,,
1,1.1,2133,42,1,2,3220,3,30,2,1,3,0,5,0,0,0,1,,,
1,1.1,2133,44,2,2,2379,5,30,2,0,0,0,0,0,0,0,4,,,
1,1.1,2137,35,1,2,3874,4,30,2,5,0,0,5,0,5,0,1,,,
1,1.1,2137,36,1,2,1297,3,30,2,0,0,0,0,0,0,0,2,,,
1,1.1,2137,37,2,2,1297,4,30,2,0,0,0,0,0,0,0,2,,,
1,1.2,2138,35,2,2,2680,5,33,2,1,5,0,1,1,1,0,1,3,0,0
1,1.1,2138,36,1,2,2680,6,33,2,1,5,5,1,1,0,0,2,,,
1,1.1,2146,35,1,2,8065,5,35,2,0,0,0,0,0,0,0,1,,,
1,1.1,2150,32,2,2,1047,3,30,2,0,0,0,0,0,0,0,2,,,
1,1.1,2151,44,1,2,1506,3,30,2,1,2,0,5,0,0,5,2,,,
1,1.1,2151,46,2,2,374,3,30,2,0,0,0,0,0,0,0,1,,,
1,1.1,2151,47,1,2,1506,4,30,2,0,0,0,0,0,0,0,2,,,
1,1.1,2151,48,1,2,1506,5,30,2,0,0,0,0,0,0,0,2,,,
1,1.2,2164,43,2,2,6447,3,30,2,1,6,5,1,1,5,5,1,3,2.7,4
1,1.2,2164,44,2,2,771,2,30,2,1,5,0,1,1,5,0,1,3,0,0
1,1.2,2164,45,2,2,6447,4,30,2,1,6,5,1,1,0,5,1,3,3.2,4
1,1.2,2164,47,1,2,6447,5,30,2,1,6,0,1,1,5,5,1,3,0,0
1,1.1,2164,49,2,2,5130,3,30,2,1,6,0,1,1,5,0,2,,,
1,1.2,2164,50,2,2,6447,6,30,2,1,6,0,1,1,5,5,1,3,0,0
1,1.1,2164,53,2,2,5130,4,30,2,1,6,0,1,1,5,5,2,,,
1,1.2,2164,54,1,2,6447,7,30,2,1,4,0,5,0,5,5,1,3,0,0
1,1.1,2164,57,1,2,6447,8,30,2,1,1,0,5,0,5,0,1,,,
1,1.1,2164,60,1,2,5130,5,30,2,0,0,0,0,0,0,0,2,,,
1,1.1,2164,61,2,2,6447,9,30,2,0,0,0,0,0,0,0,1,,,
1,1.1,2164,62,2,2,5130,6,30,2,0,0,0,0,0,0,0,2,,,
1,1.1,2166,32,2,2,5447,3,30,2,5,0,0,5,0,5,0,3,,,
1,1.1,2166,33,2,2,5447,4,30,2,0,0,0,0,0,0,0,4,,,
1,1.2,2175,34,2,2,668,5,30,2,1,2,5,1,5,5,0,1,3,4.5,5
1,1.1,2181,39,1,2,6213,2,30,2,5,0,0,5,0,0,0,1,,,
1,1.2,2181,42,2,2,4868,4,30,2,1,1,5,5,0,0,0,1,3,0,0
1,1.1,2181,45,1,2,6213,3,30,2,5,0,0,1,1,5,0,1,,,
1,1.1,2181,50,2,2,6213,4,30,2,5,0,0,1,5,5,0,2,,,
1,1.1,2181,51,2,2,4868,5,30,2,1,1,5,5,0,0,0,1,,,
1,1.1,2181,53,2,2,6736,2,30,2,5,0,0,5,0,0,0,1,,,
1,1.2,2181,181,1,3,4868,6,33,2,1,1,0,5,0,0,0,1,3,3,4
1,1.1,2186,35,1,2,6703,3,30,2,0,0,0,0,0,0,0,0,,,
1,1.2,2191,41,2,2,703,2,30,2,5,0,0,5,0,0,0,1,3,3.7,6
1,1.2,2191,42,2,2,1403,2,30,2,5,0,0,5,0,0,0,1,3,0,0
1,1.2,2191,43,2,2,1403,3,30,2,5,0,5,5,0,0,0,1,3,0,0
1,1.1,2191,44,2,2,1638,3,30,2,5,0,0,5,0,1,0,2,,,
1,1.1,2191,45,2,2,703,3,30,2,5,0,0,5,0,0,5,2,,,
1,1.1,2191,46,2,2,703,4,30,2,5,0,5,5,0,0,5,4,,,
1,1.1,2191,47,2,2,1403,4,30,2,5,0,0,5,0,0,0,2,,,
1,1.1,2191,48,2,2,1382,3,30,2,1,2,0,1,1,0,0,1,,,
1,1.1,2191,49,1,2,1382,4,30,2,0,0,0,0,0,0,0,1,,,
1,1.1,2191,50,2,2,1403,5,30,2,0,0,0,0,0,0,0,5,,,
1,1.1,2191,51,1,2,1638,4,30,2,0,0,0,0,0,0,0,0,,,
1,1.2,2191,186,2,3,5061,2,30,2,5,0,5,5,0,5,0,3,3,2.9,98
1,1.2,2195,31,1,2,4276,3,30,2,1,6,0,5,0,5,5,2,3,0,0
1,1.1,2195,32,1,2,4276,4,30,2,1,6,0,5,0,5,5,2,,,
1,1.1,2195,33,1,2,7518,3,30,2,1,2,0,1,1,5,0,2,,,
1,1.1,2195,34,1,2,4997,4,30,2,1,3,0,5,0,0,5,1,,,
1,1.1,2195,35,2,2,4276,5,30,2,1,5,0,1,5,5,5,2,,,
1,1.1,2195,36,2,2,7518,4,30,2,0,0,0,0,0,0,0,2,,,
1,1.1,2195,37,1,2,7518,5,30,2,0,0,0,0,0,0,0,2,,,
1,1.1,2195,194,1,3,4997,3,30,2,1,3,5,5,0,0,5,1,,,
1,1.2,2198,37,2,2,3357,3,33,2,1,1,0,5,0,0,0,1,3,3.7,4
1,1.1,2198,38,1,2,3357,4,33,2,1,3,0,5,0,0,0,1,,,
1,1.1,2198,39,1,2,2023,2,30,2,0,0,0,0,0,0,0,1,,,
1,1.1,2198,40,2,2,1115,3,30,2,0,0,0,0,0,0,0,0,,,
1,1.2,2199,37,1,2,3589,3,30,2,5,0,0,5,0,0,0,1,3,998,98
1,1.1,2199,38,2,2,3589,4,30,2,1,1,5,5,0,0,0,3,,,
1,1.1,2199,39,2,2,3589,5,30,2,0,0,0,0,0,0,0,5,,,
1,1.1,2201,31,2,2,4347,3,30,2,1,5,0,1,1,0,5,1,,,
1,1.1,2201,32,1,2,4347,4,30,2,1,3,0,5,0,0,0,1,,,
1,1.1,2206,32,1,2,7082,3,30,2,1,3,0,1,5,0,0,2,,,
1,1.1,2206,33,2,2,7082,4,30,2,0,0,0,0,0,0,0,4,,,
1,1.2,2210,36,2,2,1822,3,30,2,1,2,0,5,0,5,0,1,3,3,4
1,1.1,2212,36,1,2,2489,3,30,2,5,0,0,5,0,0,5,4,,,
1,1.1,2212,37,2,2,2489,4,30,2,0,0,0,0,0,0,0,5,,,
1,1.1,2219,35,1,2,1493,6,30,2,1,3,5,1,1,0,0,1,,,
1,1.2,2219,177,1,3,1493,4,30,2,1,1,5,5,0,5,0,1,3,3,4.5
1,1.2,2219,178,1,3,1493,5,30,2,1,5,0,5,0,0,0,1,3,3.3,98
1,1.2,2224,46,1,2,1770,4,30,2,5,0,0,5,0,0,0,1,3,3.43,5
1,1.2,2224,47,1,2,1770,5,30,2,5,0,0,5,0,0,0,1,3,0,0
1,1.1,2224,49,1,2,1770,6,30,2,0,0,0,0,0,0,0,5,,,
1,1.1,2225,37,2,2,7536,3,30,2,5,0,0,1,5,0,1,2,,,
1,1.1,2228,39,2,2,7664,3,35,2,0,0,0,0,0,0,0,1,,,
1,1.1,2229,32,2,2,676,3,30,2,0,0,0,0,0,0,0,0,,,
1,1.2,2237,33,1,2,1843,4,30,2,5,0,0,5,0,0,5,1,3,0,0
1,1.1,2237,35,1,2,2945,4,30,2,1,1,0,5,0,0,0,1,,,
1,1.1,2237,36,1,2,2945,5,30,2,1,1,0,5,0,0,0,1,,,
1,1.1,2243,31,1,2,5906,3,30,2,1,5,0,5,0,5,0,1,,,
1,1.1,2243,32,1,2,5906,4,30,2,1,5,0,5,0,0,0,1,,,
1,1.2,2243,33,1,2,6201,3,30,2,1,2,5,5,0,5,0,1,3,0,0
1,1.2,2243,34,1,2,8460,3,30,2,1,3,0,5,0,0,0,1,3,3.5,4.4
1,1.2,2243,35,2,2,8460,4,30,2,1,5,0,5,0,0,0,1,3,0,0
1,1.2,2243,36,1,2,6201,4,30,2,1,2,0,5,0,0,0,1,3,0,0
1,1.1,2244,32,2,2,3967,2,30,2,1,3,0,1,5,5,5,2,,,
1,1.2,2246,31,2,2,3576,3,30,2,1,6,0,1,1,0,0,1,3,3.59,4
1,1.2,2248,35,2,2,7972,3,33,2,5,0,0,5,0,0,0,2,3,3,4
1,1.2,2248,36,2,2,7972,4,33,2,1,5,0,5,0,0,0,2,3,4,5
1,1.2,2248,37,1,2,5757,2,30,2,5,0,0,5,0,0,0,0,3,0,0
1,1.2,2248,38,1,2,5757,3,30,2,5,0,0,5,0,0,0,0,3,0,0
1,1.1,2248,41,2,2,7972,5,33,2,5,0,0,1,5,0,0,2,,,
1,1.1,2250,47,1,2,572,3,30,2,5,0,0,5,0,0,0,1,,,
1,1.2,2250,48,1,2,3409,3,30,2,1,5,0,1,1,5,5,2,3,0,0
1,1.1,2250,49,2,2,8361,3,30,2,5,0,0,1,5,0,0,4,,,
1,1.1,2250,50,1,2,8361,4,30,2,5,0,0,5,0,0,0,3,,,
1,1.1,2250,52,2,2,1265,3,30,2,1,2,0,5,0,0,0,2,,,
1,1.1,2250,53,1,2,572,4,30,2,5,0,0,5,0,0,0,2,,,
1,1.1,2250,54,2,2,3409,5,30,2,5,0,0,5,0,5,5,5,,,
1,1.1,2250,56,2,2,3409,6,30,2,0,0,0,0,0,0,0,0,,,
1,1.1,2250,60,2,2,3409,7,30,2,0,0,0,0,0,0,0,4,,,
1,1.1,2250,61,2,2,8361,5,30,2,0,0,0,0,0,0,0,2,,,
1,1.1,2253,33,1,2,2613,3,30,2,0,0,0,0,0,0,0,5,,,
1,1.1,2253,34,2,2,2613,4,30,2,0,0,0,0,0,0,0,0,,,
1,1.2,2255,33,2,2,3371,3,30,2,1,5,5,1,5,0,5,1,3,3.3,4
1,1.2,2255,34,2,2,3371,4,30,2,5,0,0,5,0,0,5,1,3,0,0
1,1.2,2256,32,1,2,5090,3,30,2,1,1,0,5,0,0,0,1,3,2.5,4
1,1.2,2256,33,1,2,5090,4,30,2,1,5,0,5,0,0,0,1,3,0,0
1,1.1,2256,34,1,2,4885,3,30,2,1,1,0,5,0,5,5,1,,,
1,1.1,2256,35,1,2,5090,5,30,2,1,3,0,5,0,5,0,1,,,
1,1.1,2256,36,1,2,4885,4,30,2,1,3,5,5,0,0,0,1,,,
1,1.1,2260,37,1,2,8506,3,30,2,5,0,5,5,0,0,0,2,,,
1,1.1,2260,38,2,2,1605,3,30,2,5,0,0,5,0,5,1,2,,,
1,1.1,2260,39,2,2,1605,4,30,2,0,0,0,0,0,0,0,2,,,
1,1.1,2260,40,1,2,1605,5,30,2,0,0,0,0,0,0,0,2,,,
1,1.1,2260,41,2,2,8506,4,30,2,0,0,0,0,0,0,0,5,,,
1,1.1,2260,42,1,2,1605,6,30,2,0,0,0,0,0,0,0,0,,,
1,1.2,2261,35,2,2,3245,3,30,2,1,5,0,5,0,0,0,1,3,3,98
1,1.2,2261,36,1,2,3245,4,30,2,5,0,0,5,0,5,0,1,3,0,0
1,1.1,2261,42,2,2,1161,3,30,2,0,0,0,0,0,0,0,4,,,
1,1.2,2263,31,2,2,6919,3,30,2,1,1,0,1,5,5,5,1,3,0,0
1,1.1,2271,39,2,2,2263,3,30,2,0,0,0,0,0,0,0,5,,,
1,1.1,2271,40,1,2,2263,4,30,2,0,0,0,0,0,0,0,5,,,
1,1.2,2276,31,2,2,1631,3,30,2,5,0,0,5,0,0,5,1,3,0,0
1,1.2,2276,34,2,2,1631,4,30,2,5,0,0,5,0,5,5,1,3,0,0
1,1.1,2276,37,2,2,1631,5,30,2,5,0,5,5,0,0,5,5,,,
1,1.1,2276,38,2,2,1631,6,30,2,0,0,0,0,0,0,0,4,,,
1,1.1,2276,39,1,2,1376,3,30,2,0,0,0,0,0,0,0,1,,,
1,1.1,2277,36,2,2,5804,4,30,2,0,0,0,0,0,0,0,1,,,
1,1.1,2277,38,1,2,5804,5,30,2,0,0,0,0,0,0,0,1,,,
1,1.2,2278,45,2,2,7843,4,33,2,5,0,0,5,0,0,0,1,3,998,4
1,1.1,2278,46,2,2,5700,3,30,2,1,3,0,1,1,0,5,4,,,
1,1.1,2278,49,1,2,5700,4,30,2,1,3,0,5,0,0,5,4,,,
1,1.2,2280,46,2,2,3982,4,30,2,1,6,0,1,1,5,5,1,3,0,0
1,1.2,2280,47,2,2,4120,3,30,2,1,6,0,1,1,1,0,1,3,0,0
1,1.2,2280,48,2,2,4120,4,30,2,1,2,0,1,1,0,0,2,3,0,0
1,1.2,2280,49,2,2,4120,5,30,2,5,0,0,1,5,0,5,2,3,0,0
1,1.1,2280,50,1,2,4472,3,30,2,5,0,0,1,5,1,0,2,,,
1,1.1,2280,51,1,2,4748,3,30,2,0,0,0,0,0,0,0,2,,,
1,1.1,2280,52,2,2,4472,4,30,2,0,0,0,0,0,0,0,2,,,
1,1.1,2280,53,1,2,4900,3,30,2,0,0,0,0,0,0,0,3,,,
1,1.1,2280,54,2,2,4748,4,30,2,0,0,0,0,0,0,0,0,,,
1,1.1,2280,55,1,2,4472,5,30,2,0,0,0,0,0,0,0,4,,,
1,1.1,2280,56,2,2,3895,3,30,2,0,0,0,0,0,0,0,1,,,
1,1.1,2280,57,2,2,4900,4,30,2,0,0,0,0,0,0,0,3,,,
1,1.1,2281,171,2,3,8203,2,30,2,1,5,5,1,5,0,5,1,,,
1,1.1,2281,172,1,3,8203,3,30,2,1,5,0,1,5,0,0,1,,,
1,1.2,2282,33,1,2,7803,4,30,2,1,1,0,5,0,5,5,1,3,2.8,4.4
1,1.2,2282,34,1,2,6215,2,30,2,1,1,0,5,0,0,0,1,3,3,4
1,1.2,2285,41,1,2,3485,3,30,2,1,4,0,5,0,0,0,1,3,0,0
1,1.2,2285,42,2,2,3485,4,30,2,1,2,5,5,0,0,0,1,3,0,0
1,1.1,2285,43,2,2,3485,5,30,2,1,3,0,1,5,0,0,1,,,
1,1.1,2285,44,2,2,7700,3,30,2,0,0,0,0,0,0,0,2,,,
1,1.2,2288,35,1,2,8530,3,70,2,5,0,0,1,5,0,0,1,3,3.1,4
1,1.2,2292,42,2,2,2148,3,30,2,1,5,0,5,0,5,0,2,3,0,0
1,1.1,2292,43,2,2,2534,3,30,2,5,0,0,1,5,0,1,2,,,
1,1.1,2292,45,2,2,3405,3,30,2,5,0,0,5,0,0,0,2,,,
1,1.1,2292,46,1,2,2148,4,30,2,0,0,0,0,0,0,0,5,,,
1,1.1,2292,47,2,2,2941,3,30,2,0,0,0,0,0,0,0,1,,,
1,1.2,2297,35,2,2,6526,4,30,2,5,0,0,5,0,5,0,1,3,3.5,4
1,1.2,2297,36,2,2,7956,2,30,2,1,6,0,5,0,5,5,1,3,998,4
1,1.1,2297,39,2,2,7347,3,30,2,1,4,0,5,0,0,0,4,,,
1,1.1,2297,40,2,2,7347,4,30,2,0,0,0,0,0,0,0,4,,,
1,1.1,2297,41,1,2,7347,5,30,2,0,0,0,0,0,0,0,4,,,
1,1.1,2299,37,2,2,3110,3,30,2,5,0,0,1,5,5,0,2,,,
1,1.1,2299,38,2,2,798,3,30,2,5,0,0,5,0,0,5,2,,,
1,1.1,2299,39,1,2,3110,4,30,2,5,0,0,5,0,5,0,5,,,
1,1.1,2299,40,1,2,1838,3,30,2,0,0,0,0,0,0,0,1,,,
1,1.1,2299,41,2,2,798,4,30,2,0,0,0,0,0,0,0,2,,,
1,1.1,2300,34,1,2,1921,3,30,2,1,4,0,1,1,0,5,2,,,
1,1.1,2300,35,1,2,1921,4,30,2,1,4,0,5,0,0,5,1,,,
1,1.1,2302,55,2,2,1851,2,30,2,1,2,0,1,5,0,5,2,,,
1,1.2,2302,56,1,2,115,3,60,2,1,3,0,1,1,0,0,2,3,0,0
1,1.1,2302,58,2,2,6708,3,33,2,5,0,0,5,0,0,0,1,,,
1,1.2,2302,59,1,2,8955,3,30,2,5,0,0,5,0,0,0,5,3,0,0
1,1.1,2302,60,1,2,7096,3,33,2,5,0,0,5,0,0,5,4,,,
1,1.1,2302,64,2,2,1851,3,30,2,1,2,0,1,5,0,5,0,,,
1,1.1,2302,66,2,2,7096,4,33,2,5,0,0,5,0,0,0,4,,,
1,1.1,2302,68,2,2,115,4,60,2,1,2,0,1,5,0,5,2,,,
1,1.1,2302,72,1,2,6708,4,30,2,1,2,0,5,0,0,0,2,,,
1,1.1,2302,73,1,2,7096,5,30,2,0,0,0,0,0,0,0,4,,,
1,1.1,2302,74,1,2,2397,5,97,2,0,0,0,0,0,0,0,0,,,
1,1.2,2304,34,1,2,858,3,30,2,1,1,0,5,0,0,5,5,3,998,4
1,1.2,2304,35,2,2,2499,3,33,2,1,5,5,1,1,0,5,1,3,0,0
1,1.1,2304,36,1,2,2499,4,30,2,1,3,0,5,0,0,5,2,,,
1,1.1,2311,36,1,2,8153,3,30,2,5,0,5,5,0,5,5,5,,,
1,1.1,2311,37,1,2,2906,5,60,2,0,0,0,0,0,0,0,3,,,
1,1.1,2312,34,2,2,378,3,30,2,1,6,0,1,1,0,0,2,,,
1,1.1,2312,35,2,2,378,4,30,2,0,0,0,0,0,0,0,0,,,
1,1.1,2326,180,1,3,5769,3,30,2,1,5,5,1,1,5,0,2,,,
1,1.1,2327,33,2,2,1688,2,30,2,5,0,0,5,0,0,0,2,,,
1,1.1,2327,34,1,2,1688,3,30,2,5,0,0,5,0,0,0,1,,,
1,1.1,2327,36,2,2,1688,4,30,2,5,0,0,5,0,0,0,2,,,
1,1.2,2330,33,1,2,4904,2,30,2,5,0,5,5,0,0,0,2,3,3.1,4
1,1.2,2330,34,1,2,4904,3,30,2,5,0,0,5,0,0,0,2,3,0,0
1,1.1,2334,34,2,2,2504,3,30,2,5,0,0,1,5,0,0,3,,,
1,1.1,2334,35,2,2,2504,4,30,2,5,0,0,1,5,5,0,3,,,
1,1.2,2336,32,1,2,6106,3,30,2,1,6,5,5,0,5,0,1,3,4,4
1,1.2,2336,33,2,2,6106,4,30,2,1,3,5,1,5,5,0,2,3,0,0
1,1.1,2338,30,1,2,1465,3,30,2,1,2,0,5,0,0,5,2,,,
1,1.1,2338,31,2,2,1465,4,30,2,1,2,0,5,0,5,5,2,,,
1,1.2,2339,37,1,2,6313,3,33,2,1,2,0,1,1,0,0,2,3,1.8,4
1,1.1,2339,38,1,2,6313,4,30,2,5,0,0,5,0,0,5,2,,,
1,1.1,2339,39,1,2,6313,5,30,2,5,0,0,5,0,0,5,2,,,
1,1.1,2339,40,2,2,6313,6,30,2,0,0,0,0,0,0,0,2,,,
1,1.1,2339,41,2,2,6313,7,30,2,0,0,0,0,0,0,0,2,,,
1,1.1,2341,35,1,2,9028,3,30,2,0,0,0,0,0,0,0,0,,,
1,1.1,2341,36,1,2,9028,4,30,2,0,0,0,0,0,0,0,0,,,
1,1.1,2342,32,1,2,8183,2,30,2,1,2,0,5,0,0,0,5,,,
1,1.2,2354,37,1,2,6555,3,30,2,1,1,0,5,0,0,0,3,3,0,0
1,1.2,2354,38,1,2,6983,3,35,2,1,3,5,5,0,0,5,0,3,0,0
1,1.2,2354,39,1,2,4915,3,33,2,5,0,0,5,0,0,5,1,3,0,0
1,1.2,2354,40,2,2,6983,4,35,2,1,2,0,1,5,5,5,3,3,0,0
1,1.2,2354,41,2,2,6555,4,30,2,1,1,0,1,5,5,0,2,3,0,0
1,1.1,2354,42,2,2,4915,4,33,2,5,0,5,5,0,0,5,1,,,
1,1.2,2354,43,1,2,6322,3,30,2,1,3,0,1,5,5,0,2,3,0,0
1,1.1,2354,44,1,2,6983,5,35,2,0,0,0,0,0,0,0,0,,,
1,1.1,2354,45,1,2,6322,4,30,2,0,0,0,0,0,0,0,2,,,
1,1.1,2354,47,1,2,6322,5,30,2,0,0,0,0,0,0,0,0,,,
1,1.1,2355,35,1,2,6740,5,60,2,0,0,0,0,0,0,0,0,,,
1,1.1,2357,31,1,2,719,3,30,2,1,5,0,1,1,5,5,4,,,
1,1.2,2373,31,1,2,1579,3,30,2,5,0,0,5,0,0,0,1,3,0,0
1,1.1,2373,32,1,2,1579,4,30,2,5,0,0,5,0,0,0,2,,,
1,1.2,2383,30,2,2,5607,4,30,2,5,0,0,1,5,5,0,2,3,3.89,4.5
1,1.2,2391,33,1,2,1912,4,30,2,1,2,0,1,1,0,5,2,3,0,0
1,1.2,2391,34,2,2,8555,3,30,2,5,0,0,5,0,0,0,2,3,998,98
1,1.2,2391,35,2,2,8555,4,30,2,5,0,0,5,0,0,0,2,3,0,0
1,1.1,2391,36,1,2,8064,3,33,2,5,0,0,5,0,0,0,1,,,
1,1.2,2391,176,2,3,1466,2,30,2,5,0,0,5,0,0,0,1,3,998,98
1,1.2,2392,38,1,2,5929,3,30,2,1,2,0,5,0,0,0,2,3,0,0
1,1.2,2392,39,2,2,5929,4,30,2,1,3,0,5,0,0,5,1,3,0,0
1,1.1,2392,40,2,2,928,3,30,2,5,0,0,5,0,0,0,2,,,
1,1.1,2392,42,2,2,5728,3,30,2,5,0,5,5,0,0,5,0,,,
1,1.1,2392,45,1,2,5728,4,30,2,0,0,0,0,0,0,0,0,,,
1,1.1,2392,46,2,2,5728,5,30,2,0,0,0,0,0,0,0,0,,,
1,1.1,2392,47,2,2,1005,2,30,2,0,0,0,0,0,0,0,2,,,
1,1.1,2392,49,2,2,8481,3,30,2,0,0,0,0,0,0,0,2,,,
1,1.1,2392,182,1,3,5728,2,30,2,5,0,5,5,0,0,5,0,,,
1,1.1,2397,39,2,2,1435,3,30,2,5,0,0,1,5,0,5,2,,,
1,1.2,2397,41,1,2,4873,3,30,2,5,0,0,1,5,5,5,1,3,0,0
1,1.1,2397,42,2,2,4873,4,30,2,5,0,0,5,0,0,5,1,,,
1,1.1,2397,43,2,2,1435,4,30,2,5,0,0,1,5,0,5,1,,,
1,1.1,2409,36,1,2,6453,2,30,2,5,0,5,5,0,5,0,5,,,
1,1.1,2409,39,2,2,7855,4,60,2,0,0,0,0,0,0,0,0,,,
1,1.2,2410,34,2,2,8324,3,30,2,1,1,0,1,5,5,0,1,3,3.6,4
1,1.2,2410,35,1,2,6245,4,30,2,1,5,5,1,1,0,0,2,3,0,0
1,1.2,2411,33,2,2,7005,2,30,2,1,4,0,5,0,0,0,5,3,0,0
1,1.1,2411,34,2,2,7176,3,30,2,1,5,0,1,5,0,0,2,,,
1,1.1,2411,35,1,2,7176,4,30,2,0,0,0,0,0,0,0,2,,,
1,1.2,2412,34,2,2,924,4,30,2,1,1,0,5,0,0,0,1,3,3.4,4
1,1.1,2416,38,2,2,8544,3,70,2,0,0,0,0,0,0,0,1,,,
1,1.1,2417,33,1,2,1743,2,30,2,5,0,0,5,0,0,0,1,,,
1,1.1,2417,34,1,2,1743,3,30,2,0,0,0,0,0,0,0,1,,,
1,1.1,2418,35,2,2,7136,3,30,2,5,0,0,1,5,0,0,2,,,
1,1.1,2422,40,1,2,560,3,30,2,1,2,0,1,5,0,0,2,,,
1,1.1,2422,41,1,2,560,4,30,2,1,3,0,5,0,0,0,4,,,
1,1.1,2422,43,1,2,560,5,30,2,1,4,0,5,0,0,0,2,,,
1,1.1,2422,45,1,2,560,6,30,2,0,0,0,0,0,0,0,2,,,
1,1.2,2425,31,1,2,1334,3,30,2,1,1,0,5,0,5,0,2,3,0,0
1,1.1,2425,32,2,2,1334,4,30,2,1,4,0,1,1,0,0,1,,,
1,1.2,2432,56,1,2,494,3,30,2,1,1,0,5,0,0,0,2,3,3.64,4
1,1.2,2432,59,2,2,494,4,30,2,1,3,0,1,1,0,0,2,3,0,0
1,1.2,2432,62,1,2,880,3,30,2,5,0,5,5,0,0,0,2,3,0,0
1,1.1,2432,64,2,2,494,5,30,2,1,6,0,1,5,0,0,2,,,
1,1.1,2432,71,1,2,880,4,30,2,0,0,0,0,0,0,0,4,,,
1,1.1,2432,75,1,2,3554,2,30,2,0,0,0,0,0,0,0,0,,,
1,1.2,2434,33,1,2,5711,3,70,2,1,3,5,5,0,0,5,3,3,998,4
1,1.2,2434,34,1,2,5711,4,70,2,1,6,0,1,1,0,5,5,3,2.7,4
1,1.1,2434,35,1,2,5711,5,70,2,1,5,0,1,1,0,5,2,,,
1,1.2,2434,36,2,2,3891,3,30,2,1,6,0,1,5,5,0,1,3,0,0
1,1.1,2434,37,1,2,3891,4,30,2,1,3,5,1,5,0,0,2,,,
1,1.2,2436,40,1,2,4178,2,30,2,5,0,5,5,0,0,0,1,3,3.4,4
1,1.2,2436,42,2,2,4753,2,30,2,1,1,5,5,0,0,0,2,3,0,0
1,1.1,2436,45,1,2,4753,3,30,2,1,3,0,5,0,0,0,2,,,
1,1.1,2436,49,1,2,6137,3,30,2,0,0,0,0,0,0,0,0,,,
1,1.2,2441,38,2,2,7158,3,33,2,1,1,5,5,0,0,0,1,3,0,0
1,1.1,2441,39,2,2,8146,2,30,2,5,0,0,5,0,0,0,3,,,
1,1.1,2441,40,1,2,6873,3,33,2,5,0,5,5,0,0,0,3,,,
1,1.1,2441,44,1,2,6844,2,30,2,5,0,0,1,1,0,0,5,,,
1,1.1,2441,45,1,2,6873,4,33,2,5,0,5,5,0,0,0,3,,,
1,1.1,2441,46,2,2,6844,3,30,2,0,0,0,0,0,0,0,0,,,
1,1.1,2441,47,1,2,6844,4,30,2,0,0,0,0,0,0,0,0,,,
1,1.1,2441,48,1,2,6844,5,30,2,0,0,0,0,0,0,0,0,,,
1,1.2,2443,34,2,2,1458,2,30,2,5,0,0,5,0,5,0,1,3,2.9,4
1,1.1,2443,35,1,2,4866,4,30,2,0,0,0,0,0,0,0,0,,,
1,1.1,2455,32,1,2,3275,3,30,2,1,3,5,5,0,5,0,2,,,
1,1.1,2455,33,2,2,3275,4,30,2,1,5,5,1,1,0,0,2,,,
1,1.1,2458,35,1,2,8373,3,30,2,0,0,0,0,0,0,0,2,,,
1,1.2,2464,33,2,2,2027,4,30,2,5,0,0,5,0,0,0,1,3,4,4
1,1.2,2464,34,2,2,2027,5,30,2,5,0,0,5,0,0,0,1,3,0,0
1,1.1,2464,35,2,2,2027,6,30,2,0,0,0,0,0,0,0,2,,,
1,1.1,2466,35,2,2,8223,3,30,2,1,4,0,1,1,5,5,4,,,
1,1.1,2466,36,2,2,401,3,30,2,0,0,0,0,0,0,0,3,,,
1,1.1,2466,39,1,2,8223,4,30,2,0,0,0,0,0,0,0,2,,,
1,1.1,2466,40,1,2,5992,3,30,2,0,0,0,0,0,0,0,2,,,
1,1.1,2466,41,2,2,1925,3,30,2,0,0,0,0,0,0,0,2,,,
1,1.1,2466,42,2,2,8223,5,30,2,0,0,0,0,0,0,0,3,,,
1,1.1,2466,44,2,2,5992,4,30,2,0,0,0,0,0,0,0,4,,,
1,1.1,2466,45,1,2,1925,4,30,2,0,0,0,0,0,0,0,3,,,
1,1.1,2466,46,2,2,401,4,30,2,0,0,0,0,0,0,0,4,,,
1,1.1,2467,34,2,2,5986,3,30,2,0,0,0,0,0,0,0,4,,,
1,1.1,2467,35,1,2,5986,4,30,2,0,0,0,0,0,0,0,4,,,
1,1.1,2467,36,2,2,5841,3,30,2,0,0,0,0,0,0,0,0,,,
1,1.1,2468,33,2,2,1457,3,30,2,5,0,0,5,0,5,0,2,,,
1,1.2,2469,33,1,2,5617,3,30,2,1,1,0,5,0,0,0,2,3,0,0
1,1.1,2469,34,1,2,7388,3,30,2,0,0,0,0,0,0,0,4,,,
1,1.2,2472,32,1,2,6929,2,30,2,5,0,5,5,0,0,0,0,3,0,0
1,1.1,2472,37,2,2,6929,3,70,2,0,0,0,0,0,0,0,0,,,
1,1.2,2474,35,2,2,1031,2,30,2,1,1,0,5,0,5,5,2,3,0,0
1,1.1,2474,36,2,2,4812,4,30,2,1,4,0,1,5,0,0,2,,,
1,1.1,2475,32,2,2,2910,3,30,2,5,0,5,5,0,0,0,1,,,
1,1.1,2475,33,2,2,2910,4,30,2,5,0,5,1,5,0,0,2,,,
1,1.2,2478,33,1,2,6169,3,30,2,1,2,0,5,0,5,0,1,3,3.2,4
1,1.2,2478,34,1,2,6169,4,30,2,1,3,5,5,0,5,0,1,3,0,0
1,1.2,2478,35,1,2,6069,3,30,2,1,2,0,5,0,0,0,1,3,0,0
1,1.1,2478,36,2,2,6069,4,30,2,0,0,0,0,0,0,0,0,,,
1,1.2,2479,30,1,2,6214,4,30,2,5,0,5,5,0,0,0,2,3,1.4,4
1,1.2,2483,34,2,2,6430,3,71,2,5,0,0,5,0,0,0,1,3,0,0
1,1.2,2483,35,1,2,3652,2,30,2,1,5,0,1,1,5,5,1,3,3,98
1,1.2,2483,36,1,2,3652,3,30,2,5,0,0,5,0,0,0,2,3,0,0
1,1.2,2485,38,2,2,3912,3,30,2,5,0,5,5,0,0,0,0,3,0,0
1,1.1,2485,39,1,2,3912,5,30,2,5,0,5,5,0,0,0,0,,,
1,1.1,2485,42,2,2,390,2,30,2,0,0,0,0,0,0,0,2,,,
1,1.1,2485,200,2,3,5070,6,60,2,0,0,0,0,0,0,0,0,,,
1,1.2,2486,198,2,3,7326,3,30,2,5,0,0,5,0,0,0,1,3,0,0
1,1.1,2487,34,1,2,2576,4,33,2,1,5,0,5,0,0,0,1,,,
1,1.2,2487,180,2,3,2576,3,33,2,1,3,0,1,5,5,0,1,3,3,4
1,1.2,2490,36,1,2,7441,2,30,2,1,5,5,5,0,0,0,1,3,998,4
1,1.2,2490,37,2,2,8123,3,30,2,5,0,0,5,0,0,0,1,3,3.25,4
1,1.2,2490,38,2,2,8123,4,30,2,5,0,0,5,0,0,0,1,3,0,0
1,1.1,2490,39,2,2,8123,5,30,2,5,0,0,5,0,0,0,2,,,
1,1.2,2500,32,2,2,4728,3,30,2,5,0,0,5,0,0,0,1,3,0,0
1,1.2,2500,33,1,2,4434,3,30,2,5,0,0,5,0,0,0,1,3,0,0
1,1.2,2500,34,1,2,4434,4,30,2,1,2,0,5,0,0,0,2,3,0,0
1,1.2,2502,38,2,2,6056,4,30,2,5,0,0,5,0,5,5,2,3,2.1,4
1,1.1,2502,39,2,2,4402,3,30,2,5,0,0,5,0,5,0,1,,,
1,1.1,2502,40,2,2,5138,3,30,2,5,0,0,5,0,0,0,0,,,
1,1.1,2502,43,1,2,8566,3,30,2,5,0,0,5,0,0,0,3,,,
1,1.1,2502,44,1,2,5138,4,30,2,5,0,0,5,0,0,5,0,,,
1,1.1,2502,45,2,2,1185,3,30,2,0,0,0,0,0,0,0,5,,,
1,1.1,2502,46,1,2,1185,4,30,2,0,0,0,0,0,0,0,5,,,
1,1.1,2502,47,1,2,6056,5,60,2,0,0,0,0,0,0,0,0,,,
1,1.1,2502,49,1,2,4402,4,30,2,0,0,0,0,0,0,0,0,,,
1,1.2,2503,33,1,2,1209,3,30,2,5,0,0,5,0,5,5,2,3,0,0
1,1.2,2509,45,2,2,4095,4,30,2,1,2,0,1,5,0,5,2,3,4,4
1,1.1,2509,46,2,2,4095,5,30,2,1,6,0,1,1,0,0,5,,,
1,1.1,2509,47,1,2,4095,6,30,2,1,6,0,1,5,5,5,5,,,
1,1.1,2509,48,1,2,3922,3,30,2,1,4,0,5,0,5,5,2,,,
1,1.1,2509,49,1,2,3922,4,30,2,0,0,0,0,0,0,0,2,,,
1,1.2,2515,42,2,2,8526,3,30,2,5,0,0,5,0,0,0,1,3,3,98
1,1.2,2515,43,1,2,8526,4,30,2,5,0,0,5,0,0,0,1,3,3.6,4
1,1.1,2515,48,1,2,3808,3,30,2,5,0,5,5,0,0,0,5,,,
1,1.1,2515,52,2,2,3808,4,30,2,0,0,0,0,0,0,0,2,,,
1,1.2,2516,34,1,2,7509,2,30,2,1,6,0,1,1,0,0,1,3,997,4
1,1.1,2516,35,2,2,8079,3,30,2,5,0,0,5,0,5,0,2,,,
1,1.1,2518,34,1,2,7788,2,30,2,5,0,0,5,0,0,0,3,,,
1,1.1,2518,35,1,2,7583,2,30,2,5,0,0,1,1,0,0,1,,,
1,1.1,2518,36,1,2,7788,3,30,2,5,0,0,5,0,0,0,5,,,
1,1.1,2521,32,2,2,6060,3,33,2,5,0,0,5,0,0,0,2,,,
1,1.2,2524,32,2,2,2368,3,30,2,1,1,0,5,0,5,5,1,3,3.5,4
1,1.2,2524,33,1,2,2481,4,30,2,1,1,0,5,0,5,0,1,3,3.7,4
1,1.2,2524,34,1,2,1961,4,30,2,1,2,0,1,5,5,5,3,3,3.3,4
1,1.1,2524,35,2,2,2434,3,30,2,1,5,0,1,1,0,0,2,,,
1,1.2,2524,36,1,2,2481,5,30,2,5,0,0,5,0,5,0,1,3,0,0
1,1.2,2524,37,1,2,2368,4,30,2,1,1,0,5,0,5,5,2,3,0,0
1,1.1,2524,38,1,2,2434,4,30,2,1,5,0,1,1,0,0,2,,,
1,1.1,2524,39,1,2,2481,6,30,2,1,4,0,5,0,5,0,1,,,
1,1.1,2524,40,2,2,2368,5,30,2,1,2,0,1,5,1,0,4,,,
1,1.2,2526,36,1,2,2705,3,30,2,5,0,0,1,1,0,0,1,3,3.5,4
1,1.2,2526,37,1,2,5121,2,30,2,5,0,0,5,0,0,5,2,3,0,0
1,1.1,2526,40,1,2,5121,3,30,2,5,0,0,5,0,0,0,2,,,
1,1.1,2526,41,2,2,8876,3,30,2,0,0,0,0,0,0,0,4,,,
1,1.2,2530,39,1,2,7981,4,30,2,1,3,0,5,0,0,5,2,3,3.86,4
1,1.1,2530,42,2,2,5351,3,30,2,1,2,0,1,1,0,0,5,,,
1,1.2,2530,43,2,2,5444,3,30,2,1,3,0,5,0,5,0,4,3,0,0
1,1.2,2530,44,2,2,5338,2,30,2,1,2,0,5,0,5,0,3,3,0,0
1,1.2,2530,45,2,2,5444,4,30,2,1,4,0,1,1,0,0,4,3,0,0
1,1.1,2530,46,2,2,5351,4,30,2,1,2,0,5,0,0,0,4,,,
1,1.1,2532,33,2,2,3503,3,30,2,0,0,0,0,0,0,0,4,,,
1,1.1,2541,31,2,2,2563,3,30,2,1,2,5,5,0,0,5,1,,,
1,1.1,2541,32,1,2,2563,4,30,2,1,1,5,5,0,0,0,2,,,
1,1.1,2545,36,2,2,2401,2,30,2,5,0,5,5,0,0,5,1,,,
1,1.1,2566,44,1,2,978,3,30,2,5,0,0,5,0,0,0,0,,,
1,1.1,2566,45,1,2,2978,3,30,2,1,3,0,5,0,0,0,2,,,
1,1.1,2566,46,2,2,2978,4,30,2,1,4,0,5,0,0,0,2,,,
1,1.1,2566,48,2,2,978,4,30,2,5,0,0,5,0,0,0,3,,,
1,1.1,2566,49,2,2,2978,5,30,2,1,5,0,5,0,0,0,5,,,
1,1.1,2566,50,1,2,978,5,30,2,0,0,0,0,0,0,0,0,,,
1,1.2,2569,40,1,2,7202,3,30,2,5,0,0,5,0,0,0,5,3,0,0
1,1.2,2569,41,2,2,7202,4,30,2,5,0,0,5,0,0,0,3,3,0,0
1,1.1,2569,42,2,2,8178,3,33,2,1,4,5,5,0,5,0,0,,,
1,1.1,2569,43,2,2,8178,4,33,2,5,0,5,5,0,0,0,4,,,
1,1.1,2569,44,2,2,8178,5,33,2,1,4,0,5,0,0,0,0,,,
1,1.1,2569,46,1,2,8178,6,30,2,0,0,0,0,0,0,0,0,,,
1,1.1,2574,31,2,2,310,3,30,2,0,0,0,0,0,0,0,4,,,
1,1.1,2574,32,2,2,310,4,30,2,0,0,0,0,0,0,0,2,,,
1,1.1,2578,32,2,2,4953,4,60,2,0,0,0,0,0,0,0,4,,,
1,1.1,2581,34,2,2,9086,4,30,2,5,0,0,1,5,0,0,1,,,
1,1.1,2581,35,1,2,9086,5,30,2,0,0,0,0,0,0,0,0,,,
1,1.2,2590,46,2,2,6223,5,30,2,1,2,0,1,5,0,5,2,3,0,0
1,1.1,2590,47,2,2,2493,3,30,2,1,6,0,1,1,5,0,2,,,
1,1.2,2590,48,1,2,2452,3,30,2,1,3,0,5,0,0,0,2,3,0,0
1,1.2,2590,49,2,2,6223,6,30,2,1,1,0,1,5,0,0,1,3,0,0
1,1.1,2590,51,1,2,2452,4,30,2,1,6,0,5,0,0,0,2,,,
1,1.1,2590,53,1,2,2493,4,30,2,5,0,0,5,0,0,5,1,,,
1,1.1,2590,55,1,2,2452,5,30,2,5,0,0,5,0,0,0,2,,,
1,1.1,2590,56,2,2,3471,3,30,2,5,0,0,1,1,0,5,2,,,
1,1.1,2590,59,2,2,2452,6,30,2,0,0,0,0,0,0,0,4,,,
1,1.1,2590,60,2,2,3471,4,30,2,0,0,0,0,0,0,0,2,,,
1,1.1,2590,61,2,2,6223,7,30,2,0,0,0,0,0,0,0,0,,,
1,1.1,2590,62,2,2,2493,5,30,2,0,0,0,0,0,0,0,1,,,
1,1.1,2591,38,2,2,8589,3,30,2,1,5,0,1,5,5,0,1,,,
1,1.1,2591,39,1,2,8589,4,30,2,5,0,0,5,0,0,0,3,,,
1,1.2,2593,34,2,2,7418,2,30,2,5,0,0,5,0,0,0,1,3,3.5,4
1,1.2,2593,35,2,2,7418,3,30,2,5,0,0,5,0,5,5,2,3,0,0
1,1.1,2608,37,1,2,1173,3,30,2,0,0,0,0,0,0,0,0,,,
1,1.1,2608,38,1,2,1173,4,30,2,0,0,0,0,0,0,0,0,,,
1,1.2,2610,33,1,2,1662,4,30,2,1,1,5,5,0,5,0,3,3,2.3,3.2
1,1.1,2610,34,1,2,5820,3,30,2,0,0,0,0,0,0,0,0,,,
1,1.2,2611,40,2,2,2852,3,33,2,1,1,5,5,0,0,5,1,3,2.8,4.5
1,1.2,2611,41,1,2,8868,3,30,2,1,5,0,1,1,0,5,5,3,0,0
1,1.2,2611,43,2,2,8868,4,30,2,1,5,0,1,1,0,5,0,3,0,0
1,1.1,2611,44,1,2,7595,3,30,2,1,3,5,5,0,0,0,1,,,
1,1.1,2611,45,2,2,7595,5,30,2,1,2,5,1,1,0,0,1,,,
1,1.1,2611,46,2,2,7595,7,30,2,1,3,0,5,0,0,0,2,,,
1,1.1,2611,47,2,2,3003,2,30,2,5,0,0,1,5,0,0,1,,,
1,1.1,2611,48,1,2,2852,4,30,2,5,0,0,5,0,0,5,2,,,
1,1.1,2611,181,1,3,7595,4,30,2,1,3,0,1,1,0,5,1,,,
1,1.1,2611,183,2,3,7595,6,30,2,1,3,0,1,1,0,0,1,,,
1,1.2,2611,189,2,3,2808,5,30,2,5,0,0,5,0,0,0,1,3,3.1,4
1,1.1,2613,32,1,2,7758,3,30,2,0,0,0,0,0,0,0,5,,,
1,1.1,2613,183,1,3,7758,2,30,2,5,0,5,5,0,0,0,5,,,
1,1.1,2614,37,1,2,5046,3,30,2,1,5,0,1,1,0,0,1,,,
1,1.1,2614,38,1,2,5046,4,30,2,1,5,0,1,1,0,5,1,,,
1,1.1,2614,39,2,2,7126,3,30,2,1,5,0,1,1,5,5,3,,,
1,1.1,2614,40,1,2,6820,5,30,2,1,2,0,5,0,5,0,0,,,
1,1.1,2614,41,1,2,5046,5,30,2,1,3,5,5,0,0,5,2,,,
1,1.1,2614,42,2,2,7126,4,30,2,1,5,0,1,1,5,5,3,,,
1,1.1,2614,43,2,2,3372,3,30,2,1,4,5,5,0,5,5,5,,,
1,1.1,2614,44,2,2,7126,5,30,2,1,4,0,5,0,0,5,2,,,
1,1.1,2614,45,2,2,3372,4,30,2,0,0,0,0,0,0,0,5,,,
1,1.1,2614,46,1,2,3372,5,30,2,0,0,0,0,0,0,0,0,,,
1,1.2,2614,178,2,3,6820,4,30,2,1,1,0,5,0,5,0,1,3,3.3,4
1,1.2,2615,51,1,2,2660,4,30,2,1,1,0,5,0,5,5,2,3,3.9,4
1,1.1,2615,52,2,2,2216,3,30,2,1,5,0,1,1,1,0,1,,,
1,1.2,2615,53,2,2,2660,5,30,2,1,6,0,1,1,5,0,2,3,0,0
1,1.1,2615,54,2,2,2216,4,30,2,1,5,0,1,1,5,0,1,,,
1,1.2,2615,55,2,2,5291,3,30,2,1,2,0,5,0,5,5,3,3,0,0
1,1.1,2615,56,2,2,5291,4,30,2,1,5,0,1,1,5,5,2,,,
1,1.2,2615,57,2,2,4811,3,30,2,1,5,0,5,0,0,0,3,3,0,0
1,1.1,2615,59,2,2,4811,4,30,2,1,5,5,5,0,0,0,2,,,
1,1.1,2615,60,1,2,2216,5,30,2,5,0,0,5,0,0,0,1,,,
1,1.1,2615,61,2,2,5291,5,30,2,1,2,0,1,5,0,0,3,,,
1,1.1,2615,63,2,2,4811,5,30,2,1,5,5,5,0,0,0,2,,,
1,1.2,2615,64,2,2,1445,3,30,2,5,0,0,5,0,5,0,2,3,0,0
1,1.1,2615,65,1,2,1914,3,30,2,5,0,0,5,0,0,0,5,,,
1,1.1,2615,66,1,2,2854,2,30,2,5,0,0,5,0,0,0,5,,,
1,1.1,2615,67,2,2,2518,3,30,2,5,0,0,1,5,0,5,0,,,
1,1.1,2615,68,2,2,4811,6,30,2,0,0,0,0,0,0,0,4,,,
1,1.1,2615,69,2,2,1445,4,30,2,5,0,0,5,0,0,0,2,,,
1,1.1,2615,70,2,2,1914,4,30,2,5,0,0,5,0,5,0,5,,,
1,1.1,2615,71,2,2,1914,5,30,2,0,0,0,0,0,0,0,5,,,
1,1.1,2615,72,2,2,2854,3,30,2,0,0,0,0,0,0,0,5,,,
1,1.1,2615,73,2,2,552,3,30,2,0,0,0,0,0,0,0,3,,,
1,1.1,2615,74,2,2,2518,4,30,2,0,0,0,0,0,0,0,0,,,
1,1.1,2615,75,2,2,1445,5,30,2,0,0,0,0,0,0,0,2,,,
1,1.1,2615,77,1,2,1914,6,30,2,0,0,0,0,0,0,0,5,,,
1,1.1,2615,78,2,2,1000,3,30,2,0,0,0,0,0,0,0,5,,,
1,1.2,2618,38,1,2,4678,5,30,2,1,6,0,5,0,5,5,1,3,3.8,4
1,1.2,2618,39,1,2,5348,4,30,2,1,5,0,1,1,0,0,1,3,998,4
1,1.2,2618,40,1,2,2540,6,30,2,1,2,0,1,5,1,0,2,3,0,0
1,1.2,2618,41,2,2,4678,6,30,2,1,6,0,1,1,5,5,5,3,0,0
1,1.2,2618,42,2,2,5348,5,30,2,1,5,0,1,5,0,5,2,3,0,0
1,1.2,2618,43,2,2,4678,7,30,2,1,6,0,1,1,5,5,5,3,0,0
1,1.2,2618,44,2,2,4678,8,30,2,1,6,0,1,1,5,5,5,3,0,0
1,1.2,2618,45,2,2,5348,6,30,2,1,2,0,1,1,5,0,1,3,0,0
1,1.1,2618,46,2,2,4678,9,30,2,1,6,0,1,1,5,5,5,,,
1,1.1,2618,47,1,2,4678,10,30,2,1,5,0,5,0,5,5,5,,,
1,1.2,2621,35,2,2,3936,4,33,2,5,0,0,5,0,0,0,1,3,997,4.5
1,1.1,2621,36,1,2,3936,5,33,2,5,0,0,5,0,0,0,2,,,
1,1.2,2621,37,2,2,3936,6,33,2,5,0,0,5,0,0,0,1,3,0,0
1,1.1,2621,38,1,2,3936,7,30,2,5,0,0,5,0,0,0,2,,,
1,1.1,2621,39,2,2,4078,5,60,2,1,2,0,5,0,0,5,4,,,
1,1.1,2621,40,2,2,4078,6,60,2,0,0,0,0,0,0,0,2,,,
1,1.1,2625,32,2,2,7050,3,30,2,1,3,0,5,0,0,5,1,,,
1,1.1,2625,33,1,2,7050,4,30,2,0,0,0,0,0,0,0,1,,,
1,1.2,2628,39,1,2,6613,3,30,2,1,3,0,5,0,0,0,1,3,3.6,4
1,1.2,2628,40,2,2,6613,4,30,2,1,3,0,5,0,0,0,1,3,998,98
1,1.1,2628,41,1,2,6613,5,30,2,1,1,5,5,0,0,0,2,,,
1,1.2,2632,34,2,2,8661,3,35,2,5,0,0,5,0,0,0,1,3,0,0
1,1.1,2632,40,1,2,8661,4,30,2,0,0,0,0,0,0,0,2,,,
1,1.2,2633,33,2,2,6040,3,30,2,1,3,0,1,1,0,0,2,3,4,4
1,1.2,2633,34,1,2,6040,4,30,2,1,1,0,5,0,0,0,2,3,4,98
1,1.1,2633,35,1,2,6040,5,30,2,1,1,0,5,0,0,0,5,,,
1,1.1,2633,36,1,2,6040,6,30,2,1,1,0,5,0,0,0,5,,,
1,1.1,2633,37,2,2,6481,3,30,2,0,0,0,0,0,0,0,2,,,
1,1.2,2635,31,1,2,1786,3,30,2,5,0,0,5,0,5,0,1,3,4.11,5
1,1.2,2636,31,1,2,4607,3,33,2,5,0,5,5,0,0,0,5,3,2.5,98
1,1.2,2636,32,2,2,4607,4,33,2,5,0,5,5,0,0,0,5,3,998,98
1,1.2,2639,31,1,2,7609,3,30,2,1,1,5,5,0,0,5,1,3,997,98
1,1.2,2640,31,1,2,2311,3,30,2,1,1,0,5,0,0,0,1,3,3.75,5
1,1.2,2642,36,1,2,8561,3,30,2,5,0,5,5,0,0,0,1,3,3.2,4.5
1,1.1,2643,33,1,2,7710,3,30,2,5,0,0,5,0,0,0,2,,,
1,1.1,2643,34,1,2,5310,3,30,2,1,4,0,1,5,5,5,2,,,
1,1.2,2646,34,2,2,6965,3,30,2,1,6,0,1,1,5,5,1,3,4.3,98
1,1.2,2646,35,2,2,8925,3,30,2,5,0,5,5,0,0,5,1,3,0,0
1,1.2,2646,36,2,2,6965,4,30,2,1,5,0,1,1,1,5,1,3,0,0
1,1.1,2646,37,2,2,8156,3,60,2,1,6,0,1,1,0,0,1,,,
1,1.1,2646,38,1,2,5794,3,30,2,1,5,0,1,1,0,0,2,,,
1,1.1,2646,39,1,2,5794,4,30,2,5,0,0,5,0,0,0,3,,,
1,1.1,2646,40,2,2,5794,5,30,2,5,0,0,1,5,0,0,3,,,
1,1.1,2646,41,1,2,8925,4,30,2,0,0,0,0,0,0,0,0,,,
1,1.2,2647,31,1,2,1725,2,30,2,1,3,0,1,5,5,0,1,3,998,98
1,1.1,2649,40,1,2,8670,5,30,2,1,5,0,1,1,0,0,5,,,
1,1.2,2649,179,2,3,3284,3,60,2,5,0,0,5,0,0,0,1,3,998,98
1,1.1,2649,180,1,3,4837,3,30,2,5,0,0,5,0,5,0,1,,,
1,1.2,2655,35,1,2,8658,4,30,2,1,5,0,1,1,0,0,2,3,0,0
1,1.1,2661,47,2,2,6260,3,33,2,1,1,0,5,0,5,0,1,,,
1,1.1,2661,50,2,2,6260,4,30,2,1,4,0,5,0,0,0,2,,,
1,1.1,2661,53,2,2,3195,3,30,2,1,4,0,5,0,0,0,3,,,
1,1.1,2661,59,2,2,7115,3,30,2,0,0,0,0,0,0,0,5,,,
1,1.1,2661,60,1,2,7115,4,30,2,0,0,0,0,0,0,0,5,,,
1,1.1,2664,33,1,2,9048,3,30,2,5,0,0,5,0,8,0,1,,,
1,1.2,2665,40,1,2,1107,4,30,2,5,0,0,5,0,0,0,0,3,2.3,4
1,1.1,2671,30,1,2,305,3,60,2,1,3,0,5,0,0,0,3,,,
1,1.1,2671,31,1,2,305,4,60,2,0,0,0,0,0,0,0,3,,,
1,1.1,2673,32,1,2,5722,3,30,2,0,0,0,0,0,0,0,2,,,
1,1.1,2673,33,1,2,5722,4,30,2,0,0,0,0,0,0,0,2,,,
1,1.1,2674,33,2,2,5472,3,30,2,0,0,0,0,0,0,0,4,,,
1,1.1,2674,34,2,2,5472,4,30,2,0,0,0,0,0,0,0,3,,,
1,1.2,2679,31,2,2,509,3,30,2,1,6,0,1,1,5,5,1,3,0,0
1,1.2,2679,32,1,2,509,5,30,2,1,4,5,1,5,5,5,2,3,0,0
1,1.1,2679,33,2,2,509,6,30,2,1,5,0,1,5,5,5,1,,,
1,1.2,2688,37,2,2,3414,2,30,2,5,0,0,5,0,0,0,4,3,4,4
1,1.1,2688,38,1,2,3954,3,30,2,5,0,5,1,5,0,0,3,,,
1,1.1,2688,39,2,2,3954,4,30,2,5,0,5,1,5,0,0,2,,,
1,1.1,2688,40,2,2,5751,4,30,2,5,0,0,5,0,0,5,4,,,
1,1.1,2688,41,2,2,5751,5,30,2,5,0,0,5,0,0,0,0,,,
1,1.1,2688,42,1,2,3414,3,30,2,0,0,0,0,0,0,0,2,,,
1,1.1,2688,43,2,2,3954,5,30,2,0,0,0,0,0,0,0,5,,,
1,1.1,2688,44,1,2,3145,3,30,2,0,0,0,0,0,0,0,1,,,
1,1.1,2688,45,2,2,5751,6,30,2,0,0,0,0,0,0,0,0,,,
1,1.2,2688,180,1,3,5751,3,30,2,5,0,0,1,5,0,0,1,3,0,0
1,1.1,2690,33,2,2,2683,3,30,2,1,5,0,1,5,5,8,2,,,
1,1.1,2690,34,1,2,2683,4,30,2,0,0,0,0,0,0,0,1,,,
1,1.1,2697,32,2,2,7510,5,30,2,1,5,0,1,1,0,0,1,,,
1,1.1,2699,33,2,2,4458,3,30,2,1,4,0,5,0,0,0,1,,,
1,1.2,2701,54,1,2,8422,2,30,2,5,0,5,5,0,0,5,1,3,3.4,4
1,1.2,2701,55,1,2,575,4,30,2,5,0,0,5,0,0,0,5,3,0,0
1,1.2,2701,56,2,2,533,3,30,2,5,0,0,5,0,0,0,1,3,998,98
1,1.2,2701,57,2,2,3237,2,30,2,5,0,0,5,0,5,0,5,3,0,0
1,1.1,2701,58,1,2,533,4,30,2,1,6,0,5,0,0,0,2,,,
1,1.1,2701,59,1,2,533,5,30,2,5,0,0,5,0,5,5,3,,,
1,1.2,2701,60,2,2,5903,3,38,2,5,0,5,5,0,1,0,5,3,0,0
1,1.1,2701,62,2,2,533,6,30,2,5,0,0,5,0,0,0,1,,,
1,1.2,2701,63,2,2,891,2,30,2,5,0,0,1,1,0,0,2,3,0,0
1,1.2,2701,64,1,2,5903,5,38,2,5,0,0,5,0,5,0,5,3,0,0
1,1.1,2701,66,2,2,5042,7,30,2,5,0,5,1,5,0,0,2,,,
1,1.1,2701,67,1,2,8422,3,30,2,0,0,0,0,0,0,0,3,,,
1,1.1,2701,68,1,2,891,3,30,2,0,0,0,0,0,0,0,5,,,
1,1.1,2701,69,1,2,1643,2,30,2,5,0,0,5,0,5,0,1,,,
1,1.2,2701,70,2,2,1895,3,30,2,5,0,5,5,0,0,0,5,3,998,98
1,1.1,2701,71,2,2,2469,2,30,2,0,0,0,0,0,0,0,0,,,
1,1.1,2701,72,2,2,3237,4,30,2,0,0,0,0,0,0,0,5,,,
1,1.1,2701,73,1,2,3807,2,30,2,0,0,0,0,0,0,0,1,,,
1,1.1,2701,74,2,2,3807,3,30,2,0,0,0,0,0,0,0,1,,,
1,1.1,2701,75,1,2,5355,2,30,2,0,0,0,0,0,0,0,3,,,
1,1.1,2701,76,1,2,3237,5,30,2,0,0,0,0,0,0,0,0,,,
1,1.1,2701,77,2,2,600,3,30,2,0,0,0,0,0,0,0,1,,,
1,1.1,2701,78,2,2,2469,3,30,2,0,0,0,0,0,0,0,0,,,
1,1.1,2701,79,1,2,2469,4,30,2,0,0,0,0,0,0,0,0,,,
1,1.2,2701,216,2,3,575,2,30,2,5,0,0,5,0,0,0,1,3,998,4
1,1.1,2701,217,1,3,575,3,30,2,5,0,0,5,0,0,0,4,,,
1,1.2,2701,224,2,3,5042,4,30,2,5,0,0,1,5,0,0,1,3,998,4.5
1,1.2,2701,225,2,3,5042,5,30,2,5,0,0,1,5,0,0,2,3,0,0
1,1.2,2701,230,1,3,8759,2,30,2,5,0,0,5,0,0,0,0,3,0,0
1,1.1,2701,237,2,3,5042,6,30,2,5,0,0,1,5,0,0,1,,,
1,1.2,2701,238,1,3,5903,4,38,2,5,0,5,5,0,1,0,5,3,0,0
1,1.2,2701,251,2,3,8759,3,30,2,5,0,0,5,0,0,0,0,3,0,0
1,1.1,2704,35,2,2,6550,2,30,2,5,0,0,5,0,0,0,5,,,
1,1.2,2704,198,2,3,6647,4,33,2,5,0,0,5,0,0,5,1,3,998,4
1,1.2,2707,52,2,2,7381,3,30,2,1,2,0,5,0,0,5,2,3,0,0
1,1.1,2707,53,1,2,5847,3,30,2,1,5,0,1,1,0,0,2,,,
1,1.1,2707,57,1,2,6977,3,30,2,5,0,5,5,0,0,0,0,,,
1,1.1,2707,58,2,2,5847,4,30,2,1,5,0,1,1,0,0,2,,,
1,1.1,2707,60,1,2,4856,5,96,2,1,4,0,5,0,5,0,5,,,
1,1.1,2707,61,1,2,7381,4,30,2,1,2,0,5,0,0,5,2,,,
1,1.1,2707,62,1,2,6977,4,30,2,5,0,5,5,0,0,0,3,,,
1,1.1,2707,65,2,2,5847,5,30,2,0,0,0,0,0,0,0,2,,,
1,1.1,2707,66,2,2,6977,5,30,2,0,0,0,0,0,0,0,4,,,
1,1.1,2707,69,1,2,5294,3,30,2,0,0,0,0,0,0,0,0,,,
1,1.1,2707,196,2,3,5294,2,30,2,0,0,0,0,0,0,0,2,,,
1,1.2,2708,35,2,2,6180,4,30,2,5,0,0,1,5,5,0,1,3,0,0
1,1.1,2708,37,1,2,6180,5,30,2,1,2,0,5,0,5,0,1,,,
1,1.2,2712,33,2,2,7547,3,30,2,5,0,0,5,0,0,5,1,3,3.6,4
1,1.2,2712,34,2,2,1784,3,30,2,5,0,0,5,0,0,5,5,3,3,4
1,1.2,2712,35,2,2,1784,4,30,2,1,6,0,1,1,5,5,1,3,3.5,4.3
1,1.2,2712,36,1,2,3015,3,30,2,5,0,0,5,0,0,0,1,3,0,0
1,1.1,2712,37,1,2,3015,4,30,2,0,0,0,0,0,0,0,1,,,
1,1.2,2714,38,1,2,3717,2,30,2,5,0,0,5,0,5,5,1,3,998,98
1,1.2,2714,39,1,2,4169,3,33,2,5,0,0,5,0,5,0,1,3,0,0
1,1.1,2714,40,2,2,8130,3,30,2,5,0,0,5,0,0,0,1,,,
1,1.2,2714,41,1,2,5672,3,30,2,1,1,5,5,0,5,0,5,3,0,0
1,1.1,2714,42,1,2,4131,3,30,2,1,2,5,1,1,5,0,2,,,
1,1.1,2714,43,1,2,4131,4,30,2,0,0,0,0,0,0,0,2,,,
1,1.1,2714,44,1,2,8573,2,30,2,1,3,0,5,0,0,0,0,,,
1,1.1,2714,45,2,2,5672,4,30,2,0,0,0,0,0,0,0,3,,,
1,1.1,2715,32,2,2,4801,3,30,2,0,0,0,0,0,0,0,3,,,
1,1.1,2715,33,2,2,4801,4,30,2,0,0,0,0,0,0,0,0,,,
1,1.2,2717,39,1,2,6233,4,30,2,5,0,0,5,0,0,0,1,3,998,98
1,1.1,2717,40,1,2,4672,3,30,2,1,1,0,5,0,0,0,1,,,
1,1.1,2717,41,2,2,4672,4,30,2,1,2,0,1,5,0,5,1,,,
1,1.1,2722,32,1,2,7,4,60,2,0,0,0,0,0,0,0,3,,,
1,1.1,2727,39,1,2,3687,2,30,2,1,4,0,1,1,5,0,2,,,
1,1.1,2727,42,2,2,5583,3,30,2,0,0,0,0,0,0,0,5,,,
1,1.1,2727,45,1,2,5583,4,30,2,0,0,0,0,0,0,0,0,,,
1,1.1,2730,34,2,2,5356,3,30,2,0,0,0,0,0,0,0,1,,,
1,1.2,2731,38,2,2,3181,3,30,2,5,0,5,1,5,0,0,5,3,0,0
1,1.1,2731,39,2,2,3181,4,30,2,5,0,0,1,5,0,0,5,,,
1,1.1,2731,40,1,2,6585,2,30,2,5,0,0,1,1,5,0,2,,,
1,1.1,2738,35,2,2,1547,4,30,2,5,0,0,1,5,0,0,2,,,
1,1.1,2752,35,1,2,7283,4,30,2,5,0,0,5,0,0,0,2,,,
1,1.1,2752,36,1,2,7283,5,30,2,1,6,0,1,1,0,5,1,,,
1,1.1,2752,37,1,2,7016,3,30,2,5,0,5,5,0,0,0,0,,,
1,1.1,2752,38,1,2,7016,4,30,2,0,0,0,0,0,0,0,0,,,
1,1.1,2752,39,2,2,7016,5,30,2,0,0,0,0,0,0,0,0,,,
1,1.1,2752,40,1,2,7016,6,30,2,0,0,0,0,0,0,0,0,,,
1,1.1,2752,175,2,3,7016,2,30,2,5,0,0,5,0,0,0,5,,,
1,1.1,2753,36,2,2,2409,3,30,2,5,0,0,5,0,0,0,3,,,
1,1.1,2753,37,2,2,2292,3,30,2,5,0,0,5,0,5,5,2,,,
1,1.1,2753,38,1,2,2292,4,30,2,5,0,0,5,0,5,5,2,,,
1,1.1,2753,39,2,2,2409,4,30,2,5,0,0,5,0,0,0,2,,,
1,1.1,2753,40,1,2,1247,3,30,2,0,0,0,0,0,0,0,2,,,
1,1.1,2753,41,2,2,2409,5,30,2,0,0,0,0,0,0,0,2,,,
1,1.1,2753,42,1,2,1521,3,30,2,0,0,0,0,0,0,0,2,,,
1,1.2,2755,32,2,2,2123,3,30,2,1,2,0,1,1,0,5,1,3,3.84,4
1,1.2,2755,33,2,2,1794,3,30,2,5,0,0,1,5,0,5,1,3,0,0
1,1.1,2755,34,1,2,2123,4,30,2,1,2,0,5,0,0,0,1,,,
1,1.1,2758,30,1,2,2217,3,30,2,1,2,0,5,0,0,5,5,,,
1,1.1,2760,32,1,2,3130,3,30,2,0,0,0,0,0,0,0,3,,,
1,1.2,2770,32,1,2,6656,3,30,2,5,0,0,5,0,0,5,1,3,0,0
1,1.1,2770,35,1,2,6656,4,30,2,5,0,0,5,0,0,0,1,,,
1,1.1,2770,36,2,2,6656,5,30,2,5,0,0,5,0,0,0,1,,,
1,1.1,2771,36,2,2,3736,3,30,2,1,4,5,1,5,5,0,2,,,
1,1.1,2771,38,2,2,3736,4,30,2,1,4,0,5,0,5,5,1,,,
1,1.1,2771,39,1,2,3736,5,30,2,1,6,0,1,1,5,1,2,,,
1,1.1,2776,33,2,2,67,2,30,2,1,5,0,1,1,0,0,1,,,
1,1.1,2779,34,1,2,2859,3,30,2,1,6,0,1,1,1,0,4,,,
1,1.2,2780,35,1,2,6808,3,30,2,5,0,0,5,0,0,0,5,3,0,0
1,1.2,2781,34,2,2,3859,3,33,2,1,5,0,1,1,5,5,2,3,0,0
1,1.1,2781,35,2,2,2136,3,30,2,1,5,0,1,5,0,0,1,,,
1,1.1,2781,36,2,2,2136,4,30,2,1,4,5,1,5,0,0,1,,,
1,1.1,2781,37,2,2,7325,2,30,2,1,5,0,1,1,0,5,1,,,
1,1.1,2781,38,2,2,2136,5,30,2,1,4,0,1,5,0,0,1,,,
1,1.1,2781,39,1,2,7325,3,30,2,1,1,0,5,0,0,5,1,,,
1,1.1,2781,40,1,2,3859,4,30,2,0,0,0,0,0,0,0,4,,,
1,1.1,2786,35,1,2,3042,5,60,2,5,0,0,5,0,5,0,1,,,
1,1.1,2786,36,1,2,3042,6,60,2,1,5,0,5,0,5,0,1,,,
1,1.1,2786,37,2,2,3042,7,60,2,5,0,0,5,0,5,0,1,,,
1,1.1,2794,30,2,2,8672,3,30,2,1,4,5,1,5,0,0,1,,,
1,1.1,2794,31,1,2,1978,2,30,2,1,1,0,5,0,5,0,1,,,
1,1.1,2794,32,2,2,1978,3,30,2,1,5,0,1,1,5,0,4,,,
1,1.1,2794,33,1,2,1978,4,30,2,1,3,0,5,0,5,0,2,,,
1,1.2,2800,36,2,2,3590,4,30,2,5,0,0,5,0,0,0,2,3,0,0
1,1.2,2800,37,1,2,3590,5,30,2,5,0,0,5,0,0,0,2,3,0,0
1,1.1,2800,38,2,2,5256,3,30,2,1,2,0,5,0,5,0,3,,,
1,1.1,2800,41,1,2,5256,4,30,2,0,0,0,0,0,0,0,4,,,
1,1.1,2801,36,2,2,1526,3,30,2,1,2,0,1,5,0,1,2,,,
1,1.1,2801,38,2,2,5462,2,30,2,1,3,0,5,0,0,0,0,,,
1,1.1,2801,39,2,2,1526,4,30,2,1,2,5,1,5,0,1,3,,,
1,1.1,2801,40,1,2,1526,5,30,2,1,1,0,5,0,0,1,4,,,
1,1.2,2801,41,1,2,2822,2,30,2,5,0,0,5,0,0,0,3,3,0,0
1,1.1,2801,42,2,2,2857,3,30,2,5,0,0,5,0,0,1,3,,,
1,1.1,2801,43,1,2,2857,4,30,2,5,0,0,5,0,0,0,3,,,
1,1.1,2801,44,1,2,5452,2,30,2,5,0,0,1,1,5,0,4,,,
1,1.1,2801,45,2,2,2857,5,30,2,0,0,0,0,0,0,0,2,,,
1,1.1,2801,193,1,3,1083,4,60,2,0,0,0,0,0,0,0,1,,,
1,1.2,2802,31,1,2,3039,3,30,2,1,6,0,1,1,5,5,1,3,0,0
1,1.1,2802,32,1,2,3039,4,30,2,1,6,0,1,1,0,0,1,,,
1,1.1,2802,33,1,2,3039,5,30,2,1,6,0,1,1,5,0,3,,,
1,1.1,2802,34,1,2,3392,3,30,2,0,0,0,0,0,0,0,2,,,
1,1.1,2802,35,1,2,3392,4,30,2,0,0,0,0,0,0,0,0,,,
1,1.1,2805,32,2,2,6268,3,30,2,1,5,0,1,1,0,0,1,,,
1,1.1,2805,33,1,2,393,3,30,2,1,6,0,1,1,0,0,1,,,
1,1.1,2805,34,2,2,6268,4,30,2,1,3,0,1,5,0,0,2,,,
1,1.1,2805,35,2,2,6268,5,30,2,0,0,0,0,0,0,0,2,,,
1,1.1,2806,34,2,2,1764,3,30,2,1,5,0,5,0,0,0,5,,,
1,1.1,2806,35,2,2,1764,4,30,2,1,5,0,5,0,0,0,3,,,
1,1.1,2806,36,1,2,1764,5,30,2,1,4,0,5,0,0,0,3,,,
1,1.1,2816,36,2,2,6373,3,30,2,5,0,0,1,5,0,0,2,,,
1,1.1,2816,37,2,2,6373,4,30,2,0,0,0,0,0,0,0,2,,,
1,1.1,2816,38,1,2,6373,5,30,2,0,0,0,0,0,0,0,2,,,
1,1.2,2827,32,1,2,6502,4,30,2,5,0,0,5,0,0,0,1,3,2.3,3
1,1.2,2827,33,2,2,5479,2,30,2,5,0,5,1,1,0,0,1,3,0,0
1,1.1,2827,34,2,2,8847,3,30,2,0,0,0,0,0,0,0,4,,,
1,1.2,2827,178,1,3,6502,3,30,2,5,0,0,5,0,0,0,1,3,2.3,2
1,1.2,2828,33,1,2,7308,2,30,2,1,1,5,5,0,0,0,1,3,0,0
1,1.2,2831,34,1,2,3867,4,30,2,5,0,5,5,0,0,5,5,3,2,4
1,1.2,2835,32,2,2,7118,4,30,2,1,2,0,5,0,5,5,1,3,3.98,4
1,1.1,2846,31,2,2,5335,3,30,2,1,5,0,5,0,0,0,3,,,
1,1.2,2847,42,1,2,3338,4,30,2,5,0,5,5,0,0,0,2,3,998,4
1,1.2,2847,43,1,2,3338,5,30,2,5,0,5,5,0,0,0,2,3,0,0
1,1.1,2847,45,2,2,8385,3,35,2,5,0,5,1,5,0,0,3,,,
1,1.2,2848,47,1,2,422,2,30,2,5,0,0,5,0,0,0,1,3,0,0
1,1.2,2848,48,1,2,207,3,30,2,5,0,5,1,1,5,0,2,3,0,0
1,1.2,2848,49,2,2,207,4,30,2,5,0,5,1,1,5,0,2,3,0,0
1,1.1,2848,50,1,2,6611,3,30,2,5,0,0,5,0,0,0,3,,,
1,1.1,2848,51,1,2,422,3,30,2,5,0,5,5,0,0,0,1,,,
1,1.1,2848,52,1,2,422,4,30,2,0,0,0,0,0,0,0,2,,,
1,1.1,2848,53,1,2,207,5,30,2,5,0,5,1,1,5,0,2,,,
1,1.1,2848,54,1,2,6611,4,30,2,0,0,0,0,0,0,0,2,,,
1,1.1,2848,55,2,2,300,3,30,2,0,0,0,0,0,0,0,1,,,
1,1.2,2850,32,2,2,3828,3,30,2,1,5,0,1,5,0,0,2,3,0,0
1,1.1,2851,36,1,2,5754,3,30,2,1,1,0,5,0,0,0,2,,,
1,1.1,2851,38,1,2,5754,4,30,2,0,0,0,0,0,0,0,0,,,
1,1.2,2852,56,2,2,2057,2,30,2,1,5,0,1,1,5,5,1,3,3.8,4
1,1.2,2852,57,1,2,5532,5,30,2,5,0,0,5,0,0,0,1,3,1.4,4
1,1.2,2852,58,2,2,5480,3,30,2,1,5,0,1,5,0,0,1,3,0,0
1,1.2,2852,59,2,2,2741,3,35,2,1,5,0,5,0,0,5,2,3,0,0
1,1.1,2852,60,1,2,674,3,30,2,5,0,0,5,0,0,0,0,,,
1,1.1,2852,61,2,2,5532,6,30,2,5,0,0,5,0,0,5,0,,,
1,1.1,2852,62,1,2,2741,4,35,2,1,4,0,5,0,0,5,1,,,
1,1.1,2852,64,1,2,674,4,30,2,5,0,0,5,0,0,0,0,,,
1,1.1,2852,67,2,2,5480,4,30,2,1,5,0,5,0,0,0,1,,,
1,1.1,2852,68,1,2,1864,3,30,2,1,4,0,5,0,5,0,4,,,
1,1.1,2852,69,2,2,4831,3,35,2,1,5,0,1,1,5,0,4,,,
1,1.1,2852,70,2,2,5480,5,30,2,1,3,0,1,5,0,0,1,,,
1,1.1,2852,71,2,2,4831,4,35,2,1,4,0,5,0,5,0,4,,,
1,1.1,2852,72,1,2,1864,4,30,2,0,0,0,0,0,0,0,3,,,
1,1.1,2852,73,1,2,3886,3,30,2,0,0,0,0,0,0,0,1,,,
1,1.1,2852,74,2,2,5282,4,60,2,0,0,0,0,0,0,0,0,,,
1,1.1,2852,75,1,2,7576,5,30,2,0,0,0,0,0,0,0,0,,,
1,1.2,2860,33,1,2,1578,2,60,2,1,1,0,5,0,0,5,1,3,2.4,4
1,1.2,2860,34,1,2,1578,3,60,2,1,1,0,5,0,0,5,1,3,0,0
1,1.2,2860,35,2,2,2322,3,30,2,1,5,0,1,1,5,0,1,3,0,0
1,1.1,2860,36,1,2,2322,4,30,2,1,3,0,5,0,5,0,1,,,
1,1.1,2860,37,1,2,2322,5,30,2,0,0,0,0,0,0,0,1,,,
1,1.1,2876,33,2,2,6989,6,30,2,5,0,0,5,0,0,0,1,,,
1,1.1,2876,34,1,2,7219,2,30,2,0,0,0,0,0,0,0,1,,,
1,1.2,2876,170,1,3,6989,7,30,2,5,0,0,5,0,0,0,1,3,0,0
1,1.2,2876,171,1,3,6989,5,30,2,1,5,5,1,1,0,0,1,3,0,0
1,1.2,2880,32,1,2,7178,2,30,2,1,1,0,1,1,0,0,1,3,3.7,4.25
1,1.2,2881,38,2,2,453,3,30,2,1,2,5,1,5,5,5,1,3,3.2,4
1,1.2,2881,177,2,3,5529,2,30,2,1,4,0,5,0,0,0,5,3,0,0
1,1.2,2881,178,2,3,5529,3,30,2,5,0,0,1,1,0,0,5,3,0,0
1,1.1,2881,179,1,3,5529,4,30,2,0,0,0,0,0,0,0,4,,,
1,1.1,2882,35,1,2,3594,3,30,2,1,3,0,1,1,0,5,4,,,
1,1.1,2882,36,2,2,3594,4,30,2,0,0,0,0,0,0,0,2,,,
1,1.1,2882,37,1,2,3594,5,30,2,0,0,0,0,0,0,0,1,,,
1,1.1,2885,36,1,2,6262,3,30,2,5,0,0,5,0,0,5,1,,,
1,1.1,2885,37,2,2,6262,4,30,2,0,0,0,0,0,0,0,1,,,
1,1.1,2885,38,1,2,6262,5,30,2,0,0,0,0,0,0,0,2,,,
1,1.1,2887,39,1,2,1853,2,30,2,0,0,0,0,0,0,0,0,,,
1,1.1,2890,32,1,2,2105,3,30,2,5,0,0,5,0,0,0,2,,,
1,1.1,2890,33,2,2,3293,3,30,2,5,0,0,5,0,0,0,2,,,
1,1.1,2890,34,1,2,2105,4,30,2,0,0,0,0,0,0,0,2,,,
1,1.1,2890,35,2,2,3293,4,30,2,0,0,0,0,0,0,0,1,,,
1,1.1,2897,45,1,2,4483,3,30,2,0,0,0,0,0,0,0,0,,,
1,1.2,2900,33,1,2,2324,3,30,2,5,0,5,5,0,0,0,2,3,3.92,4
1,1.2,2900,35,1,2,2324,4,30,2,1,5,0,1,1,0,0,2,3,0,0
1,1.1,2902,36,2,2,7830,3,30,2,0,0,0,0,0,0,0,0,,,
1,1.1,2907,44,2,2,8614,3,30,2,5,0,0,5,0,5,0,1,,,
1,1.2,2907,45,1,2,8012,3,30,2,1,6,0,1,1,0,0,1,3,0,0
1,1.1,2907,46,2,2,8012,4,30,2,5,0,0,1,1,0,0,5,,,
1,1.1,2907,47,2,2,3236,3,30,2,1,5,0,5,0,0,0,2,,,
1,1.1,2907,49,2,2,8906,3,30,2,5,0,0,5,0,0,0,0,,,
1,1.1,2907,50,1,2,8012,5,30,2,5,0,0,5,0,0,1,5,,,
1,1.1,2907,51,1,2,8012,6,30,2,0,0,0,0,0,0,0,5,,,
1,1.1,2907,52,1,2,3236,4,30,2,1,4,0,5,0,0,0,0,,,
1,1.1,2907,53,1,2,8622,4,30,2,0,0,0,0,0,0,0,2,,,
1,1.2,2907,197,2,3,8622,3,30,2,5,0,0,5,0,0,0,2,3,0,0
1,1.1,2907,201,1,3,8622,5,30,2,0,0,0,0,0,0,0,2,,,
1,1.2,2910,35,1,2,8619,3,35,2,5,0,5,5,0,0,0,0,3,0,0
1,1.1,2921,34,2,2,1216,2,30,2,1,1,5,1,1,0,0,0,,,
1,1.1,2924,33,1,2,495,3,30,2,1,5,0,1,1,0,0,1,,,
1,1.1,2924,34,1,2,495,4,30,2,1,4,5,1,1,0,5,1,,,
1,1.1,2924,35,1,2,495,5,30,2,5,0,0,5,0,0,5,1,,,
1,1.1,3007,30,2,2,1430,3,30,2,0,0,0,0,0,0,0,2,,,
1,1.1,3007,31,2,2,1430,4,30,2,0,0,0,0,0,0,0,2,,,
1,1.1,3009,30,1,2,2436,3,30,2,0,0,0,0,0,0,0,0,,,
1,1.1,3010,30,1,2,8355,3,30,2,0,0,0,0,0,0,0,1,,,
1,1.2,3013,30,1,2,2432,3,30,2,1,6,0,5,0,0,0,1,3,998,98
1,1.2,3027,30,1,2,2298,4,30,2,1,5,0,1,1,0,0,1,3,998,98
1,1.1,3028,170,2,3,4788,2,30,2,5,0,5,5,0,5,0,2,,,
1,1.1,3032,30,2,2,966,2,30,2,0,0,0,0,0,0,0,5,,,
1,1.1,3034,30,1,2,158,3,30,2,5,0,0,1,1,0,0,3,,,
1,1.1,3034,31,1,2,158,4,30,2,5,0,0,5,0,0,0,4,,,
1,1.2,3046,30,1,2,4289,5,60,2,5,0,0,5,0,0,0,0,3,0,0
1,1.1,3046,31,1,2,4289,6,60,2,5,0,5,5,0,0,0,0,,,
1,1.2,3052,30,1,2,9001,2,30,2,5,0,0,5,0,0,0,5,3,2.5,5
1,1.2,3052,31,2,2,9001,3,30,2,5,0,0,5,0,0,0,2,3,0,0
1,1.1,3053,30,1,2,5302,3,30,2,0,0,0,0,0,0,0,2,,,
1,1.1,3053,31,2,2,8001,3,30,2,0,0,0,0,0,0,0,0,,,
1,1.1,3056,30,2,2,6343,2,30,2,0,0,0,0,0,0,0,0,,,
1,1.2,3057,32,1,2,5919,4,30,2,1,4,0,5,0,0,0,2,3,0,0
1,1.1,3058,33,1,2,5710,4,30,2,1,4,0,5,0,0,0,1,,,
1,1.1,3062,30,1,2,7459,3,30,2,5,0,5,1,1,0,0,2,,,
1,1.1,3065,30,1,2,2441,3,30,2,1,5,0,1,1,0,0,2,,,
1,1.1,3065,31,2,2,2441,4,30,2,1,5,0,1,1,0,0,1,,,
1,1.2,3066,30,1,2,149,3,30,2,1,2,0,5,0,5,0,1,3,998,98
1,1.2,3078,30,2,2,8114,3,30,2,5,0,5,5,0,0,0,1,3,3.4,4.5
1,1.2,3078,31,1,2,8170,3,30,2,1,2,5,5,0,5,0,4,3,0,0
1,1.2,3078,32,1,2,1833,2,30,2,1,2,0,5,0,0,0,1,3,0,0
1,1.2,3078,33,1,2,8170,4,30,2,1,2,0,5,0,5,0,4,3,0,0
1,1.1,3078,34,2,2,1833,5,30,2,1,5,5,1,1,0,0,1,,,
1,1.2,3082,30,2,2,9106,3,30,2,5,0,0,5,0,0,5,1,3,0,0
1,1.2,3084,30,1,2,7240,4,30,2,1,3,0,5,0,0,0,1,3,0,0
1,1.2,3086,30,1,2,8228,3,30,2,1,6,5,1,1,0,1,1,3,2.8,4
1,1.1,3086,31,2,2,8228,4,30,2,1,4,5,1,5,0,5,2,,,
1,1.1,3088,30,1,2,6990,3,30,2,0,0,0,0,0,0,0,5,,,
1,1.1,3088,31,1,2,6990,4,30,2,0,0,0,0,0,0,0,5,,,
1,1.2,3094,30,1,2,5878,4,30,2,5,0,0,5,0,0,0,2,3,4.13,4.3
1,1.1,3095,30,1,2,6890,4,30,2,1,6,0,1,1,0,0,2,,,
1,1.1,3095,31,1,2,6890,5,30,2,5,0,0,1,1,0,0,1,,,
1,1.1,3095,32,1,2,6194,3,30,2,1,4,0,5,0,0,0,2,,,
1,1.2,3095,33,2,2,6890,6,60,2,5,0,0,5,0,0,0,3,3,0,0
1,1.1,3095,34,1,2,8204,4,30,2,5,0,0,5,0,0,0,3,,,
1,1.1,3095,35,2,2,8204,5,30,2,0,0,0,0,0,0,0,3,,,
1,1.1,3095,36,2,2,6890,7,60,2,0,0,0,0,0,0,0,0,,,
1,1.1,3095,37,2,2,6194,4,30,2,0,0,0,0,0,0,0,0,,,
1,1.1,3095,38,2,2,6772,3,30,2,0,0,0,0,0,0,0,2,,,
1,1.1,3095,172,1,3,8204,3,30,2,5,0,5,5,0,0,0,2,,,
1,1.2,3096,30,2,2,5852,4,30,2,1,3,5,5,0,5,5,2,3,3.42,4
1,1.1,3098,31,2,2,8761,3,30,2,0,0,0,0,0,0,0,0,,,
1,1.2,3099,30,1,2,7729,6,30,2,5,0,5,5,0,5,0,1,3,998,4
1,1.1,3101,173,2,3,1453,3,30,2,0,0,0,0,0,0,0,1,,,
1,1.1,3104,30,1,2,3119,3,30,2,1,6,5,1,1,0,0,1,,,
1,1.1,3107,30,1,2,5219,3,30,2,1,1,5,1,1,5,0,1,,,
1,1.1,3108,30,2,2,5193,3,30,2,1,3,0,5,0,5,0,2,,,
1,1.1,3108,31,1,2,5193,4,30,2,0,0,0,0,0,0,0,2,,,
1,1.1,3111,30,1,2,7969,7,60,2,0,0,0,0,0,0,0,4,,,
1,1.1,3117,33,1,2,8911,3,30,2,0,0,0,0,0,0,0,0,,,
1,1.1,3131,30,2,2,5079,3,30,2,0,0,0,0,0,0,0,3,,,
1,1.1,3133,30,2,2,8549,3,30,,,,,,,,,,3,998,5
1,1.1,3133,31,2,2,8549,4,30,,,,,,,,,,3,0,0
1,1.1,3133,32,1,2,8549,5,30,,,,,,,,,,3,0,0
1,1.1,3133,33,1,2,6165,3,30,2,0,0,0,0,0,0,0,0,,,
1,1.2,3135,30,2,2,6931,4,30,2,5,0,5,5,0,0,0,2,3,998,3
1,1.2,3137,30,1,2,6217,2,30,2,5,0,0,1,1,0,0,1,3,3.15,4
1,1.2,3137,32,1,2,6217,3,30,2,5,0,0,1,1,0,0,1,3,0,0
1,1.2,3137,33,1,2,5625,3,30,2,5,0,0,5,0,0,5,1,3,0,0
1,1.1,3143,30,2,2,8218,3,30,2,5,0,0,5,0,0,0,1,,,
1,1.1,3143,31,2,2,8218,4,30,2,5,0,0,5,0,0,0,5,,,
1,1.1,3143,32,1,2,8218,5,30,2,0,0,0,0,0,0,0,2,,,
1,1.2,3147,30,2,2,6712,3,35,2,1,2,0,5,0,0,0,2,3,3.34,4
1,1.1,3147,32,2,2,7834,2,30,2,1,5,0,1,1,0,0,3,,,
1,1.2,3149,30,2,2,7605,4,30,2,1,5,0,1,5,0,0,1,3,2.6,5
1,1.2,3151,30,1,2,6150,5,30,2,5,0,0,5,0,0,0,2,3,3.4,4
1,1.1,3151,31,2,2,3429,5,30,2,5,0,0,5,0,0,0,5,,,
1,1.2,3151,172,1,3,3429,4,30,2,1,5,0,5,0,0,0,2,3,0,0
1,1.1,3155,30,1,2,8290,3,30,2,5,0,0,5,0,0,0,2,,,
1,1.1,3155,31,1,2,8364,3,30,2,0,0,0,0,0,0,0,0,,,
1,1.1,3155,32,2,2,8940,4,30,2,0,0,0,0,0,0,0,3,,,
1,1.1,3155,172,2,3,8940,3,30,2,0,0,0,0,0,0,0,3,,,
1,1.1,3162,30,1,2,6378,3,30,2,0,0,0,0,0,0,0,1,,,
1,1.1,3171,31,2,2,5078,4,30,2,1,6,0,5,0,5,0,2,,,
1,1.1,3172,30,1,2,1705,4,30,2,5,0,5,5,0,0,0,3,,,
1,1.1,3172,31,2,2,1598,3,33,2,5,0,0,1,5,0,0,2,,,
1,1.1,3172,32,1,2,1598,4,33,2,0,0,0,0,0,0,0,1,,,
1,1.1,3172,33,1,2,1705,5,30,2,0,0,0,0,0,0,0,2,,,
1,1.2,3172,171,2,3,1705,3,30,2,1,4,5,1,1,5,0,1,3,0,0
1,1.2,3176,30,2,2,7299,6,30,2,5,0,0,5,0,0,5,2,3,998,4
1,1.2,3176,31,2,2,7299,7,30,2,5,0,0,5,0,0,5,2,3,0,0
1,1.1,3176,32,1,2,7299,8,60,2,0,0,0,0,0,0,0,1,,,
1,1.1,3177,30,1,2,7022,4,30,2,5,0,0,1,1,0,0,1,,,
1,1.2,3179,30,2,2,2573,6,30,2,5,0,0,5,0,0,0,0,3,998,4
1,1.2,3190,30,1,2,6379,4,30,2,5,0,5,5,0,0,0,1,3,0,0
1,1.2,3190,31,1,2,6379,5,30,2,5,0,0,5,0,0,0,1,3,0,0
1,1.2,3190,171,1,3,6379,3,30,2,5,0,0,5,0,0,0,1,3,0,0
1,1.1,3191,30,2,2,6927,2,30,2,1,3,0,5,0,0,0,1,,,
1,1.2,3193,30,2,2,8152,3,30,2,5,0,0,5,0,0,0,1,3,0,0
1,1.2,3193,32,1,2,8389,3,35,2,1,6,0,1,1,0,5,2,3,0,0
1,1.1,3193,33,1,2,8152,4,30,2,5,0,0,5,0,0,0,1,,,
1,1.1,3193,34,1,2,8152,5,30,2,5,0,0,5,0,0,0,1,,,
1,1.1,3194,30,2,2,6054,4,30,2,5,0,0,5,0,0,0,0,,,
1,1.1,3195,31,2,2,7655,3,35,2,1,1,5,5,0,5,0,2,,,
1,1.1,3195,32,2,2,7569,3,30,2,5,0,5,5,0,0,0,2,,,
1,1.1,3195,33,1,2,7569,4,30,2,5,0,5,5,0,0,0,3,,,
1,1.1,3195,34,2,2,7655,4,35,2,1,4,5,5,0,0,0,1,,,
1,1.1,3195,35,1,2,2879,3,30,2,0,0,0,0,0,0,0,3,,,
1,1.1,3195,36,2,2,7655,5,30,2,0,0,0,0,0,0,0,3,,,
1,1.1,3199,30,2,2,6834,4,30,2,5,0,5,5,0,0,0,1,,,
1,1.1,3199,31,2,2,6834,5,30,2,5,0,0,5,0,0,0,1,,,
1,1.1,3199,32,1,2,6834,6,30,2,0,0,0,0,0,0,0,1,,,
1,1.1,3200,30,2,2,5473,6,60,2,0,0,0,0,0,0,0,3,,,
1,1.2,3201,31,1,2,6440,3,30,2,1,6,0,5,0,5,5,1,3,0,0
1,1.1,3201,33,1,2,6440,4,30,2,5,0,0,5,0,0,5,1,,,
1,1.1,3201,34,1,2,6440,5,30,2,5,0,0,5,0,0,0,1,,,
1,1.1,3203,30,2,2,4684,2,30,2,5,0,5,1,5,5,0,4,,,
1,1.1,3207,31,1,2,4766,5,60,2,1,2,5,1,1,0,0,2,,,
1,1.1,3207,32,1,2,6666,2,30,2,0,0,0,0,0,0,0,2,,,
1,1.2,3208,30,1,2,6218,4,30,2,5,0,0,5,0,5,1,4,3,3,4
1,1.1,3208,31,2,2,6218,5,30,2,5,0,0,5,0,0,5,5,,,
1,1.1,3210,30,2,2,2325,2,30,2,1,2,0,5,0,5,0,1,,,
1,1.1,3210,31,2,2,2325,3,30,2,5,0,5,1,5,0,0,3,,,
1,1.2,3211,30,1,2,8066,5,30,2,1,6,0,5,0,0,0,1,3,998,4
1,1.2,3211,170,2,3,8066,6,30,2,1,6,0,1,1,5,0,2,3,0,0
1,1.2,3214,30,2,2,30,3,30,2,5,0,0,5,0,5,0,1,3,2.5,4
1,1.2,3217,30,2,2,7529,4,30,2,1,5,0,5,0,5,5,3,3,3.4,4
1,1.2,3217,31,2,2,7529,5,30,2,5,0,5,1,1,0,5,3,3,0,0
1,1.1,3218,30,2,2,2006,3,30,2,0,0,0,0,0,0,0,2,,,
1,1.1,3224,32,2,2,7874,2,30,2,1,5,0,1,1,0,0,1,,,
1,1.1,3225,30,2,2,6954,3,30,2,0,0,0,0,0,0,0,3,,,
1,1.1,3225,31,1,2,3148,3,30,2,0,0,0,0,0,0,0,1,,,
1,1.2,3226,30,1,2,1680,4,30,2,1,6,0,1,1,0,5,1,3,0,0
1,1.1,3226,31,2,2,1680,5,30,2,1,5,0,1,1,0,5,1,,,
1,1.1,3227,30,2,2,7268,3,30,2,5,0,0,5,0,0,0,1,,,
1,1.1,3227,31,1,2,5390,3,30,2,0,0,0,0,0,0,0,2,,,
1,1.1,3228,30,1,2,5347,3,30,2,0,0,0,0,0,0,0,0,,,
1,1.2,3231,30,2,2,7116,4,30,2,5,0,0,5,0,0,0,2,3,0,0
1,1.1,3231,31,1,2,7116,5,30,2,5,0,0,5,0,0,0,5,,,
1,1.1,3232,32,1,2,8760,3,30,2,0,0,0,0,0,0,0,1,,,
1,1.1,3232,34,1,2,8760,4,30,2,0,0,0,0,0,0,0,1,,,
1,1.2,3235,30,1,2,3105,3,30,2,5,0,0,5,0,0,0,4,3,0,0
1,1.2,3235,31,1,2,3105,4,30,2,5,0,0,5,0,0,0,3,3,0,0
1,1.1,3235,32,2,2,7480,4,30,2,5,0,0,5,0,0,0,2,,,
1,1.1,3235,33,2,2,3105,5,30,2,0,0,0,0,0,0,0,3,,,
1,1.2,3236,31,2,2,7064,2,30,2,5,0,5,1,5,1,5,5,3,0,0
1,1.1,3236,33,2,2,7064,3,30,2,5,0,0,5,0,0,5,5,,,
1,1.1,3236,34,2,2,7064,4,30,2,0,0,0,0,0,0,0,2,,,
1,1.1,3236,35,2,2,7556,2,30,2,0,0,0,0,0,0,0,2,,,
1,1.1,3236,36,1,2,7064,5,30,2,0,0,0,0,0,0,0,5,,,
1,1.2,3237,30,1,2,2138,3,35,2,5,0,0,5,0,0,0,2,3,998,98
1,1.2,3237,31,2,2,3635,3,33,2,5,0,0,5,0,0,0,1,3,0,0
1,1.2,3237,32,2,2,2454,3,33,2,5,0,0,5,0,0,0,5,3,0,0
1,1.2,3237,33,1,2,3635,4,33,2,5,0,5,5,0,0,0,1,3,0,0
1,1.1,3237,34,2,2,3623,6,30,2,5,0,5,5,0,5,0,3,,,
1,1.1,3237,38,1,2,1983,3,30,2,0,0,0,0,0,0,0,5,,,
1,1.1,3237,39,1,2,3623,7,70,2,0,0,0,0,0,0,0,1,,,
1,1.1,3237,40,1,2,3635,5,30,2,0,0,0,0,0,0,0,0,,,
1,1.1,3240,32,2,2,5499,4,30,2,0,0,0,0,0,0,0,0,,,
1,1.1,3240,33,2,2,5499,3,30,2,0,0,0,0,0,0,0,0,,,
1,1.2,3242,30,1,2,6567,3,30,2,5,0,0,5,0,5,0,1,3,2.88,4.5
1,1.1,3242,31,1,2,6742,3,30,2,5,0,5,1,1,0,0,2,,,
1,1.1,3242,32,1,2,6742,4,30,2,0,0,0,0,0,0,0,4,,,
1,1.1,3242,33,2,2,6742,6,71,2,0,0,0,0,0,0,0,0,,,
1,1.2,3243,30,2,2,6101,3,30,2,1,6,0,5,0,0,0,3,3,0,0
1,1.1,3243,31,1,2,6101,4,30,2,1,5,5,5,0,0,0,2,,,
1,1.1,3243,32,1,2,8936,2,30,2,5,0,5,5,0,0,0,4,,,
1,1.1,3246,30,2,2,2429,3,30,2,1,5,5,1,1,0,5,4,,,
1,1.1,3246,31,1,2,2429,4,30,2,1,5,0,1,1,0,5,4,,,
1,1.1,3247,30,1,2,4390,3,30,2,1,5,0,1,1,5,5,3,,,
1,1.1,3247,31,1,2,4390,4,30,2,0,0,0,0,0,0,0,4,,,
1,1.1,3249,33,2,2,8450,2,30,2,5,0,0,5,0,0,0,2,,,
1,1.1,3250,30,1,2,566,2,30,2,5,0,0,1,1,0,0,2,,,
1,1.1,3250,31,1,2,566,3,30,2,0,0,0,0,0,0,0,2,,,
1,1.1,3252,30,1,2,968,2,30,2,5,0,5,5,0,0,0,5,,,
1,1.1,3252,31,1,2,8388,4,30,2,5,0,5,5,0,5,5,2,,,
1,1.1,3252,32,2,2,8388,5,30,2,5,0,0,5,0,5,5,2,,,
1,1.1,3252,33,2,2,968,3,30,2,0,0,0,0,0,0,0,5,,,
1,1.1,3252,171,2,3,8388,3,30,2,5,0,0,5,0,5,5,2,,,
1,1.2,3257,30,1,2,6524,4,30,2,5,0,0,8,0,0,0,1,3,3.6,4
1,1.1,3258,30,2,2,206,4,30,2,0,0,0,0,0,0,0,3,,,
1,1.1,3258,171,1,3,206,3,30,2,1,5,0,5,0,0,0,2,,,
1,1.1,3261,30,1,2,5874,5,30,2,5,0,0,5,0,0,5,1,,,
1,1.1,3261,31,2,2,5874,6,30,2,5,0,0,5,0,0,0,4,,,
1,1.2,3262,31,1,2,567,2,30,2,5,0,0,5,0,0,0,0,3,0,0
1,1.1,3262,33,2,2,567,3,30,2,1,5,0,1,1,0,0,0,,,
1,1.1,3262,34,2,2,567,4,30,2,1,4,5,5,0,0,0,2,,,
1,1.1,3263,30,2,2,5770,4,30,2,1,5,0,5,0,0,0,1,,,
1,1.1,3263,31,2,2,7992,2,30,2,5,0,0,1,1,5,0,1,,,
1,1.1,3263,32,2,2,7974,3,30,2,0,0,0,0,0,0,0,2,,,
1,1.2,3268,30,2,2,6801,5,33,2,5,0,0,5,0,0,0,4,3,998,98
1,1.2,3268,31,2,2,6801,3,30,2,5,0,0,1,1,0,0,1,3,0,0
1,1.2,3268,32,1,2,6801,4,30,2,5,0,0,5,0,0,0,1,3,0,0
1,1.2,3268,174,1,3,3200,2,30,2,1,1,0,5,0,0,0,0,3,998,4
1,1.2,3268,175,1,3,3200,3,30,2,5,0,0,5,0,0,0,0,3,0,0
1,1.1,3272,33,2,2,7113,3,30,2,5,0,0,1,1,0,5,1,,,
1,1.1,3272,34,2,2,7113,4,30,2,5,0,0,1,1,0,5,1,,,
1,1.1,3272,35,2,2,7113,5,30,2,5,0,0,1,1,0,5,1,,,
1,1.1,3287,33,1,2,1933,3,30,2,1,4,0,1,1,5,0,2,,,
1,1.1,3287,36,1,2,1933,4,30,2,1,5,0,1,1,0,0,2,,,
1,1.2,3288,30,1,2,4266,3,30,2,5,0,0,5,0,5,0,2,3,0,0
1,1.1,3288,31,1,2,4266,4,30,2,5,0,0,5,0,0,0,3,,,
1,1.1,3291,30,2,2,1803,3,30,2,0,0,0,0,0,0,0,5,,,
1,1.1,3297,30,2,2,7548,2,30,2,5,0,0,5,0,0,0,1,,,
1,1.1,3297,31,2,2,7548,3,30,2,5,0,0,5,0,0,0,1,,,
1,1.1,3303,36,2,2,6154,4,30,2,0,0,0,0,0,0,0,2,,,
1,1.2,3311,30,2,2,6368,4,30,2,5,0,0,5,0,0,0,2,3,0,0
1,1.2,3311,31,2,2,6339,2,30,2,1,3,0,1,5,0,0,2,3,0,0
1,1.2,3311,170,2,3,6339,3,30,2,1,6,0,1,5,5,0,2,3,0,0
1,1.1,3312,30,2,2,3795,3,30,2,5,0,0,5,0,0,5,2,,,
1,1.2,3316,30,1,2,1200,3,30,2,1,6,0,1,1,0,0,2,3,0,0
1,1.1,3316,31,2,2,1200,4,30,2,1,4,0,1,1,0,0,1,,,
1,1.1,3316,32,1,2,7975,3,30,2,5,0,5,5,0,5,5,2,,,
1,1.1,3316,33,2,2,7975,4,30,2,5,0,0,1,5,5,5,2,,,
1,1.1,3316,35,1,2,1200,5,30,2,0,0,0,0,0,0,0,1,,,
1,1.1,3320,30,2,2,6219,2,30,2,5,0,5,1,1,0,0,4,,,
1,1.2,3332,30,1,2,8061,3,30,2,5,0,0,5,0,0,0,1,3,998,98
1,1.1,3332,31,1,2,7232,3,30,2,0,0,0,0,0,0,0,2,,,
1,1.1,3333,30,1,2,7611,4,30,2,5,0,0,5,0,0,0,4,,,
1,1.1,3333,31,2,2,7611,5,30,2,5,0,0,1,1,0,0,0,,,
1,1.1,3339,30,2,2,7801,4,30,2,1,6,5,1,1,5,0,1,,,
1,1.1,3340,30,2,2,4886,3,30,,,,,,,,,,3,0,0
1,1.1,3340,31,1,2,4886,4,30,,,,,,,,,,3,0,0
1,1.1,3341,31,1,2,7839,3,30,2,1,2,0,1,1,0,0,4,,,
1,1.1,3341,32,1,2,7839,4,30,2,5,0,0,5,0,0,0,5,,,
1,1.2,3345,30,1,2,3297,5,30,2,5,0,0,5,0,0,0,0,3,998,98
1,1.2,3345,31,2,2,3297,6,30,2,5,0,0,5,0,0,0,0,3,0,0
1,1.1,3346,30,1,2,8988,3,30,2,0,0,0,0,0,0,0,1,,,
1,1.2,3347,30,2,2,7359,3,30,2,1,4,0,5,0,0,0,1,3,0,0
1,1.1,3347,31,1,2,6746,3,30,2,5,0,5,5,0,0,0,1,,,
1,1.1,3347,32,1,2,7359,4,30,2,5,0,0,5,0,0,5,2,,,
1,1.2,3348,30,1,2,5358,3,30,2,1,5,0,1,1,0,0,2,3,3.78,4
1,1.2,3348,31,1,2,5358,4,30,2,5,0,5,5,0,0,0,2,3,2.49,4
1,1.2,3348,32,1,2,5358,5,30,2,5,0,0,5,0,0,5,4,3,0,0
1,1.1,3349,30,1,2,3937,5,60,2,0,0,0,0,0,0,0,1,,,
1,1.1,3351,30,1,2,6351,6,60,2,1,1,0,5,0,0,0,1,,,
1,1.1,3351,32,2,2,6351,5,60,2,0,0,0,0,0,0,0,2,,,
1,1.1,3355,30,1,2,8047,3,35,2,5,0,5,1,5,0,0,2,,,
1,1.1,3355,31,1,2,8047,4,30,2,5,0,0,5,0,0,0,4,,,
1,1.1,3355,32,1,2,8047,5,30,2,0,0,0,0,0,0,0,1,,,
1,1.2,3356,30,2,2,2455,3,30,2,5,0,0,5,0,0,0,2,3,3.6,4
1,1.2,3356,31,1,2,8998,3,30,2,1,5,5,5,0,0,0,1,3,0,0
1,1.2,3356,32,2,2,2455,4,30,2,1,2,0,1,1,0,0,2,3,998,98
1,1.2,3356,33,1,2,2455,5,30,2,1,5,0,1,1,0,5,1,3,0,0
1,1.1,3356,34,1,2,8998,4,30,2,1,4,0,5,0,0,0,5,,,
1,1.1,3356,35,1,2,8998,5,30,2,1,4,5,1,1,0,0,0,,,
1,1.1,3356,36,1,2,2455,6,30,2,0,0,0,0,0,0,0,4,,,
1,1.2,3359,30,2,2,6506,3,30,2,1,2,0,5,0,0,0,1,3,998,5
1,1.2,3359,31,2,2,6506,4,30,2,1,2,0,5,0,0,0,1,3,0,0
1,1.2,3359,32,2,2,6506,5,30,2,1,5,0,1,1,0,0,1,3,0,0
1,1.1,3359,33,2,2,7036,3,30,2,1,5,0,1,1,1,0,3,,,
1,1.1,3359,34,2,2,4517,3,35,2,5,0,0,5,0,5,0,3,,,
1,1.1,3359,35,2,2,4517,4,30,2,0,0,0,0,0,0,0,2,,,
1,1.1,3359,36,1,2,4517,5,30,2,0,0,0,0,0,0,0,4,,,
1,1.1,3360,30,1,2,5824,5,60,2,0,0,0,0,0,0,0,0,,,
1,1.1,3361,30,2,2,1571,3,30,2,1,6,5,1,1,0,0,2,,,
1,1.1,3362,30,2,2,7989,3,30,2,1,6,0,5,0,0,5,5,,,
1,1.1,3362,31,1,2,7035,3,30,2,1,5,0,1,1,0,0,1,,,
1,1.1,3362,32,1,2,7035,4,30,2,5,0,0,5,0,0,5,1,,,
1,1.2,3363,30,2,2,6071,3,30,2,1,1,0,5,0,0,0,1,3,0,0
1,1.1,3363,31,1,2,6071,4,30,2,1,2,0,5,0,0,0,2,,,
1,1.1,3363,32,1,2,6071,5,30,2,0,0,0,0,0,0,0,2,,,
1,1.1,3365,30,1,2,1690,2,30,2,1,3,0,1,5,0,0,4,,,
1,1.1,3365,31,1,2,636,3,30,2,5,0,0,5,0,0,0,1,,,
1,1.1,3365,32,1,2,5317,4,60,2,0,0,0,0,0,0,0,0,,,
1,1.1,3365,33,1,2,3981,2,30,2,0,0,0,0,0,0,0,0,,,
1,1.1,3365,34,2,2,636,4,30,2,0,0,0,0,0,0,0,2,,,
1,1.2,3367,30,2,2,6092,5,30,2,5,0,0,5,0,0,5,2,3,3.14,4
1,1.2,3367,31,1,2,6092,6,30,2,5,0,0,5,0,0,0,2,3,2.5,4.2
1,1.2,3367,32,2,2,6092,7,30,2,5,0,0,5,0,0,0,4,3,2,4
1,1.1,3367,33,2,2,6092,8,30,2,5,0,0,1,1,0,0,4,,,
1,1.1,3367,34,1,2,6092,9,60,2,1,4,0,5,0,0,0,2,,,
1,1.2,3368,30,2,2,5246,4,30,2,5,0,0,5,0,0,0,4,3,0,0
1,1.1,3368,32,2,2,8000,3,30,2,1,6,0,5,0,0,0,3,,,
1,1.1,3368,33,2,2,8000,4,30,2,1,5,0,5,0,0,0,3,,,
1,1.1,3368,34,1,2,5246,5,30,2,5,0,0,5,0,0,0,2,,,
1,1.1,3368,35,2,2,8000,5,30,2,0,0,0,0,0,0,0,3,,,
1,1.1,3368,36,1,2,1313,3,30,2,0,0,0,0,0,0,0,1,,,
1,1.2,3373,30,2,2,7197,5,30,2,5,0,0,5,0,0,0,1,3,998,1.59
1,1.2,3373,31,1,2,7197,6,30,2,5,0,5,1,5,0,0,2,3,0,0
1,1.2,3375,30,2,2,7465,3,30,2,1,4,0,1,1,0,5,3,3,0,0
1,1.1,3375,32,1,2,7465,4,30,2,0,0,0,0,0,0,0,3,,,
1,1.1,3377,31,1,2,7769,3,30,2,5,0,0,5,0,0,0,3,,,
1,1.1,3377,33,1,2,7769,4,30,2,5,0,0,5,0,0,0,0,,,
1,1.1,3377,35,1,2,7769,5,30,2,5,0,5,5,0,5,0,3,,,
1,1.2,3378,30,2,2,6181,4,30,2,5,0,0,5,0,0,0,2,3,0,0
1,1.2,3379,30,2,2,3884,3,33,2,5,0,5,1,1,0,0,1,3,998,4
1,1.1,3379,31,2,2,6733,3,30,2,5,0,0,5,0,0,5,5,,,
1,1.1,3379,32,1,2,3884,4,33,2,5,0,5,5,0,0,0,1,,,
1,1.1,3379,33,2,2,7292,7,97,2,0,0,0,0,0,0,0,2,,,
1,1.1,3379,34,1,2,3884,5,30,2,0,0,0,0,0,0,0,5,,,
1,1.1,3379,35,1,2,7292,8,97,2,0,0,0,0,0,0,0,1,,,
1,1.1,3380,30,1,2,6622,5,60,2,5,0,0,5,0,5,0,3,,,
1,1.1,3380,31,2,2,6622,6,60,2,0,0,0,0,0,0,0,5,,,
1,1.2,3381,30,2,2,6224,2,30,2,1,5,0,5,0,0,0,1,3,3.25,4
1,1.2,3381,31,1,2,6451,3,30,2,1,5,0,5,0,0,0,1,3,998,4
1,1.2,3381,32,2,2,6803,2,30,2,1,2,0,5,0,0,0,0,3,0,0
1,1.2,3381,33,2,2,6224,3,30,2,1,5,0,5,0,0,0,1,3,0,0
1,1.1,3381,34,1,2,6803,3,30,2,5,0,0,5,0,0,0,0,,,
1,1.1,3381,35,1,2,6451,4,30,2,1,2,0,5,0,0,0,2,,,
1,1.1,3381,36,2,2,6224,4,30,2,5,0,0,5,0,0,0,1,,,
1,1.1,3381,37,2,2,6296,2,30,2,1,4,0,5,0,0,0,2,,,
1,1.1,3381,38,2,2,6451,5,30,2,0,0,0,0,0,0,0,1,,,
1,1.1,3381,39,2,2,6224,5,30,2,0,0,0,0,0,0,0,1,,,
1,1.1,3388,30,1,2,5680,3,30,2,0,0,0,0,0,0,0,2,,,
1,1.2,3394,30,1,2,6293,3,30,2,1,1,0,5,0,5,0,1,3,3.4,4
1,1.2,3394,31,1,2,6293,4,30,2,1,5,0,5,0,0,0,1,3,0,0
1,1.1,3394,32,1,2,6293,5,30,2,1,4,0,5,0,0,5,2,,,
1,1.1,3394,33,1,2,6293,6,30,2,1,4,0,5,0,0,0,2,,,
1,1.1,3397,30,2,2,6615,2,30,2,1,5,5,1,5,0,5,2,,,
1,1.1,3402,31,2,2,6105,3,35,2,5,0,0,5,0,0,0,2,,,
1,1.1,3402,32,2,2,6826,4,30,2,5,0,5,5,0,0,0,3,,,
1,1.1,3402,33,1,2,6105,4,35,2,5,0,5,5,0,0,0,2,,,
1,1.1,3402,34,1,2,6826,5,30,2,5,0,0,5,0,0,0,4,,,
1,1.1,3402,171,2,3,6826,3,30,2,5,0,5,5,0,0,0,3,,,
1,1.2,3404,30,2,2,5549,4,30,2,5,0,0,1,1,0,0,2,3,0,0
1,1.1,3404,31,1,2,3212,3,30,2,0,0,0,0,0,0,0,5,,,
1,1.2,3405,30,1,2,7683,2,30,2,1,2,0,5,0,5,0,1,3,3.8,4
1,1.1,3405,31,2,2,9104,3,30,2,0,0,0,0,0,0,0,3,,,
1,1.2,3407,31,2,2,2968,3,30,2,1,6,0,1,1,0,0,3,3,3.2,4
1,1.1,3407,32,1,2,2968,4,30,2,1,5,0,5,0,0,0,1,,,
1,1.1,3408,30,1,2,7479,4,30,2,1,4,0,1,1,0,0,1,,,
1,1.1,3410,30,1,2,8702,3,30,2,0,0,0,0,0,0,0,0,,,
1,1.1,3413,30,1,2,3579,3,30,2,0,0,0,0,0,0,0,1,,,
1,1.1,3413,31,2,2,3579,4,30,2,0,0,0,0,0,0,0,1,,,
1,1.2,3414,30,1,2,212,3,30,2,1,3,0,1,1,0,0,1,3,0,0
1,1.2,3414,31,1,2,4152,2,30,2,1,5,0,5,0,5,0,1,3,4.1,5
1,1.1,3414,32,1,2,117,3,30,2,0,0,0,0,0,0,0,1,,,
1,1.1,3414,33,1,2,117,4,30,2,0,0,0,0,0,0,0,1,,,
1,1.2,3415,30,1,2,7836,2,30,2,5,0,0,5,0,0,0,1,3,3,4
1,1.2,3415,31,2,2,7836,3,30,2,5,0,0,5,0,0,0,1,3,3.83,4
1,1.2,3424,30,2,2,8423,2,30,2,5,0,5,1,1,5,5,4,3,3.12,4
1,1.2,3430,30,2,2,7841,3,30,2,1,2,0,1,1,5,0,1,3,4,4.2
1,1.1,3432,30,2,2,3109,3,30,2,1,1,5,5,0,0,5,2,,,
1,1.1,3432,31,2,2,3109,4,30,2,1,4,0,1,1,0,5,2,,,
1,1.1,3432,32,2,2,3109,5,30,2,1,4,0,5,0,0,0,5,,,
1,1.1,3432,33,2,2,3109,6,30,2,0,0,0,0,0,0,0,2,,,
1,1.2,3435,30,1,2,3159,3,30,2,5,0,0,5,0,0,0,3,3,0,0
1,1.2,3435,31,1,2,3159,4,30,2,5,0,0,5,0,0,0,2,3,0,0
1,1.1,3435,32,1,2,2568,3,30,2,5,0,0,5,0,0,0,3,,,
1,1.1,3435,33,1,2,3159,5,30,2,5,0,5,5,0,0,0,3,,,
1,1.1,3437,30,1,2,5609,5,30,2,5,0,0,5,0,0,0,1,,,
1,1.2,3438,30,1,2,8096,4,30,2,5,0,0,5,0,0,0,2,3,2.9,4
1,1.2,3438,33,1,2,8096,5,30,2,5,0,0,5,0,0,0,2,3,0,0
1,1.2,3441,30,2,2,6050,5,30,2,1,4,0,5,0,0,0,5,3,3.5,4
1,1.2,3441,31,2,2,6050,6,30,2,1,5,0,5,0,0,0,1,3,0,0
1,1.1,3441,32,1,2,6897,3,30,2,0,0,0,0,0,0,0,3,,,
1,1.1,3442,30,2,2,246,3,30,2,1,6,0,1,1,5,0,1,,,
1,1.1,3448,30,1,2,6569,3,30,2,0,0,0,0,0,0,0,2,,,
1,1.1,3453,30,2,2,5566,3,30,2,0,0,0,0,0,0,0,2,,,
1,1.1,3453,31,2,2,5566,4,30,2,0,0,0,0,0,0,0,3,,,
1,1.2,3459,30,2,2,7681,3,30,2,5,0,1,1,5,0,0,2,3,3.5,4
1,1.1,3459,31,1,2,7681,4,30,2,5,0,0,5,0,5,5,2,,,
1,1.2,3462,30,2,2,6149,5,30,2,5,0,5,5,0,0,0,3,3,0,0
1,1.1,3462,31,1,2,6149,7,60,2,0,0,0,0,0,0,0,1,,,
1,1.1,3462,32,2,2,6149,6,30,2,0,0,0,0,0,0,0,2,,,
1,1.1,3464,30,1,2,6058,3,30,2,5,0,0,5,0,0,0,3,,,
1,1.1,3473,30,2,2,3154,3,30,2,1,4,0,1,5,0,0,2,,,
1,1.2,3473,31,2,2,2128,2,30,2,5,0,0,5,0,0,0,1,3,0,0
1,1.2,3473,33,2,2,2128,3,30,2,5,0,0,5,0,0,0,3,3,0,0
1,1.1,3473,34,2,2,2107,4,30,2,5,0,0,5,0,0,0,1,,,
1,1.1,3473,35,1,2,2107,5,30,2,0,0,0,0,0,0,0,5,,,
1,1.1,3473,36,2,2,3154,4,30,2,0,0,0,0,0,0,0,2,,,
1,1.2,3473,173,1,3,2107,3,30,2,5,0,0,1,1,0,0,1,3,0,0
1,1.1,3478,4,2,1,2651,3,30,2,5,0,0,5,0,0,0,2,,,
1,1.1,3478,30,1,2,2651,4,30,2,0,0,0,0,0,0,0,3,,,
1,1.2,3480,30,2,2,6019,3,30,2,1,1,5,1,1,0,0,2,3,0,0
1,1.1,3480,31,1,2,6019,4,30,2,0,0,0,0,0,0,0,2,,,
1,1.1,3483,30,2,2,6290,3,30,2,1,5,0,5,0,0,1,1,,,
1,1.1,3483,32,1,2,6290,4,30,2,0,0,0,0,0,0,0,1,,,
1,1.1,3483,33,2,2,7718,4,30,2,0,0,0,0,0,0,0,0,,,
1,1.1,3483,34,1,2,8109,3,30,2,0,0,0,0,0,0,0,0,,,
1,1.1,3483,35,2,2,7718,5,30,2,0,0,0,0,0,0,0,5,,,
1,1.1,3489,32,2,2,7588,5,30,2,0,0,0,0,0,0,0,1,,,
1,1.1,3496,6,1,1,7044,3,30,2,5,0,0,5,0,0,0,1,,,
1,1.1,3500,30,1,2,7945,3,30,2,0,0,0,0,0,0,0,2,,,
1,1.1,3501,4,1,1,8480,3,30,2,5,0,0,5,0,0,0,1,,,
1,1.2,3502,6,2,1,6994,4,30,2,5,0,0,5,0,0,0,1,3,3.5,4.4
1,1.2,3502,30,1,2,6994,6,60,2,5,0,0,5,0,0,0,2,3,0,0
1,1.2,3502,31,2,2,6994,7,60,2,5,0,0,5,0,0,0,2,3,0,0
1,1.2,3502,32,2,2,6994,8,60,2,5,0,5,5,0,0,0,2,3,0,0
1,1.2,3502,33,1,2,6994,9,60,2,5,0,0,5,0,0,0,1,3,0,0
1,1.1,3502,34,2,2,8503,2,30,2,5,0,0,5,0,0,0,2,,,
1,1.1,3507,32,1,2,7324,2,30,2,5,0,0,5,0,0,0,2,,,
1,1.1,3508,30,1,2,7936,2,30,2,0,0,0,0,0,0,0,3,,,
1,1.2,3509,30,1,2,7713,3,30,2,5,0,0,5,0,0,0,1,3,998,4.5
1,1.2,3509,31,2,2,7713,4,30,2,5,0,0,5,0,0,0,1,3,0,0
1,1.2,5010,32,2,2,875,2,30,2,1,3,0,1,1,1,0,2,3,2.9,4
1,1.2,5012,50,1,2,7899,2,30,2,5,0,0,5,0,0,0,5,3,0,0
1,1.1,5012,52,1,2,2283,2,30,2,5,0,0,5,0,0,0,1,,,
1,1.1,5012,53,2,2,6791,3,60,2,0,0,0,0,0,0,0,1,,,
1,1.1,5012,56,2,2,2283,3,30,2,0,0,0,0,0,0,0,1,,,
1,1.1,5012,57,1,2,3098,2,30,2,0,0,0,0,0,0,0,5,,,
1,1.1,5012,58,1,2,3098,3,30,2,0,0,0,0,0,0,0,5,,,
1,1.1,5012,61,2,2,2283,4,30,2,0,0,0,0,0,0,0,2,,,
1,1.1,5014,41,1,2,979,3,30,2,1,3,5,1,1,5,5,2,,,
1,1.2,5014,43,1,2,979,4,30,2,5,0,5,5,0,0,5,1,3,0,0
1,1.2,5014,44,2,2,979,5,30,2,5,0,0,5,0,0,5,2,3,0,0
1,1.1,5014,45,1,2,1873,3,30,2,0,0,0,0,0,0,0,4,,,
1,1.2,5014,178,2,3,1873,2,30,2,5,0,0,5,0,5,0,1,3,0,0
1,1.2,5015,40,1,2,63,3,30,2,5,0,5,5,0,5,0,1,3,1.9,2.5
1,1.2,5015,41,2,2,3586,5,30,2,5,0,5,1,5,5,0,1,3,3,4.5
1,1.2,5015,42,2,2,4420,6,30,2,5,0,0,5,0,0,0,0,3,998,4
1,1.2,5015,44,2,2,4420,8,30,2,5,0,0,5,0,0,0,0,3,0,0
1,1.2,5015,45,2,2,4420,9,30,2,5,0,0,5,0,0,0,0,3,0,0
1,1.1,5015,46,1,2,4420,10,60,2,0,0,0,0,0,0,0,2,,,
1,1.2,5018,35,1,2,7630,3,30,2,1,2,0,1,1,0,0,1,3,3,4.19
1,1.2,5018,36,1,2,5167,2,30,2,5,0,0,5,0,0,0,1,3,0,0
1,1.2,5018,37,2,2,5167,3,30,2,5,0,0,5,0,0,0,2,3,0,0
1,1.1,5018,38,1,2,5334,2,30,2,5,0,0,5,0,0,0,0,,,
1,1.2,5018,39,2,2,5334,3,30,2,5,0,5,1,1,5,0,2,3,0,0
1,1.2,5018,40,1,2,5167,4,30,2,5,0,0,1,1,5,0,3,3,0,0
1,1.1,5026,36,1,2,8559,2,30,2,0,0,0,0,0,0,0,1,,,
1,1.2,5031,53,1,2,1480,2,70,2,5,0,5,5,0,0,0,1,3,2.1,3
1,1.2,5031,54,1,2,1691,3,30,2,5,0,0,5,0,5,0,5,3,0,0
1,1.2,5031,56,2,2,1691,4,30,2,5,0,0,5,0,0,0,2,3,0,0
1,1.1,5031,58,1,2,964,2,30,2,5,0,0,5,0,0,0,1,,,
1,1.1,5031,60,1,2,7056,3,95,2,0,0,0,0,0,0,0,2,,,
1,1.1,5031,176,2,3,1507,3,70,2,5,0,0,5,0,0,0,1,,,
1,1.1,5034,44,2,2,6629,2,30,2,5,0,0,5,0,0,0,3,,,
1,1.1,5034,45,2,2,6507,3,30,2,1,2,0,1,5,0,0,1,,,
1,1.1,5034,46,1,2,6507,4,30,2,0,0,0,0,0,0,0,3,,,
1,1.1,5034,47,1,2,6411,3,30,2,0,0,0,0,0,0,0,1,,,
1,1.1,5034,48,2,2,7185,3,30,2,0,0,0,0,0,0,0,2,,,
1,1.2,5035,32,2,2,106,3,30,2,1,2,5,1,1,0,0,1,3,0,0
1,1.1,5035,33,2,2,1404,2,30,2,5,0,0,5,0,0,0,1,,,
1,1.2,5037,35,1,2,1872,2,30,2,1,1,5,5,0,0,0,3,3,0,0
1,1.1,5037,37,2,2,6391,2,30,2,5,0,0,5,0,0,0,2,,,
1,1.1,5037,38,2,2,6391,3,30,2,5,0,0,5,0,0,0,4,,,
1,1.1,5037,39,1,2,1872,3,30,2,1,1,0,5,0,0,0,2,,,
1,1.1,5045,36,1,2,7380,4,30,2,1,3,0,5,0,0,0,2,,,
1,1.1,5045,37,1,2,7380,5,30,2,1,3,0,5,0,0,0,2,,,
1,1.1,5045,38,1,2,4264,3,30,2,0,0,0,0,0,0,0,1,,,
1,1.2,5045,177,2,3,7352,2,60,2,1,4,0,1,5,0,0,2,3,0,0
1,1.2,5045,185,1,3,7380,3,30,2,1,3,0,5,0,0,0,2,3,0,0
1,1.2,5048,49,2,2,957,3,33,2,5,0,0,5,0,0,0,2,3,2.8,4
1,1.1,5048,52,1,2,1766,2,30,2,5,0,0,5,0,0,0,5,,,
1,1.1,5048,54,1,2,1766,3,30,2,5,0,0,5,0,0,0,1,,,
1,1.1,5048,55,2,2,957,4,30,2,0,0,0,0,0,0,0,5,,,
1,1.1,5048,56,2,2,1766,4,30,2,5,0,0,5,0,0,0,2,,,
1,1.1,5048,58,2,2,1785,2,30,2,0,0,0,0,0,0,0,4,,,
1,1.1,5048,59,2,2,957,5,30,2,0,0,0,0,0,0,0,4,,,
1,1.1,5048,60,1,2,1766,5,30,2,0,0,0,0,0,0,0,1,,,
1,1.1,5048,61,2,2,3683,3,30,2,0,0,0,0,0,0,0,2,,,
1,1.2,5048,182,1,3,3585,2,30,2,5,0,0,5,0,0,0,0,3,0,0
1,1.2,5052,53,1,2,5521,3,30,2,5,0,0,5,0,0,0,3,3,2.67,4
1,1.2,5052,54,2,2,1491,2,30,2,1,6,0,1,5,0,0,1,3,3.3,4
1,1.2,5052,56,2,2,4093,2,30,2,5,0,0,5,0,0,0,0,3,0,0
1,1.1,5052,57,1,2,4093,3,30,2,5,0,5,5,0,0,0,0,,,
1,1.2,5052,58,1,2,2081,4,30,2,5,0,0,5,0,0,0,1,3,0,0
1,1.2,5052,59,1,2,1491,3,30,2,1,5,0,5,0,0,0,1,3,0,0
1,1.2,5052,60,1,2,1491,4,30,2,5,0,0,5,0,0,0,0,3,0,0
1,1.2,5052,61,1,2,5521,4,30,2,5,0,0,5,0,0,0,0,3,0,0
1,1.1,5052,62,2,2,4093,4,30,2,5,0,5,5,0,0,0,0,,,
1,1.2,5052,64,2,2,5521,5,30,2,5,0,0,5,0,0,0,0,3,0,0
1,1.1,5052,65,2,2,3840,3,30,2,5,0,0,5,0,0,0,0,,,
1,1.1,5052,66,2,2,2281,3,30,2,1,5,0,5,0,5,0,4,,,
1,1.1,5052,67,1,2,3840,4,30,2,0,0,0,0,0,0,0,0,,,
1,1.1,5052,68,2,2,4093,5,30,2,0,0,0,0,0,0,0,0,,,
1,1.1,5052,70,1,2,1491,5,30,2,0,0,0,0,0,0,0,0,,,
1,1.1,5052,71,2,2,5521,6,30,2,0,0,0,0,0,0,0,0,,,
1,1.1,5052,72,1,2,5407,3,30,2,1,6,0,5,0,0,0,3,,,
1,1.1,5052,73,2,2,3840,5,30,2,0,0,0,0,0,0,0,0,,,
1,1.1,5052,196,2,3,778,3,30,2,5,0,0,5,0,0,0,0,,,
1,1.1,5054,35,1,2,1281,3,30,2,1,3,0,5,0,0,5,2,,,
1,1.1,5054,36,1,2,1281,4,30,2,0,0,0,0,0,0,0,2,,,
1,1.2,5055,48,1,2,4704,2,30,2,5,0,0,5,0,0,0,1,3,2.7,3
1,1.2,5055,49,1,2,2355,3,30,2,1,6,0,5,0,0,0,1,3,2,4
1,1.2,5055,50,2,2,4704,3,30,2,5,0,0,1,5,0,0,2,3,3.5,4
1,1.2,5055,51,1,2,1893,2,30,2,5,0,0,5,0,0,0,1,3,2.9,4
1,1.2,5055,52,1,2,2355,4,30,2,1,3,0,5,0,0,0,0,3,0,0
1,1.2,5055,53,1,2,2355,5,30,2,1,4,5,5,0,0,5,0,3,0,0
1,1.1,5055,54,2,2,4481,2,30,2,5,0,0,5,0,0,0,0,,,
1,1.2,5055,55,2,2,1893,3,30,2,5,0,0,1,1,5,0,2,3,0,0
1,1.1,5055,56,1,2,2355,6,30,2,1,4,0,5,0,0,5,3,,,
1,1.1,5055,57,1,2,1218,4,60,2,0,0,0,0,0,0,0,0,,,
1,1.1,5055,58,2,2,4718,4,30,2,0,0,0,0,0,0,0,2,,,
1,1.1,5055,59,2,2,1893,4,30,2,0,0,0,0,0,0,0,3,,,
1,1.1,5055,60,2,2,3994,2,30,2,0,0,0,0,0,0,0,5,,,
1,1.1,5055,61,1,2,4114,5,60,2,0,0,0,0,0,0,0,0,,,
1,1.1,5055,62,1,2,3994,3,30,2,0,0,0,0,0,0,0,0,,,
1,1.2,5055,193,1,3,4718,3,30,2,5,0,0,5,0,0,0,2,3,0,0
1,1.2,5055,196,2,3,2782,4,60,2,1,6,0,1,5,0,0,2,3,3.7,4
1,1.2,5057,48,2,2,3726,2,30,2,1,6,0,1,5,0,0,2,3,0,0
1,1.1,5057,49,1,2,8507,2,30,2,5,0,5,5,0,0,0,2,,,
1,1.1,5057,50,1,2,5273,4,35,2,5,0,0,5,0,0,0,0,,,
1,1.1,5057,51,2,2,5273,5,35,2,5,0,0,5,0,0,0,5,,,
1,1.1,5057,52,2,2,8507,3,30,2,0,0,0,0,0,0,0,3,,,
1,1.1,5057,53,2,2,1342,5,60,2,0,0,0,0,0,0,0,0,,,
1,1.1,5057,54,2,2,8507,4,30,2,0,0,0,0,0,0,0,3,,,
1,1.1,5057,201,1,3,1342,6,60,2,0,0,0,0,0,0,0,2,,,
1,1.2,5065,48,1,2,7468,3,30,2,1,1,5,5,0,0,0,2,3,3,3.8
1,1.2,5065,49,1,2,7468,4,30,2,1,1,5,1,1,0,0,2,3,2.9,4
1,1.2,5065,50,2,2,6723,3,30,2,1,2,0,5,0,0,0,1,3,0,0
1,1.2,5065,51,2,2,7468,5,30,2,1,1,0,5,0,0,0,4,3,0,0
1,1.1,5065,52,2,2,8743,2,30,2,5,0,0,5,0,0,0,2,,,
1,1.1,5065,53,2,2,6723,4,30,2,0,0,0,0,0,0,0,1,,,
1,1.1,5065,54,1,2,8770,2,30,2,5,0,0,5,0,0,0,4,,,
1,1.1,5065,55,2,2,8770,3,30,2,0,0,0,0,0,0,0,4,,,
1,1.1,5065,57,2,2,8317,4,95,2,0,0,0,0,0,0,0,3,,,
1,1.1,5065,58,1,2,8743,3,30,2,0,0,0,0,0,0,0,0,,,
1,1.1,5066,46,2,2,4320,3,30,2,5,0,0,5,0,0,0,2,,,
1,1.2,5066,186,1,3,4320,2,30,2,5,0,0,5,0,0,0,1,3,1.8,4
1,1.2,5066,191,2,3,4329,2,30,2,5,0,0,5,0,0,0,3,3,0,0
1,1.1,5067,37,2,2,4985,2,30,2,5,0,5,5,0,0,0,1,,,
1,1.1,5067,38,1,2,1824,2,30,2,0,0,0,0,0,0,0,2,,,
1,1.1,5067,39,2,2,5500,2,30,2,5,0,5,5,0,0,5,1,,,
1,1.2,5068,32,2,2,6681,2,30,2,1,4,0,1,5,5,0,1,3,0,0
1,1.1,5068,33,2,2,6681,3,30,2,1,2,0,1,5,5,0,2,,,
1,1.1,5068,34,2,2,6681,4,30,2,1,2,5,1,5,5,0,2,,,
1,1.1,5069,39,1,2,2654,3,33,2,5,0,5,5,0,0,5,2,,,
1,1.2,5069,40,2,2,2654,4,33,2,5,0,5,5,0,5,5,1,3,0,0
1,1.1,5069,42,2,2,2654,5,30,2,5,0,5,1,5,0,5,2,,,
1,1.1,5069,43,2,2,2207,2,30,2,5,0,5,5,0,0,0,2,,,
1,1.1,5069,44,2,2,2654,6,30,2,5,0,5,1,5,0,0,5,,,
1,1.1,5069,47,1,2,2654,7,30,2,0,0,0,0,0,0,0,5,,,
1,1.2,5071,37,1,2,1834,2,30,2,5,0,0,5,0,0,0,2,3,2.02,4
1,1.2,5071,38,1,2,1834,3,30,2,5,0,0,1,1,0,0,2,3,0,0
1,1.1,5071,39,1,2,4035,2,30,2,0,0,0,0,0,0,0,5,,,
1,1.1,5071,40,1,2,4035,3,30,2,0,0,0,0,0,0,0,5,,,
1,1.1,5085,31,1,2,2615,3,30,2,1,1,0,5,0,0,0,5,,,
1,1.1,5085,32,1,2,2615,4,30,2,1,1,0,5,0,0,0,4,,,
1,1.1,5085,33,1,2,194,2,30,2,0,0,0,0,0,0,0,2,,,
1,1.2,5120,34,1,2,4007,2,30,2,5,0,0,5,0,0,0,1,3,4.3,5
1,1.2,5120,36,1,2,8625,4,30,2,1,1,0,1,1,0,0,3,3,2.1,2.15
1,1.2,5126,36,2,2,2169,2,30,2,5,0,5,5,0,0,0,1,3,2.9,4
1,1.2,5126,37,2,2,2771,2,30,2,5,0,5,5,0,0,0,2,3,0,0
1,1.2,5126,38,2,2,2771,3,30,2,5,0,5,1,1,0,0,4,3,0,0
1,1.1,5126,39,2,2,2771,4,30,2,5,0,0,1,5,0,0,3,,,
1,1.2,5136,44,2,2,4509,2,30,2,1,2,0,1,5,0,5,2,3,3.1,4
1,1.2,5136,45,1,2,2781,2,30,2,1,1,0,5,0,0,0,2,3,2.8,4
1,1.2,5136,46,2,2,3458,2,30,2,5,0,0,1,5,5,5,2,3,3,4
1,1.1,5136,47,2,2,5151,2,30,2,1,2,0,1,1,5,0,2,,,
1,1.1,5136,48,1,2,2781,3,30,2,5,0,0,5,0,0,0,2,,,
1,1.1,5136,49,1,2,2781,4,30,2,0,0,0,0,0,0,0,2,,,
1,1.1,5136,50,2,2,4456,3,30,2,0,0,0,0,0,0,0,2,,,
1,1.1,5136,51,1,2,4456,4,30,2,0,0,0,0,0,0,0,0,,,
1,1.1,5142,36,2,2,3204,2,30,2,1,3,0,1,1,0,5,3,,,
1,1.1,5145,36,1,2,1726,2,30,2,5,0,5,5,0,0,0,2,,,
1,1.1,5145,37,1,2,1630,6,60,2,0,0,0,0,0,0,0,1,,,
1,1.1,5154,47,2,2,4410,4,30,2,5,0,5,5,0,0,0,1,,,
1,1.2,5154,48,1,2,4621,2,30,2,5,0,0,5,0,0,0,1,3,0,0
1,1.2,5154,49,2,2,3713,3,30,2,1,2,0,1,5,0,0,5,3,998,98
1,1.2,5154,50,2,2,4621,3,30,2,5,0,0,1,5,5,1,0,3,0,0
1,1.2,5154,51,1,2,4621,4,30,2,5,0,0,5,0,5,0,1,3,0,0
1,1.2,5154,52,1,2,4621,5,30,2,5,0,5,5,0,5,5,1,3,0,0
1,1.1,5154,53,2,2,3898,2,30,2,1,6,5,5,0,0,0,5,,,
1,1.1,5154,54,2,2,3898,3,30,2,0,0,0,0,0,0,0,5,,,
1,1.1,5154,55,1,2,4903,3,30,2,5,0,0,5,0,5,0,0,,,
1,1.2,5161,36,2,2,8815,3,30,2,1,3,0,5,0,0,0,1,3,0,0
1,1.1,5163,33,2,2,7848,3,30,2,5,0,0,5,0,0,0,2,,,
1,1.1,5163,34,2,2,7848,5,30,2,0,0,0,0,0,0,0,2,,,
1,1.1,5170,44,2,2,8802,3,30,2,1,1,0,5,0,0,0,2,,,
1,1.2,5170,45,1,2,5024,3,30,2,5,0,0,5,0,0,5,2,3,0,0
1,1.1,5170,46,2,2,5667,2,30,2,1,4,0,1,1,0,0,1,,,
1,1.1,5170,47,1,2,8802,4,60,2,0,0,0,0,0,0,0,5,,,
1,1.1,5170,208,2,0,5667,4,30,2,0,0,0,0,0,0,0,1,,,
1,1.2,5177,37,2,2,6523,2,30,2,5,0,0,5,0,0,0,1,3,2.7,4
1,1.1,5177,38,2,2,6523,3,30,2,5,0,0,5,0,0,0,0,,,
1,1.1,5180,34,1,2,7485,3,30,2,5,0,0,5,0,0,0,2,,,
1,1.1,5180,35,1,2,7485,4,30,2,5,0,0,5,0,0,0,1,,,
1,1.2,5182,50,1,2,551,3,30,2,5,0,0,5,0,5,0,1,3,3.63,4
1,1.2,5182,51,1,2,2786,5,30,2,5,0,5,5,0,5,0,1,3,3.5,4
1,1.2,5182,52,1,2,6790,3,30,2,1,5,0,5,0,0,0,2,3,998,4
1,1.1,5182,54,2,2,1373,3,30,2,1,5,5,1,5,0,0,2,,,
1,1.1,5182,55,1,2,1423,3,30,2,0,0,0,0,0,0,0,5,,,
1,1.1,5182,56,2,2,4555,2,30,2,0,0,0,0,0,0,0,2,,,
1,1.1,5182,57,2,2,4555,3,30,2,0,0,0,0,0,0,0,5,,,
1,1.2,5199,36,2,2,2649,3,30,2,1,5,0,1,1,0,0,2,3,3.8,4.3
1,1.1,5215,36,1,2,8440,3,30,2,0,0,0,0,0,0,0,1,,,
1,1.2,5215,176,1,3,5433,4,30,2,1,6,5,1,1,0,0,5,3,998,4
1,1.1,5216,31,1,2,7026,2,30,2,0,0,0,0,0,0,0,3,,,
1,1.1,5219,36,2,2,3443,3,60,2,0,0,0,0,0,0,0,2,,,
1,1.1,5219,37,2,2,2145,3,30,2,0,0,0,0,0,0,0,0,,,
1,1.2,5230,43,1,2,3186,2,30,2,5,0,5,5,0,0,0,1,3,0,0
1,1.2,5230,44,1,2,5569,2,30,2,1,4,0,1,1,0,5,1,3,0,0
1,1.1,5230,45,2,2,3186,3,30,2,5,0,5,5,0,5,0,2,,,
1,1.2,5230,46,1,2,3780,3,30,2,1,2,0,5,0,0,0,1,3,0,0
1,1.2,5230,47,2,2,5569,3,30,2,1,3,0,1,1,0,5,2,3,0,0
1,1.1,5230,48,2,2,3780,4,30,2,1,2,0,1,5,0,0,1,,,
1,1.1,5230,49,2,2,5569,4,30,2,1,3,0,1,5,0,5,2,,,
1,1.1,5230,50,2,2,2561,3,30,2,5,0,0,5,0,0,0,5,,,
1,1.1,5230,51,2,2,3780,5,30,2,0,0,0,0,0,0,0,1,,,
1,1.2,5241,32,1,2,701,3,30,2,5,0,5,5,0,0,0,3,3,0,0
1,1.1,5241,33,1,2,715,4,33,2,5,0,0,5,0,0,0,5,,,
1,1.1,5241,34,1,2,715,5,33,2,5,0,0,5,0,0,0,5,,,
1,1.1,5241,35,2,2,715,6,30,2,0,0,0,0,0,0,0,5,,,
1,1.1,5274,34,2,2,934,3,30,2,5,0,0,5,0,0,0,4,,,
1,1.2,5274,35,1,2,1836,2,30,2,5,0,0,5,0,0,0,2,3,0,0
1,1.1,5274,36,1,2,934,4,30,2,5,0,0,5,0,0,0,5,,,
1,1.1,5274,37,1,2,1836,3,30,2,5,0,5,5,0,0,0,4,,,
1,1.1,5274,38,1,2,934,5,30,2,5,0,5,5,0,0,0,3,,,
1,1.1,5274,39,2,2,1836,4,30,2,5,0,5,5,0,0,0,1,,,
1,1.1,5274,40,1,2,934,6,30,2,5,0,5,5,0,0,0,4,,,
1,1.1,5274,41,1,2,934,7,30,2,5,0,5,5,0,0,0,4,,,
1,1.1,5274,42,2,2,1836,5,30,2,0,0,0,0,0,0,0,1,,,
1,1.1,5274,43,2,2,1021,3,30,2,0,0,0,0,0,0,0,5,,,
1,1.2,5287,37,1,2,6995,2,30,2,1,5,0,1,1,0,5,1,3,997,4
1,1.2,5290,38,1,2,5144,3,30,2,5,0,0,5,0,0,0,2,3,0,0
1,1.2,5290,39,1,2,5144,4,30,2,5,0,0,5,0,0,0,4,3,0,0
1,1.1,5290,40,1,2,5144,5,30,2,5,0,0,5,0,0,0,4,,,
1,1.1,5292,44,1,2,277,2,30,2,0,0,0,0,0,0,0,5,,,
1,1.2,5294,34,1,2,2475,2,30,2,1,2,0,1,1,0,0,5,3,0,0
1,1.1,5294,35,1,2,2475,3,30,2,5,0,0,5,0,0,0,4,,,
1,1.1,5294,36,1,2,2475,4,30,2,5,0,5,5,0,0,0,4,,,
1,1.2,5299,59,1,2,937,4,33,2,5,0,5,5,0,0,0,2,3,3.4,4
1,1.2,5299,60,1,2,614,3,30,2,5,0,0,5,0,0,0,1,3,998,98
1,1.2,5299,61,2,2,3362,2,30,2,1,2,0,1,1,0,0,0,3,0,0
1,1.2,5299,62,2,2,937,5,33,2,1,1,0,5,0,0,0,1,3,0,0
1,1.2,5299,65,1,2,3008,3,30,2,5,0,0,5,0,0,0,3,3,0,0
1,1.2,5299,66,2,2,556,2,30,2,5,0,0,1,1,0,0,5,3,0,0
1,1.2,5299,67,2,2,104,4,60,2,1,4,0,5,0,0,0,0,3,0,0
1,1.2,5299,68,1,2,344,2,30,2,5,0,5,5,0,0,0,0,3,0,0
1,1.2,5299,69,2,2,8660,2,30,2,5,0,0,1,1,0,0,0,3,0,0
1,1.2,5299,70,2,2,614,2,30,2,1,2,0,5,0,0,0,4,3,0,0
1,1.2,5299,71,1,2,1807,3,30,2,5,0,0,5,0,0,0,2,3,0,0
1,1.1,5299,72,2,2,2248,2,30,2,1,4,0,1,1,0,5,1,,,
1,1.2,5299,73,1,2,3008,4,30,2,5,0,0,5,0,0,0,1,3,0,0
1,1.1,5299,74,1,2,2248,3,30,2,1,5,0,1,1,0,0,0,,,
1,1.1,5299,75,1,2,2248,4,30,2,1,4,0,5,0,0,0,0,,,
1,1.1,5299,76,2,2,614,4,30,2,5,0,0,5,0,0,0,3,,,
1,1.1,5299,77,2,2,608,4,30,2,5,0,0,5,0,0,0,3,,,
1,1.1,5299,78,2,2,3362,3,30,2,5,0,0,5,0,0,0,0,,,
1,1.1,5299,79,1,2,1807,4,30,2,0,0,0,0,0,0,0,3,,,
1,1.1,5299,80,1,2,987,4,30,2,0,0,0,0,0,0,0,2,,,
1,1.1,5299,82,1,2,614,5,30,2,0,0,0,0,0,0,0,5,,,
1,1.1,5299,83,2,2,3362,4,30,2,0,0,0,0,0,0,0,0,,,
1,1.1,5299,84,2,2,3362,5,30,2,0,0,0,0,0,0,0,0,,,
1,1.1,5299,85,2,2,2398,3,97,2,0,0,0,0,0,0,0,2,,,
1,1.1,5299,86,2,2,987,5,30,2,0,0,0,0,0,0,0,0,,,
1,1.1,5299,87,2,2,987,6,30,2,0,0,0,0,0,0,0,1,,,
1,1.2,5299,188,1,3,608,3,30,2,1,2,0,5,0,5,0,2,3,0,0
1,1.2,5299,190,1,3,1829,2,60,2,5,0,0,5,0,0,0,5,3,998,98
1,1.2,5299,191,2,3,987,3,30,2,5,0,0,1,1,0,0,2,3,0,0
1,1.2,5299,192,2,3,2091,3,70,2,1,3,0,5,0,0,0,0,3,0,0
1,1.2,5299,202,1,3,2091,4,30,2,1,1,0,5,0,0,0,5,3,0,0
1,1.1,5299,203,2,3,2091,5,30,2,1,1,0,5,0,0,0,5,,,
1,1.1,5305,40,2,2,5194,3,33,2,5,0,0,5,0,0,0,1,,,
1,1.2,5306,34,1,2,1797,3,70,2,1,1,0,1,1,0,1,4,3,3.5,4
1,1.1,5308,34,1,2,4956,2,30,2,0,0,0,0,0,0,0,4,,,
1,1.1,5308,35,2,2,4956,3,30,2,0,0,0,0,0,0,0,4,,,
1,1.1,5308,36,1,2,4956,4,30,2,0,0,0,0,0,0,0,4,,,
1,1.2,5314,39,2,2,4500,2,40,2,5,0,0,5,0,0,5,1,3,2.23,4
1,1.2,5314,40,2,2,1026,2,30,2,5,0,0,5,0,0,0,2,3,2.3,3
1,1.2,5314,41,2,2,1026,3,30,2,5,0,0,5,0,0,0,1,3,3.1,4
1,1.1,5314,42,1,2,3235,2,30,2,5,0,0,5,0,0,0,1,,,
1,1.1,5314,43,2,2,1026,4,30,2,5,0,5,1,1,0,0,0,,,
1,1.2,5314,44,1,2,7377,3,30,2,5,0,5,5,0,5,0,1,3,0,0
1,1.1,5314,45,1,2,7377,4,30,2,0,0,0,0,0,0,0,2,,,
1,1.1,5314,46,1,2,7377,5,30,2,0,0,0,0,0,0,0,5,,,
1,1.2,5315,38,2,2,5026,3,30,2,5,0,0,5,0,5,0,0,3,998,98
1,1.1,5315,40,2,2,5026,5,30,2,5,0,0,1,1,0,1,1,,,
1,1.1,5315,41,2,2,4467,4,30,2,1,4,5,5,0,5,5,4,,,
1,1.2,5315,180,1,3,4467,3,30,2,5,0,0,5,0,5,5,3,3,0,0
1,1.1,5332,44,1,2,2541,3,30,,,,,,,,,,3,0,0
1,1.1,5332,45,1,2,1916,4,33,2,1,2,0,5,0,0,0,1,,,
1,1.2,5332,47,1,2,929,2,30,2,1,1,5,1,1,5,0,1,3,0,0
1,1.1,5332,48,1,2,1916,5,30,2,0,0,0,0,0,0,0,5,,,
1,1.2,5332,198,1,3,8468,4,30,2,5,0,0,5,0,0,0,2,3,3.83,4
1,1.2,5348,35,1,2,8950,2,30,2,5,0,0,5,0,0,1,1,3,2.7,4
1,1.2,5350,40,2,2,9089,3,30,2,1,5,0,5,0,0,0,2,3,3.2,4
1,1.2,5350,41,1,2,9089,4,30,2,1,5,0,1,1,0,0,3,3,0,0
1,1.1,5350,42,1,2,3450,3,30,2,5,0,0,5,0,0,0,2,,,
1,1.1,5350,43,1,2,7417,3,30,2,0,0,0,0,0,0,0,2,,,
1,1.1,5350,44,2,2,3450,4,30,2,0,0,0,0,0,0,0,1,,,
1,1.1,5350,45,1,2,7417,4,30,2,0,0,0,0,0,0,0,2,,,
1,1.2,5350,185,2,3,3450,2,30,2,5,0,5,5,0,0,0,2,3,0,0
1,1.2,5356,171,1,3,2600,3,30,2,1,6,0,1,1,5,0,1,3,998,4.4
1,1.2,5363,36,2,2,682,2,30,2,5,0,0,5,0,0,0,2,3,0,0
1,1.1,5363,37,2,2,682,3,30,2,5,0,0,5,0,0,0,2,,,
1,1.1,5363,38,1,2,1354,4,60,2,0,0,0,0,0,0,0,3,,,
1,1.2,5364,36,2,2,2686,2,30,2,5,0,0,5,0,0,0,1,3,998,4
1,1.2,5364,38,2,2,8900,2,30,2,5,0,0,5,0,0,0,4,3,0,0
1,1.1,5364,39,1,2,4979,3,30,2,5,0,0,5,0,0,0,1,,,
1,1.2,5364,46,1,2,8900,3,30,2,5,0,0,5,0,0,0,4,3,0,0
1,1.2,5364,47,2,2,8900,4,30,2,5,0,0,1,1,0,0,4,3,0,0
1,1.1,5364,48,2,2,4979,4,30,2,5,0,0,5,0,0,0,2,,,
1,1.2,5364,49,1,2,8900,5,30,2,5,0,0,5,0,0,0,5,3,0,0
1,1.1,5364,50,1,2,7696,3,30,2,1,4,0,1,1,0,0,2,,,
1,1.2,5366,50,1,2,1327,3,33,2,5,0,5,5,0,5,0,1,3,2.67,4
1,1.1,5366,55,2,2,231,7,60,2,0,0,0,0,0,0,0,0,,,
1,1.2,5366,203,2,3,5035,2,30,2,5,0,0,5,0,0,0,2,3,997,4
1,1.1,5366,206,1,3,8943,3,35,2,1,2,0,5,0,0,0,4,,,
1,1.2,5370,43,1,2,7243,3,33,2,1,5,0,1,1,5,0,2,3,2.7,4
1,1.2,5370,44,1,2,7243,4,33,2,1,3,0,1,1,0,0,2,3,0,0
1,1.2,5375,31,2,2,5089,2,30,2,1,2,0,1,5,0,5,1,3,0,0
1,1.2,5392,41,1,2,2946,3,30,2,5,0,0,5,0,0,0,1,3,2.9,4
1,1.1,5392,42,2,2,3846,4,30,2,0,0,0,0,0,0,0,0,,,
1,1.2,5393,39,2,2,233,3,30,2,5,0,0,5,0,0,1,1,3,0,0
1,1.2,5393,40,1,2,313,2,30,2,5,0,0,1,1,0,0,1,3,0,0
1,1.2,5393,41,1,2,313,3,30,2,5,0,5,5,0,0,0,4,3,0,0
1,1.1,5393,42,1,2,313,4,30,2,5,0,0,5,0,0,0,2,,,
1,1.2,5397,37,2,2,7255,3,35,2,5,0,0,5,0,0,0,1,3,3.1,5
1,1.2,5397,38,2,2,2377,4,33,2,5,0,0,5,0,0,0,1,3,0,0
1,1.1,5397,39,2,2,7255,4,30,2,5,0,0,5,0,0,0,1,,,
1,1.1,5397,42,1,2,1554,3,30,2,0,0,0,0,0,0,0,1,,,
1,1.1,5397,43,1,2,1554,4,30,2,0,0,0,0,0,0,0,1,,,
1,1.2,5405,31,1,2,2208,2,30,2,5,0,0,5,0,0,0,1,3,0,0
1,1.1,5405,32,2,2,2208,3,30,2,5,0,5,5,0,0,0,3,,,
1,1.1,5405,33,1,2,2208,4,30,2,0,0,0,0,0,0,0,5,,,
1,1.1,5405,34,1,2,2208,5,30,2,0,0,0,0,0,0,0,1,,,
1,1.1,5406,34,2,2,6501,2,30,2,1,2,0,1,5,0,0,4,,,
1,1.1,5416,36,1,2,8077,3,33,2,5,0,5,5,0,0,0,1,,,
1,1.1,5416,37,1,2,8077,4,30,2,5,0,0,1,1,0,0,1,,,
1,1.1,5417,32,2,2,7452,4,60,2,0,0,0,0,0,0,0,0,,,
1,1.1,5429,36,2,2,1515,3,30,2,5,0,5,5,0,0,5,3,,,
1,1.1,5429,37,1,2,925,4,60,2,0,0,0,0,0,0,0,2,,,
1,1.1,5430,54,2,2,1882,2,30,2,5,0,0,5,0,0,0,2,,,
1,1.1,5430,55,1,2,1882,3,30,2,5,0,0,1,5,0,0,3,,,
1,1.2,5430,57,2,2,1391,2,30,2,5,0,0,1,1,0,0,5,3,998,98
1,1.2,5430,58,2,2,1227,2,30,2,5,0,5,5,0,0,0,5,3,0,0
1,1.2,5430,59,1,2,1802,3,30,2,5,0,5,5,0,0,0,2,3,0,0
1,1.2,5430,60,1,2,4510,3,30,2,1,2,0,1,1,0,0,1,3,0,0
1,1.2,5430,62,1,2,2749,4,30,2,1,5,0,5,0,0,5,1,3,4,98
1,1.2,5430,63,2,2,3191,3,30,2,5,0,0,5,0,0,0,1,3,3.7,4
1,1.2,5430,64,1,2,1391,3,30,2,1,6,0,1,1,0,0,5,3,0,0
1,1.2,5430,65,1,2,2558,3,30,2,5,0,0,5,0,0,0,2,3,0,0
1,1.2,5430,67,2,2,4763,2,30,2,5,0,0,5,0,0,0,2,3,0,0
1,1.2,5430,69,1,2,8445,4,30,2,1,3,5,1,1,0,0,4,3,0,0
1,1.1,5430,70,1,2,4510,4,30,2,1,3,5,5,0,0,0,3,,,
1,1.1,5430,71,1,2,3191,4,30,2,5,0,0,5,0,0,0,2,,,
1,1.1,5430,72,1,2,1227,3,30,2,5,0,5,5,0,0,0,0,,,
1,1.1,5430,74,1,2,8445,5,30,2,5,0,5,5,0,0,0,4,,,
1,1.1,5430,78,2,2,1391,4,30,2,1,4,0,5,0,0,0,2,,,
1,1.1,5430,80,1,2,2558,2,30,2,1,2,5,5,0,0,0,1,,,
1,1.1,5430,81,2,2,4691,3,30,2,0,0,0,0,0,0,0,0,,,
1,1.1,5430,85,2,2,4090,2,30,2,0,0,0,0,0,0,0,2,,,
1,1.1,5430,86,2,2,2558,4,30,2,0,0,0,0,0,0,0,3,,,
1,1.1,5430,88,2,2,4510,5,30,2,0,0,0,0,0,0,0,2,,,
1,1.1,5441,32,1,2,1924,3,30,2,0,0,0,0,0,0,0,1,,,
1,1.1,5442,36,1,2,6291,3,30,2,5,0,0,5,0,5,0,5,,,
1,1.1,5442,39,2,2,6291,4,30,2,0,0,0,0,0,0,0,0,,,
1,1.2,5443,36,2,2,3143,4,30,2,1,4,0,1,1,0,0,1,3,2.9,4
1,1.2,5446,33,2,2,7108,4,33,2,5,0,5,5,0,5,0,0,3,0,0
1,1.2,5446,34,2,2,7108,3,30,2,5,0,0,1,1,0,5,3,3,0,0
1,1.1,5446,35,1,2,1772,4,60,2,0,0,0,0,0,0,0,5,,,
1,1.1,5446,173,1,3,7108,5,30,2,0,0,0,0,0,0,0,3,,,
1,1.2,5449,35,1,2,4045,3,30,2,5,0,0,5,0,0,0,1,3,3.2,5
1,1.1,5451,32,1,2,3607,4,30,2,1,6,5,5,0,0,5,1,,,
1,1.1,5458,40,2,2,1525,2,30,2,5,0,0,5,0,0,0,3,,,
1,1.1,5458,41,2,2,1525,3,30,2,1,6,5,1,1,0,5,3,,,
1,1.1,5458,42,1,2,1525,4,30,2,0,0,0,0,0,0,0,0,,,
1,1.2,5459,34,1,2,2603,3,30,2,5,0,0,5,0,5,0,2,3,2.5,4
1,1.2,5459,35,1,2,2603,4,30,2,5,0,0,5,0,5,0,2,3,0,0
1,1.1,5459,36,2,2,775,3,60,2,0,0,0,0,0,0,0,4,,,
1,1.2,5462,37,2,2,2497,2,30,2,5,0,5,5,0,5,0,1,3,998,98
1,1.2,5462,38,1,2,831,2,30,2,5,0,0,5,0,0,0,1,3,0,0
1,1.1,5462,39,1,2,831,3,30,2,5,0,0,5,0,0,0,1,,,
1,1.1,5462,40,2,2,236,3,60,2,0,0,0,0,0,0,0,1,,,
1,1.1,5463,46,2,2,382,4,60,2,5,0,5,5,0,0,0,0,,,
1,1.1,5463,47,1,2,382,5,60,2,0,0,0,0,0,0,0,0,,,
1,1.1,5463,49,2,2,7420,5,30,2,0,0,0,0,0,0,0,1,,,
1,1.2,5463,188,1,3,613,4,30,2,5,0,0,5,0,0,0,1,3,3,4
1,1.2,5463,189,1,3,613,5,30,2,5,0,0,5,0,0,0,2,3,0,0
1,1.1,5464,45,2,2,3872,3,30,2,5,0,0,5,0,0,0,2,,,
1,1.1,5464,47,1,2,1349,3,30,2,0,0,0,0,0,0,0,2,,,
1,1.2,5476,31,2,2,1314,2,30,2,5,0,0,1,5,0,0,1,3,997,4
1,1.1,5476,174,1,3,2642,3,30,2,5,0,0,1,1,0,0,1,,,
1,1.1,5477,37,1,2,5075,2,30,2,5,0,0,1,1,5,0,0,,,
1,1.1,5477,38,2,2,5075,3,30,2,0,0,0,0,0,0,0,0,,,
1,1.2,5479,32,2,2,958,2,30,2,5,0,5,5,0,0,0,3,3,0,0
1,1.1,5479,33,2,2,1133,2,30,2,0,0,0,0,0,0,0,0,,,
1,1.1,5488,33,1,2,2583,5,60,2,0,0,0,0,0,0,0,2,,,
1,1.1,5488,34,1,2,2583,6,60,2,0,0,0,0,0,0,0,5,,,
1,1.1,5491,35,2,2,4163,2,30,2,5,0,0,1,5,0,0,1,,,
1,1.1,5491,181,2,3,4163,3,30,2,5,0,0,5,0,0,0,1,,,
1,1.2,5493,44,2,2,3346,4,30,2,5,0,0,5,0,0,0,3,3,0,0
1,1.2,5493,45,2,2,3346,5,30,2,5,0,0,5,0,0,0,2,3,0,0
1,1.1,5493,46,2,2,4290,3,30,2,5,0,5,1,5,0,1,1,,,
1,1.1,5493,47,1,2,2036,2,30,2,5,0,0,5,0,0,0,1,,,
1,1.1,5493,48,2,2,2457,2,30,2,0,0,0,0,0,0,0,0,,,
1,1.1,5493,49,2,2,5801,2,98,2,5,0,0,5,0,0,0,0,,,
1,1.1,5493,50,2,2,2036,3,30,2,0,0,0,0,0,0,0,2,,,
1,1.1,5493,51,1,2,1990,3,60,2,0,0,0,0,0,0,0,0,,,
1,1.1,5493,52,2,2,2036,4,30,2,0,0,0,0,0,0,0,4,,,
1,1.1,5493,53,1,2,2457,4,30,2,0,0,0,0,0,0,0,0,,,
1,1.1,5493,54,1,2,2457,3,30,2,0,0,0,0,0,0,0,0,,,
1,1.2,5493,203,1,3,3346,2,30,2,5,0,0,5,0,0,0,1,3,2.9,4
1,1.2,5493,204,2,3,3346,3,30,2,5,0,0,5,0,0,0,1,3,3,5.5
1,1.1,5494,37,1,2,2813,3,30,2,1,1,0,5,0,0,0,1,,,
1,1.2,5494,39,2,2,5441,3,30,2,1,4,0,5,0,5,0,1,3,0,0
1,1.2,5494,40,1,2,5441,4,30,2,5,0,0,5,0,0,5,2,3,0,0
1,1.1,5495,36,2,2,6423,3,30,2,5,0,5,1,5,0,0,2,,,
1,1.2,5498,34,1,2,4202,3,30,2,5,0,0,5,0,0,5,1,3,0,0
1,1.1,5499,37,2,2,5510,2,30,2,0,0,0,0,0,0,0,1,,,
1,1.2,5501,45,2,2,8960,3,30,2,5,0,5,5,0,0,0,1,3,2.6,4
1,1.1,5501,46,1,2,8979,2,30,2,0,0,0,0,0,0,0,1,,,
1,1.1,5501,47,2,2,6438,4,30,2,0,0,0,0,0,0,0,1,,,
1,1.1,5501,48,2,2,8979,3,30,2,0,0,0,0,0,0,0,1,,,
1,1.1,5501,49,1,2,6438,7,30,2,0,0,0,0,0,0,0,1,,,
1,1.2,5501,187,1,3,6438,3,30,2,5,0,0,5,0,0,0,1,3,0,0
1,1.1,5501,188,1,3,6438,5,30,2,5,0,0,5,0,0,0,1,,,
1,1.1,5501,190,1,3,8916,3,30,2,0,0,0,0,0,0,0,1,,,
1,1.1,5503,33,1,2,3523,4,30,2,1,6,0,5,0,0,5,4,,,
1,1.1,5503,35,2,2,3523,5,30,2,0,0,0,0,0,0,0,2,,,
1,1.1,5503,36,2,2,3523,6,30,2,0,0,0,0,0,0,0,2,,,
1,1.1,5503,190,1,3,3523,3,30,2,1,5,0,1,5,0,5,2,,,
1,1.1,5503,192,2,3,2259,2,30,2,5,0,0,5,0,0,0,0,,,
1,1.1,5503,194,2,3,7996,3,30,2,0,0,0,0,0,0,0,3,,,
1,1.2,5513,36,1,2,2387,3,30,2,5,0,5,5,0,0,5,0,3,2.8,3
1,1.2,5513,37,2,2,2387,2,30,2,5,0,0,5,0,0,0,0,3,0.9,4
1,1.1,5515,30,1,2,2093,2,30,2,5,0,0,5,0,0,0,2,,,
1,1.2,5526,50,2,2,661,2,30,2,5,0,0,5,0,0,5,2,3,4,98
1,1.2,5526,51,2,2,1658,3,30,2,5,0,5,1,5,5,0,5,3,0,0
1,1.1,5526,52,2,2,3917,3,30,2,5,0,0,5,0,0,0,4,,,
1,1.1,5526,54,1,2,826,3,30,2,0,0,0,0,0,0,0,1,,,
1,1.1,5526,55,2,2,3261,2,30,2,0,0,0,0,0,0,0,5,,,
1,1.2,5527,32,2,2,2760,3,30,2,5,0,0,1,5,0,0,1,3,3.4,4.1
1,1.2,5537,55,2,2,1152,3,30,2,5,0,0,1,5,0,0,1,3,998,98
1,1.2,5537,56,1,2,1152,4,30,2,5,0,0,5,0,5,0,1,3,0,0
1,1.1,5537,60,2,2,8781,2,30,2,0,0,0,0,0,0,0,5,,,
1,1.1,5537,61,1,2,2099,2,30,2,0,0,0,0,0,0,0,1,,,
1,1.1,5537,62,1,2,2099,3,30,2,0,0,0,0,0,0,0,1,,,
1,1.1,5537,63,2,2,3524,2,30,2,0,0,0,0,0,0,0,2,,,
1,1.1,5537,64,1,2,5182,2,30,2,0,0,0,0,0,0,0,2,,,
1,1.1,5539,43,2,2,8571,2,30,2,5,0,0,5,0,0,0,2,,,
1,1.2,5542,33,2,2,5156,2,30,2,5,0,0,1,5,5,0,1,3,0,0
1,1.2,5542,34,2,2,5156,3,30,2,5,0,5,1,5,0,0,2,3,0,0
1,1.2,5547,42,2,2,1375,2,30,2,5,0,0,1,5,0,0,1,3,0,0
1,1.2,5547,43,1,2,1375,5,30,2,5,0,0,5,0,5,0,1,3,0,0
1,1.1,5547,44,1,2,1375,6,30,2,0,0,0,0,0,0,0,4,,,
1,1.1,5547,47,1,2,8598,4,30,2,0,0,0,0,0,0,0,2,,,
1,1.1,5547,48,1,2,8598,5,30,2,0,0,0,0,0,0,0,0,,,
1,1.2,5547,176,2,3,1375,3,30,2,5,0,0,5,0,0,0,1,3,0,0
1,1.2,5547,177,1,3,1375,4,30,2,5,0,0,5,0,5,0,1,3,0,0
1,1.1,5547,184,1,0,8606,3,83,2,0,0,0,0,0,0,0,2,,,
1,1.1,5548,45,1,2,4341,2,30,2,5,0,0,5,0,0,0,0,,,
1,1.1,5548,47,2,2,8476,4,70,2,0,0,0,0,0,0,0,2,,,
1,1.1,5548,48,2,2,4341,3,30,2,0,0,0,0,0,0,0,0,,,
1,1.1,5548,176,2,3,8256,3,30,2,0,0,0,0,0,0,0,3,,,
1,1.1,5549,43,2,2,1393,4,30,2,1,4,0,5,0,0,0,1,,,
1,1.1,5549,44,1,2,1393,5,30,2,0,0,0,0,0,0,0,2,,,
1,1.2,5553,33,2,2,3500,3,30,2,1,1,0,1,5,5,0,1,3,3,4
1,1.2,5553,34,2,2,3500,4,30,2,1,1,0,1,5,5,0,1,3,997,4
1,1.2,5560,43,1,2,4138,4,30,2,1,1,0,5,0,5,5,3,3,3.6,4
1,1.2,5560,46,1,2,4138,5,30,2,1,1,0,5,0,0,5,3,3,0,0
1,1.1,5560,47,1,2,7777,3,30,2,9,0,0,9,0,0,0,0,,,
1,1.2,5560,48,2,2,5076,3,30,2,5,0,0,5,0,0,0,0,3,0,0
1,1.2,5565,36,2,2,8835,2,30,2,1,4,0,5,0,5,0,3,3,3,4
1,1.2,5565,37,2,2,8813,2,30,2,1,6,0,1,1,5,5,4,3,0,0
1,1.1,5565,38,2,2,8377,3,30,2,1,4,5,1,1,0,0,1,,,
1,1.1,5565,39,2,2,8835,3,30,2,1,4,0,5,0,0,0,2,,,
1,1.1,5565,40,2,2,8813,3,30,2,0,0,0,0,0,0,0,3,,,
1,1.2,5566,33,1,2,5241,5,30,2,1,1,0,5,0,0,5,1,3,3.2,5
1,1.1,5566,34,2,2,8618,3,30,2,5,0,5,5,0,0,5,2,,,
1,1.2,5569,43,2,2,3232,3,33,2,5,0,0,5,0,0,5,1,3,0,0
1,1.2,5569,44,2,2,6144,2,30,2,5,0,0,5,0,0,0,5,3,0,0
1,1.1,5569,45,1,2,7293,2,30,2,1,6,0,1,1,0,5,2,,,
1,1.1,5569,46,2,2,6144,3,30,2,0,0,0,0,0,0,0,2,,,
1,1.2,5570,48,2,2,5720,4,30,2,1,1,5,5,0,5,1,1,3,3.5,4.5
1,1.2,5570,49,1,2,5720,5,30,2,1,6,5,1,5,5,1,2,3,0,0
1,1.2,5570,50,1,2,3070,3,30,2,1,5,0,1,1,5,0,2,3,0,0
1,1.2,5570,52,1,2,3070,4,30,2,1,5,0,1,1,5,0,2,3,0,0
1,1.1,5570,53,2,2,5780,3,30,2,5,0,0,5,0,0,0,2,,,
1,1.1,5570,56,1,2,7072,2,30,2,5,0,0,5,0,5,5,5,,,
1,1.1,5570,57,1,2,7072,3,30,2,5,0,0,5,0,5,1,2,,,
1,1.1,5570,58,2,2,7072,4,30,2,5,0,5,5,0,5,1,5,,,
1,1.1,5570,59,2,2,6298,2,30,2,0,0,0,0,0,0,0,1,,,
1,1.1,5570,60,1,2,7142,2,30,2,5,0,0,5,0,0,0,5,,,
1,1.1,5570,62,2,2,7227,3,30,2,0,0,0,0,0,0,0,2,,,
1,1.1,5570,63,2,2,7227,4,30,2,0,0,0,0,0,0,0,2,,,
1,1.1,5570,64,2,2,3070,5,30,2,0,0,0,0,0,0,0,2,,,
1,1.1,5573,47,2,2,7886,4,30,2,5,0,5,1,1,0,0,4,,,
1,1.2,5576,42,2,2,2346,5,30,2,5,0,5,5,0,0,0,1,3,0,0
1,1.1,5576,43,1,2,3863,4,30,2,5,0,0,5,0,0,5,1,,,
1,1.1,5576,44,2,2,3863,5,30,2,0,0,0,0,0,0,0,1,,,
1,1.1,5592,35,1,2,2276,2,30,2,1,6,0,5,0,5,0,1,,,
1,1.1,5592,36,2,2,2276,3,30,2,1,6,0,1,5,5,0,2,,,
1,1.1,5592,37,1,2,5313,3,30,2,0,0,0,0,0,0,0,0,,,
1,1.2,5600,33,2,2,1692,5,65,2,5,0,0,5,0,0,0,1,3,0,0
1,1.2,5600,34,1,2,1692,6,65,2,5,0,0,5,0,0,0,2,3,0,0
1,1.1,5608,174,2,3,261,3,30,2,5,0,0,1,5,0,0,2,,,
1,1.1,5610,35,2,2,1755,2,60,2,1,2,5,5,0,0,0,5,,,
1,1.1,5610,38,2,2,8575,2,30,2,5,0,5,5,0,0,0,2,,,
1,1.2,5610,39,2,2,1679,2,30,2,1,4,5,5,0,0,5,2,3,0,0
1,1.1,5610,40,2,2,1679,3,30,2,5,0,5,5,0,0,0,3,,,
1,1.1,5610,42,1,2,1679,4,30,2,0,0,0,0,0,0,0,2,,,
1,1.2,5611,33,2,2,6610,2,30,2,5,0,0,5,0,0,0,1,3,0,0
1,1.2,5613,50,1,2,5030,5,65,2,5,0,5,5,0,0,5,0,3,0,0
1,1.2,5613,51,1,2,4378,2,30,2,5,0,5,5,0,0,9,2,3,0,0
1,1.2,5613,52,2,2,4378,3,30,2,5,0,5,5,0,5,8,1,3,0,0
1,1.1,5613,57,2,2,4312,5,60,2,5,0,5,1,5,0,0,2,,,
1,1.1,5613,58,2,2,2075,2,30,2,0,0,0,0,0,0,0,1,,,
1,1.1,5613,59,2,2,5030,6,65,2,0,0,0,0,0,0,0,0,,,
1,1.1,5613,201,2,3,4312,4,60,2,5,0,0,1,5,0,5,2,,,
1,1.1,5614,39,1,2,4369,3,35,2,1,4,0,5,0,0,0,2,,,
1,1.2,5614,40,1,2,2991,3,30,2,1,1,0,5,0,0,5,2,3,0,0
1,1.1,5614,41,1,2,4470,2,30,2,5,0,5,5,0,0,5,2,,,
1,1.1,5614,42,1,2,6039,2,30,2,1,2,0,5,0,0,0,1,,,
1,1.1,5614,44,1,2,4470,3,30,2,0,0,0,0,0,0,0,2,,,
1,1.1,5614,45,2,2,3023,2,30,2,0,0,0,0,0,0,0,3,,,
1,1.1,5614,46,1,2,3023,3,30,2,0,0,0,0,0,0,0,1,,,
1,1.1,5614,47,2,2,3023,4,30,2,0,0,0,0,0,0,0,2,,,
1,1.1,5614,48,2,2,3023,5,30,2,0,0,0,0,0,0,0,5,,,
1,1.1,5614,49,1,2,6039,5,30,2,0,0,0,0,0,0,0,0,,,
1,1.1,5614,196,2,3,6427,3,30,2,1,2,0,1,5,5,0,2,,,
1,1.2,5615,187,2,3,7183,4,30,2,5,0,5,1,5,0,0,2,3,0,0
1,1.2,5615,189,1,3,7183,5,30,2,5,0,0,5,0,0,0,1,3,997,4
1,1.1,5619,40,2,2,4848,2,30,2,1,3,0,1,1,0,0,2,,,
1,1.1,5619,41,2,2,4848,3,30,2,1,4,5,1,1,0,0,3,,,
1,1.2,5619,42,2,2,2992,3,30,2,5,0,5,5,0,0,0,2,3,0,0
1,1.1,5619,43,2,2,4848,4,30,2,0,0,0,0,0,0,0,3,,,
1,1.1,5619,44,2,2,4848,5,30,2,0,0,0,0,0,0,0,0,,,
1,1.1,5619,45,1,2,2992,5,30,2,0,0,0,0,0,0,0,2,,,
1,1.2,5621,36,2,2,5547,4,30,2,5,0,0,5,0,0,0,2,3,3.1,4
1,1.2,5621,37,1,2,5690,3,30,2,5,0,0,5,0,0,0,1,3,3.5,98
1,1.1,5621,38,2,2,5547,5,30,2,1,6,0,5,0,0,0,2,,,
1,1.1,5621,39,1,2,4991,3,30,2,5,0,0,5,0,0,5,2,,,
1,1.2,5623,56,2,2,5750,3,30,2,5,0,5,5,0,0,0,1,3,998,98
1,1.2,5623,57,1,2,6620,3,30,2,5,0,5,5,0,0,0,1,3,998,98
1,1.2,5623,58,2,2,6114,2,30,2,5,0,5,1,5,5,0,1,3,2.4,4
1,1.2,5623,59,2,2,5994,3,30,2,1,5,5,1,1,0,0,1,3,0,0
1,1.2,5623,60,1,2,5994,2,30,2,1,1,0,5,0,5,0,1,3,998,4
1,1.1,5623,61,1,2,601,2,30,2,5,0,0,5,0,0,0,2,,,
1,1.2,5623,62,2,2,7457,3,33,2,1,5,5,5,0,0,5,1,3,0,0
1,1.2,5623,65,1,2,5750,4,30,2,5,0,5,5,0,0,0,2,3,0,0
1,1.2,5623,66,1,2,6016,2,60,2,1,2,0,5,0,5,5,1,3,0,0
1,1.2,5623,68,2,2,8397,2,30,2,5,0,5,5,0,0,0,4,3,0,0
1,1.1,5623,69,1,2,6114,3,30,2,5,0,0,5,0,5,0,2,,,
1,1.2,5623,70,2,2,6620,4,30,2,5,0,0,1,1,0,0,5,3,0,0
1,1.2,5623,71,1,2,5895,2,30,2,5,0,5,5,0,0,0,2,3,0,0
1,1.1,5623,72,2,2,5994,4,30,2,1,6,5,1,1,0,0,1,,,
1,1.2,5623,75,2,2,6620,5,30,2,5,0,0,5,0,0,0,2,3,0,0
1,1.2,5623,76,1,2,6016,4,60,2,1,3,5,5,0,5,5,1,3,0,0
1,1.2,5623,77,2,2,5895,3,30,2,5,0,0,1,1,0,0,3,3,0,0
1,1.1,5623,78,1,2,6407,2,30,2,5,0,0,5,0,0,5,0,,,
1,1.1,5623,80,1,2,7457,4,30,2,0,0,0,0,0,0,0,2,,,
1,1.1,5623,81,2,2,5750,5,60,2,0,0,0,0,0,0,0,0,,,
1,1.1,5623,82,2,2,7457,5,30,2,0,0,0,0,0,0,0,1,,,
1,1.1,5623,83,2,2,6407,3,30,2,0,0,0,0,0,0,0,0,,,
1,1.1,5623,197,2,3,8472,2,30,2,5,0,5,5,0,5,5,1,,,
1,1.1,5625,33,2,2,5887,2,30,2,0,0,0,0,0,0,0,2,,,
1,1.1,5626,36,2,2,4935,3,30,2,1,5,0,5,0,0,0,4,,,
1,1.1,5628,45,1,2,3144,3,30,2,1,6,5,5,0,0,0,0,,,
1,1.2,5628,46,2,2,3301,2,30,2,5,0,5,5,0,0,0,2,3,0,0
1,1.1,5628,47,1,2,3144,4,30,2,1,6,0,5,0,0,0,0,,,
1,1.2,5628,48,1,2,8326,4,30,2,5,0,0,5,0,0,0,2,3,0,0
1,1.1,5628,49,2,2,3830,2,30,2,5,0,0,5,0,0,0,5,,,
1,1.1,5628,51,2,2,3830,3,30,2,5,0,0,5,0,0,0,5,,,
1,1.1,5628,52,1,2,3144,5,30,2,0,0,0,0,0,0,0,3,,,
1,1.1,5628,53,1,2,3301,3,30,2,0,0,0,0,0,0,0,3,,,
1,1.1,5628,54,2,2,3301,4,30,2,0,0,0,0,0,0,0,2,,,
1,1.2,5628,184,1,3,3144,2,30,2,5,0,0,5,0,0,0,3,3,0,0
1,1.2,5628,188,1,3,8326,3,30,2,1,6,0,1,1,0,0,2,3,0,0
1,1.2,5628,195,1,3,8326,5,30,2,5,0,0,5,0,0,0,1,3,0,0
1,1.1,5634,190,2,3,3932,2,30,2,1,1,0,5,0,0,0,1,,,
1,1.2,5635,44,1,2,3779,2,30,2,5,0,5,1,5,0,0,4,3,0,0
1,1.1,5635,45,1,2,2473,3,30,2,1,3,0,5,0,0,0,1,,,
1,1.1,5635,47,1,2,2473,4,30,2,1,4,0,1,1,0,0,1,,,
1,1.1,5635,48,2,2,4552,2,70,2,0,0,0,0,0,0,0,2,,,
1,1.1,5635,49,2,2,1863,5,65,2,0,0,0,0,0,0,0,0,,,
1,1.1,5636,32,2,2,4765,3,30,2,0,0,0,0,0,0,0,2,,,
1,1.2,5636,176,1,3,4765,2,30,2,5,0,0,1,1,0,0,2,3,0,0
1,1.2,5640,36,1,2,4288,2,30,2,1,6,0,1,1,5,0,2,3,0,0
1,1.1,5640,39,2,2,3404,3,30,2,0,0,0,0,0,0,0,2,,,
1,1.1,5642,180,2,3,5665,2,30,2,5,0,0,5,0,5,0,1,,,
1,1.1,5643,32,2,2,5445,2,30,2,0,0,0,0,0,0,0,2,,,
1,1.1,5646,39,1,2,8274,2,30,2,1,6,0,5,0,0,0,1,,,
1,1.1,5646,40,1,2,8274,3,30,2,1,6,0,5,0,0,0,1,,,
1,1.1,5646,41,2,2,7968,3,30,2,0,0,0,0,0,0,0,5,,,
1,1.1,5646,42,2,2,7968,4,30,2,0,0,0,0,0,0,0,3,,,
1,1.1,5646,187,1,3,7968,2,30,2,1,2,0,5,0,5,0,1,,,
1,1.1,5653,36,2,2,8184,2,30,2,0,0,0,0,0,0,0,2,,,
1,1.1,5655,42,1,2,3999,3,33,2,1,3,5,1,1,5,0,5,,,
1,1.2,5655,43,2,2,4243,3,30,2,1,2,0,1,5,0,0,4,3,0,0
1,1.2,5655,44,1,2,6330,3,60,2,1,4,0,1,1,0,0,1,3,0,0
1,1.1,5655,46,1,2,3999,4,30,2,5,0,0,1,1,5,0,5,,,
1,1.1,5656,46,2,2,4690,3,30,2,1,5,0,5,0,0,0,1,,,
1,1.2,5656,194,1,3,2130,3,96,2,5,0,0,5,0,0,0,2,3,998,98
1,1.1,5660,32,2,2,6474,3,30,2,0,0,0,0,0,0,0,1,,,
1,1.2,5663,54,2,2,6532,4,30,2,1,5,0,1,1,0,1,1,3,0,0
1,1.2,5663,55,2,2,6532,5,30,2,5,0,0,5,0,0,1,2,3,0,0
1,1.1,5664,35,2,2,5366,5,30,2,5,0,5,5,0,0,5,1,,,
1,1.1,5664,36,2,2,5652,2,30,2,0,0,0,0,0,0,0,2,,,
1,1.2,5664,179,1,3,4669,2,30,2,5,0,0,5,0,0,1,2,3,0,0
1,1.2,5664,181,2,3,5366,3,30,2,5,0,5,5,0,0,5,1,3,0,0
1,1.2,5664,182,2,3,5366,4,30,2,5,0,5,5,0,0,5,1,3,0,0
1,1.2,5676,37,2,2,5888,3,30,2,5,0,0,5,0,0,0,5,3,0,0
1,1.2,5676,38,2,2,5888,5,30,2,5,0,5,5,0,0,0,3,3,0,0
1,1.1,5676,39,2,2,1732,2,30,2,5,0,0,5,0,0,0,2,,,
1,1.2,5676,197,2,3,1732,4,70,2,5,0,0,5,0,0,0,1,3,3.87,4.2
1,1.1,5676,198,1,3,1732,5,70,2,1,5,0,1,1,0,0,1,,,
1,1.1,5676,199,1,3,1732,6,70,2,5,0,0,5,0,0,0,4,,,
1,1.2,5677,46,1,2,6361,3,30,2,5,0,0,5,0,0,0,1,3,0,0
1,1.2,5677,48,1,2,6361,4,30,2,5,0,0,5,0,0,0,1,3,0,0
1,1.2,5677,50,2,2,6361,5,30,2,5,0,0,5,0,0,0,1,3,0,0
1,1.1,5677,51,2,2,6361,6,30,2,5,0,0,5,0,0,0,1,,,
1,1.1,5677,52,1,2,6361,7,30,2,0,0,0,0,0,0,0,1,,,
1,1.1,5677,53,1,2,6361,9,30,2,0,0,0,0,0,0,0,1,,,
1,1.1,5677,54,1,2,6361,10,30,2,0,0,0,0,0,0,0,0,,,
1,1.1,5678,43,1,2,6228,4,30,2,5,0,0,5,0,0,0,1,,,
1,1.1,5678,44,2,2,3776,2,30,2,1,4,5,5,0,0,0,2,,,
1,1.1,5678,46,1,2,5908,2,30,2,0,0,0,0,0,0,0,1,,,
1,1.2,5680,35,1,2,7743,3,33,2,5,0,5,5,0,5,0,2,3,0,0
1,1.2,5680,36,2,2,7743,4,33,2,5,0,0,5,0,0,0,2,3,0,0
1,1.2,5680,37,2,2,7743,5,33,2,5,0,5,5,0,0,0,2,3,0,0
1,1.1,5680,38,1,2,7743,6,33,2,5,0,0,5,0,5,0,2,,,
1,1.1,5680,39,1,2,852,5,60,2,0,0,0,0,0,0,0,0,,,
1,1.2,5683,44,1,2,2919,3,60,2,5,0,0,5,0,0,0,2,3,0,0
1,1.1,5683,45,2,2,4705,3,33,2,5,0,0,5,0,0,0,1,,,
1,1.1,5683,46,1,2,7621,2,30,2,5,0,0,5,0,0,0,2,,,
1,1.1,5683,47,1,2,7038,3,30,2,5,0,0,5,0,0,5,2,,,
1,1.1,5683,49,1,2,2919,4,60,2,5,0,0,5,0,0,0,2,,,
1,1.1,5683,50,2,2,2919,5,60,2,0,0,0,0,0,0,0,1,,,
1,1.1,5683,51,1,2,7141,3,30,2,0,0,0,0,0,0,0,1,,,
1,1.1,5683,53,2,2,7141,4,30,2,0,0,0,0,0,0,0,1,,,
1,1.1,5683,54,1,2,6258,6,30,2,0,0,0,0,0,0,0,0,,,
1,1.1,5684,44,1,2,7919,3,30,2,5,0,5,1,1,0,0,1,,,
1,1.1,5684,46,1,2,7919,4,30,2,5,0,0,1,1,0,0,5,,,
1,1.1,5684,47,2,2,4283,2,30,2,1,4,1,1,1,0,1,1,,,
1,1.2,5684,48,1,2,3730,2,30,2,1,2,0,5,0,5,0,3,3,0,0
1,1.1,5684,49,1,2,3730,3,30,2,1,3,0,5,0,5,0,1,,,
1,1.1,5684,50,1,2,4283,3,30,2,1,3,1,5,0,0,5,2,,,
1,1.1,5685,33,1,2,2710,2,30,2,5,0,5,1,5,0,0,1,,,
1,1.1,5685,34,2,2,2710,3,30,2,5,0,5,5,0,0,0,3,,,
1,1.1,5689,38,2,2,4133,2,30,2,0,0,0,0,0,0,0,2,,,
1,1.1,5689,40,2,2,1523,4,30,2,0,0,0,0,0,0,0,2,,,
1,1.1,5692,33,2,2,3177,3,30,2,0,0,0,0,0,0,0,1,,,
1,1.1,5693,50,1,2,7644,2,30,2,5,0,0,5,0,0,0,1,,,
1,1.2,5693,51,1,2,3764,4,30,2,1,1,5,5,0,0,0,1,3,0,0
1,1.1,5693,52,2,2,3259,2,30,2,5,0,0,5,0,0,0,5,,,
1,1.1,5698,36,2,2,2685,2,30,2,5,0,5,1,5,0,0,0,,,
1,1.1,5698,37,1,2,2685,3,30,2,0,0,0,0,0,0,0,0,,,
1,1.1,5706,45,1,2,3844,2,30,2,5,0,0,5,0,0,0,2,,,
1,1.1,5706,46,1,2,3844,3,30,2,0,0,0,0,0,0,0,3,,,
1,1.1,5706,47,2,2,2369,3,30,2,0,0,0,0,0,0,0,0,,,
1,1.1,5706,218,2,3,2180,4,60,2,1,2,0,5,0,5,0,1,,,
1,1.2,5714,34,1,2,4449,2,30,2,1,2,5,5,0,0,5,3,3,0,0
1,1.1,5714,35,2,2,4449,3,30,2,5,0,0,1,5,0,5,4,,,
1,1.1,5714,36,2,2,4449,4,30,2,5,0,0,1,5,0,5,2,,,
1,1.1,5714,37,1,2,3203,3,60,2,0,0,0,0,0,0,0,2,,,
1,1.2,5714,179,2,3,4409,2,30,2,1,6,5,1,1,0,5,2,3,0,0
1,1.2,5748,40,2,2,2608,2,30,2,5,0,0,5,0,0,0,2,3,998,4
1,1.1,5748,41,2,2,5106,4,30,2,5,0,5,5,0,0,0,5,,,
1,1.1,5748,42,2,2,5106,2,30,2,5,0,0,5,0,0,0,5,,,
1,1.1,5748,43,2,2,6136,2,30,2,5,0,5,5,0,0,0,2,,,
1,1.1,5748,46,2,2,5106,3,30,2,5,0,0,5,0,0,0,3,,,
1,1.1,5748,49,1,2,2372,3,30,2,0,0,0,0,0,0,0,0,,,
1,1.2,5757,36,2,2,1474,3,30,2,5,0,0,5,0,0,0,4,3,0,0
1,1.1,5757,40,1,2,1474,4,30,2,5,0,0,5,0,0,0,4,,,
1,1.1,5757,41,2,2,1474,5,30,2,5,0,0,5,0,0,0,5,,,
1,1.1,5757,46,1,2,2997,3,30,2,0,0,0,0,0,0,0,5,,,
1,1.1,5770,32,2,2,8009,2,30,2,5,0,0,5,0,0,5,2,,,
1,1.2,5771,31,1,2,4605,3,30,2,5,0,0,5,0,0,5,4,3,4,4
1,1.1,5771,33,1,2,5283,4,30,2,0,0,0,0,0,0,0,3,,,
1,1.1,5784,39,1,2,3536,2,30,2,0,0,0,0,0,0,0,2,,,
1,1.1,5784,40,2,2,4025,4,30,2,0,0,0,0,0,0,0,2,,,
1,1.2,5801,36,1,2,3664,2,30,2,1,1,0,5,0,0,0,1,3,0,0
1,1.1,5801,37,1,2,3992,2,30,2,5,0,0,5,0,0,0,2,,,
1,1.2,5801,38,2,2,3930,2,30,2,5,0,0,5,0,5,5,1,3,0,0
1,1.1,5801,40,1,2,3992,3,30,2,0,0,0,0,0,0,0,0,,,
1,1.1,5802,31,2,2,89,3,30,2,0,0,0,0,0,0,0,4,,,
1,1.1,5802,186,1,3,89,2,30,2,5,0,0,5,0,0,0,3,,,
1,1.2,5812,62,1,2,4496,3,30,2,5,0,0,5,0,0,0,1,3,997,5
1,1.2,5812,63,1,2,5637,5,30,2,1,5,0,5,0,0,1,1,3,998,4
1,1.2,5812,64,1,2,5637,6,30,2,5,0,0,5,0,0,0,2,3,998,4
1,1.2,5812,65,2,2,4503,3,30,2,5,0,0,5,0,5,1,2,3,0,0
1,1.2,5812,66,1,2,4405,5,60,2,1,5,0,5,0,0,0,4,3,0,0
1,1.1,5812,67,2,2,7661,2,30,2,5,0,0,5,0,5,0,1,,,
1,1.1,5812,69,2,2,9097,3,35,2,5,0,0,5,0,0,0,1,,,
1,1.1,5812,70,2,2,4503,6,30,2,0,0,0,0,0,0,0,1,,,
1,1.1,5812,71,1,2,4496,5,60,2,0,0,0,0,0,0,0,4,,,
1,1.1,5812,72,1,2,5637,7,60,2,0,0,0,0,0,0,0,2,,,
1,1.1,5812,73,1,2,5010,3,30,2,0,0,0,0,0,0,0,2,,,
1,1.1,5812,74,2,2,4503,7,30,2,0,0,0,0,0,0,0,0,,,
1,1.2,5812,215,1,3,4503,4,30,2,5,0,0,5,0,0,0,1,3,0,0
1,1.2,5812,216,2,3,4503,5,30,2,5,0,0,5,0,5,1,1,3,0,0
1,1.2,5813,37,2,2,1840,3,60,2,1,1,0,5,0,0,0,0,3,2.8,4
1,1.2,5813,39,2,2,1840,5,60,2,1,5,0,5,0,0,0,0,3,0,0
1,1.1,5813,40,2,2,8704,3,30,2,0,0,0,0,0,0,0,3,,,
1,1.1,5813,41,2,2,8704,4,30,2,0,0,0,0,0,0,0,0,,,
1,1.2,5814,42,1,2,3345,2,30,2,1,2,0,1,1,5,0,1,3,3.2,5
1,1.1,5814,43,2,2,5412,3,33,2,5,0,0,5,0,0,0,0,,,
1,1.2,5814,44,1,2,5190,3,30,2,1,4,0,5,0,0,0,1,3,4.4,5
1,1.1,5814,45,1,2,8586,3,95,2,5,0,0,5,0,0,0,0,,,
1,1.2,5814,46,1,2,5190,4,30,2,1,4,0,5,0,0,0,1,3,0,0
1,1.2,5814,47,1,2,6933,3,30,2,1,3,0,5,0,5,0,1,3,0,0
1,1.1,5814,48,2,2,5412,4,33,2,5,0,0,1,5,0,0,1,,,
1,1.1,5814,49,2,2,6589,4,30,2,5,0,0,5,0,0,0,1,,,
1,1.1,5814,50,1,2,5412,5,33,2,5,0,0,1,1,0,0,1,,,
1,1.2,5814,51,2,2,5190,5,30,2,5,0,0,1,5,5,5,3,3,0,0
1,1.2,5814,52,1,2,6933,6,30,2,1,4,0,5,0,5,0,0,3,0,0
1,1.1,5814,53,1,2,7627,3,30,2,0,0,0,0,0,0,0,0,,,
1,1.1,5814,191,1,3,6933,4,30,2,1,1,0,5,0,0,0,1,,,
1,1.2,5814,192,1,3,6933,5,30,2,1,4,0,5,0,0,5,1,3,0,0
1,1.2,5819,35,2,2,366,2,30,2,1,2,5,1,1,0,5,1,3,3.2,98
1,1.1,5820,36,1,2,669,5,60,2,0,0,0,0,0,0,0,1,,,
1,1.1,5821,32,1,2,3746,2,30,2,0,0,0,0,0,0,0,3,,,
1,1.1,5826,38,1,2,7000,3,30,2,0,0,0,0,0,0,0,4,,,
1,1.1,5826,39,1,2,5790,2,30,2,0,0,0,0,0,0,0,2,,,
1,1.1,5826,40,2,2,7000,4,30,2,0,0,0,0,0,0,0,4,,,
1,1.2,5826,183,1,3,4825,2,60,2,5,0,0,5,0,0,0,0,3,0,0
1,1.2,5826,184,1,3,4825,3,60,2,5,0,0,1,1,0,0,0,3,0,0
1,1.2,5826,185,2,3,4825,5,60,2,5,0,0,5,0,0,0,5,3,2.9,4
1,1.1,5826,188,1,3,4825,4,60,2,5,0,0,5,0,0,0,0,,,
1,1.1,5826,189,1,3,4825,6,60,2,0,0,0,0,0,0,0,0,,,
1,1.1,5834,35,1,2,5490,5,95,2,0,0,0,0,0,0,0,1,,,
1,1.1,5834,187,2,3,5490,4,95,2,5,0,0,1,5,0,0,1,,,
1,1.1,5835,37,1,2,6096,3,30,2,0,0,0,0,0,0,0,2,,,
1,1.2,5839,32,1,2,952,2,30,2,1,1,5,5,0,0,0,1,3,0,0
1,1.1,5839,33,2,2,841,3,30,2,0,0,0,0,0,0,0,1,,,
1,1.1,5841,40,2,2,4922,5,30,2,0,0,0,0,0,0,0,0,,,
1,1.2,5849,50,2,2,6475,4,30,2,5,0,5,1,1,0,0,1,3,2,4
1,1.1,5849,51,2,2,3473,3,30,2,5,0,5,5,0,0,0,2,,,
1,1.2,5849,52,2,2,6475,5,30,2,1,1,0,5,0,0,0,1,3,0,0
1,1.1,5849,53,2,2,3473,4,30,2,5,0,5,5,0,0,0,3,,,
1,1.1,5849,186,1,3,3473,2,30,2,5,0,5,1,1,0,0,3,,,
1,1.2,5853,46,1,2,3095,5,30,2,5,0,5,5,0,0,0,2,3,0,0
1,1.2,5853,47,1,2,2482,5,30,2,1,5,0,1,1,0,0,2,3,0,0
1,1.1,5853,48,1,2,1739,2,30,2,1,4,0,1,1,5,5,2,,,
1,1.1,5853,49,1,2,2482,6,30,2,1,3,0,1,1,0,0,2,,,
1,1.1,5853,50,1,2,2482,7,30,2,1,3,0,1,1,0,0,2,,,
1,1.2,5853,197,1,3,3095,4,33,2,5,0,0,1,1,0,0,1,3,998,4
1,1.1,5858,42,1,2,3456,3,30,2,5,0,0,5,0,0,0,2,,,
1,1.1,5858,43,2,2,4851,5,30,2,5,0,0,5,0,0,1,2,,,
1,1.1,5858,44,2,2,8272,2,30,2,0,0,0,0,0,0,0,1,,,
1,1.1,5858,194,2,3,6009,3,30,2,0,0,0,0,0,0,0,2,,,
1,1.1,5861,39,2,2,6603,2,30,2,5,0,0,5,0,0,5,2,,,
1,1.1,5861,40,1,2,6921,2,30,2,5,0,0,5,0,0,0,2,,,
1,1.1,5861,41,2,2,6921,3,30,2,0,0,0,0,0,0,0,4,,,
1,1.1,5861,42,2,2,6603,3,30,2,0,0,0,0,0,0,0,2,,,
1,1.2,5863,45,2,2,3745,3,30,2,5,0,0,5,0,5,5,3,3,997,98
1,1.2,5863,46,1,2,3745,4,30,2,1,6,5,5,0,0,0,0,3,0,0
1,1.1,5863,47,2,2,3745,5,30,2,5,0,0,5,0,5,0,0,,,
1,1.1,5863,48,1,2,5999,3,30,2,5,0,0,5,0,5,0,1,,,
1,1.1,5863,49,2,2,4939,2,30,2,5,0,0,5,0,0,0,5,,,
1,1.1,5863,50,1,2,3745,6,60,2,0,0,0,0,0,0,0,0,,,
1,1.1,5863,51,1,2,4939,3,30,2,0,0,0,0,0,0,0,5,,,
1,1.2,5871,31,1,2,4999,3,30,2,5,0,0,1,1,0,0,1,3,3.83,5
1,1.1,5871,32,2,2,4999,4,30,2,5,0,0,1,5,0,0,2,,,
1,1.2,5871,33,2,2,7159,2,30,2,5,0,0,1,1,0,0,2,3,0,0
1,1.1,5871,34,2,2,4835,3,30,2,0,0,0,0,0,0,0,2,,,
1,1.1,5871,173,1,3,7159,3,30,2,5,0,0,1,1,0,0,2,,,
1,1.2,5872,42,2,2,3793,3,30,2,5,0,0,5,0,5,0,1,3,3,4
1,1.2,5872,43,1,2,4696,2,30,2,5,0,0,5,0,0,0,2,3,2.8,3.8
1,1.2,5872,44,2,2,4726,3,30,2,1,1,0,1,1,5,0,1,3,0,0
1,1.2,5872,45,1,2,4751,2,30,2,5,0,0,5,0,0,0,3,3,0,0
1,1.1,5872,46,1,2,4751,3,30,2,0,0,0,0,0,0,0,2,,,
1,1.1,5872,47,2,2,4751,4,30,2,0,0,0,0,0,0,0,1,,,
1,1.1,5872,48,2,2,6594,4,30,2,0,0,0,0,0,0,0,2,,,
1,1.1,5872,180,2,3,6594,3,30,2,0,0,0,0,0,0,0,1,,,
1,1.2,5874,35,2,2,3412,3,30,2,1,5,5,5,0,0,5,0,3,0,0
1,1.1,5874,36,2,2,3412,4,30,2,1,2,5,5,0,5,5,0,,,
1,1.1,5876,35,2,2,2024,2,30,2,5,0,0,5,0,0,0,2,,,
1,1.1,5876,36,1,2,2024,3,30,2,0,0,0,0,0,0,0,2,,,
1,1.1,5897,33,2,2,1950,3,30,2,0,0,0,0,0,0,0,5,,,
1,1.1,5897,34,2,2,885,4,60,2,0,0,0,0,0,0,0,2,,,
1,1.1,5897,35,2,2,1950,4,30,2,0,0,0,0,0,0,0,2,,,
1,1.1,5898,39,2,2,5491,3,30,2,0,0,0,0,0,0,0,5,,,
1,1.1,5898,40,2,2,5491,4,30,2,0,0,0,0,0,0,0,2,,,
1,1.1,5899,33,2,2,6340,2,65,2,5,0,5,5,0,0,1,0,,,
1,1.1,5899,34,2,2,7900,2,30,2,5,0,0,1,1,5,0,1,,,
1,1.1,5900,41,2,2,8036,2,30,2,1,1,5,1,5,0,0,2,,,
1,1.2,5901,46,1,2,8595,5,30,2,5,0,5,5,0,5,0,1,3,0,0
1,1.1,5901,47,2,2,8595,6,30,2,0,0,0,0,0,0,0,1,,,
1,1.2,5904,54,1,2,3447,3,30,2,5,0,0,5,0,0,0,1,3,1.5,3
1,1.2,5904,55,1,2,2338,4,30,2,1,1,1,1,1,0,0,1,3,3,4
1,1.2,5904,56,2,2,167,3,30,2,5,0,5,5,0,0,0,1,3,2.5,4
1,1.2,5904,57,2,2,167,4,30,2,5,0,5,1,1,0,0,1,3,997,4
1,1.2,5904,62,2,2,4263,3,30,2,5,0,0,5,0,0,0,2,3,0,0
1,1.2,5904,63,2,2,4365,4,33,2,5,0,0,1,5,5,0,4,3,0,0
1,1.1,5904,64,2,2,2824,5,30,2,0,0,0,0,0,0,0,2,,,
1,1.1,5904,65,1,2,4263,4,30,2,0,0,0,0,0,0,0,2,,,
1,1.1,5904,66,1,2,7745,3,30,2,0,0,0,0,0,0,0,3,,,
1,1.1,5904,67,1,2,7745,4,30,2,0,0,0,0,0,0,0,2,,,
1,1.1,5904,68,2,2,2204,4,30,2,0,0,0,0,0,0,0,0,,,
1,1.1,5904,69,1,2,4263,5,30,2,0,0,0,0,0,0,0,2,,,
1,1.2,5904,220,1,3,2204,3,35,2,1,4,0,1,1,5,0,3,3,0,0
1,1.2,5904,244,2,0,3447,5,35,2,5,0,0,1,1,0,0,2,3,0,0
1,1.1,5909,39,2,2,1236,2,30,2,1,6,0,5,0,0,0,0,,,
1,1.1,5909,40,2,2,1236,3,30,2,0,0,0,0,0,0,0,0,,,
1,1.1,5909,41,1,2,1861,6,60,2,0,0,0,0,0,0,0,1,,,
1,1.2,5909,194,2,3,2589,2,30,2,1,1,5,5,0,0,0,2,3,998,3
1,1.2,5909,195,2,3,2589,3,30,2,1,3,5,1,5,0,0,2,3,0,0
1,1.1,5909,196,2,3,2589,4,30,2,1,2,5,5,0,5,0,2,,,
1,1.1,5909,197,1,3,2589,5,30,2,1,3,5,5,0,5,5,4,,,
1,1.2,5916,40,1,2,1581,3,35,2,5,0,5,5,0,5,0,1,3,0,0
1,1.2,5916,41,1,2,2979,2,30,2,5,0,0,5,0,0,0,3,3,0,0
1,1.2,5916,43,2,2,3150,2,30,2,5,0,5,5,0,0,0,1,3,0,0
1,1.2,5916,44,1,2,7357,2,30,2,1,2,0,5,0,0,0,1,3,0,0
1,1.2,5916,47,1,2,1581,4,35,2,5,0,0,5,0,0,0,2,3,0,0
1,1.1,5916,48,1,2,7357,3,30,2,1,2,5,5,0,0,0,1,,,
1,1.1,5916,49,2,2,7357,4,30,2,1,2,5,5,0,0,0,1,,,
1,1.1,5916,51,2,2,1581,5,30,2,0,0,0,0,0,0,0,0,,,
1,1.1,5916,52,2,2,1820,4,30,2,0,0,0,0,0,0,0,1,,,
1,1.2,5921,33,2,2,1738,4,30,2,1,2,0,5,0,0,0,1,3,998,3.1
1,1.2,5921,34,2,2,1738,5,30,2,1,6,0,1,1,0,0,2,3,2.9,4
1,1.1,5921,35,1,2,1738,6,30,2,0,0,0,0,0,0,0,2,,,
1,1.2,5922,44,2,2,6315,2,30,2,5,0,0,5,0,0,0,1,3,998,98
1,1.2,5922,45,1,2,6562,3,35,2,1,1,5,5,0,0,0,1,3,998,98
1,1.2,5922,46,1,2,3075,3,30,2,5,0,5,5,0,5,0,1,3,1,1
1,1.2,5922,47,2,2,6562,4,35,2,5,0,5,5,0,0,0,1,3,0,0
1,1.2,5922,48,2,2,2125,3,33,2,1,1,0,5,0,5,0,2,3,0,0
1,1.2,5922,49,2,2,1484,2,30,2,5,0,5,5,0,0,0,2,3,0,0
1,1.2,5922,50,2,2,8264,2,30,2,5,0,5,5,0,0,0,2,3,0,0
1,1.1,5922,51,1,2,6315,3,30,2,5,0,0,5,0,0,0,1,,,
1,1.1,5922,52,2,2,8545,6,60,2,5,0,0,1,1,5,0,2,,,
1,1.1,5922,54,1,2,8894,2,30,2,1,3,0,1,5,0,0,1,,,
1,1.2,5922,55,2,2,2630,2,30,2,5,0,0,5,0,0,1,5,3,0,0
1,1.2,5922,56,1,2,1025,2,30,2,5,0,0,5,0,0,0,4,3,0,0
1,1.1,5922,57,2,2,6390,2,30,2,1,5,0,5,0,0,0,1,,,
1,1.1,5922,58,1,2,3196,3,30,2,0,0,0,0,0,0,0,2,,,
1,1.1,5922,59,2,2,2330,4,30,2,5,0,0,5,0,0,0,2,,,
1,1.1,5922,60,2,2,1484,3,30,2,5,0,5,5,0,0,0,2,,,
1,1.1,5922,61,2,2,3075,4,60,2,0,0,0,0,0,0,0,1,,,
1,1.1,5922,62,2,2,6315,4,30,2,0,0,0,0,0,0,0,1,,,
1,1.1,5922,63,1,2,2125,4,30,2,0,0,0,0,0,0,0,3,,,
1,1.1,5922,64,2,2,6390,3,30,2,0,0,0,0,0,0,0,1,,,
1,1.1,5922,65,1,2,5574,4,60,2,0,0,0,0,0,0,0,4,,,
1,1.1,5922,66,2,2,9101,6,60,2,0,0,0,0,0,0,0,4,,,
1,1.1,5922,67,1,2,9101,7,60,2,0,0,0,0,0,0,0,4,,,
1,1.1,5922,68,2,2,8894,3,30,2,0,0,0,0,0,0,0,1,,,
1,1.2,5922,222,1,3,1768,3,30,2,5,0,0,5,0,5,0,1,3,998,4
1,1.2,5922,246,2,3,4422,2,30,2,5,0,0,5,0,5,0,1,3,0,0
1,1.2,5922,247,2,3,1768,4,30,2,5,0,0,5,0,0,0,2,3,998,4
1,1.2,5922,250,2,3,4422,3,30,2,5,0,0,5,0,0,0,0,3,0,0
1,1.2,5922,251,1,3,4422,4,30,2,5,0,0,5,0,0,0,0,3,0,0
1,1.2,5922,255,2,3,2330,3,30,2,5,0,0,5,0,0,0,2,3,0,0
1,1.2,5925,43,2,2,2845,3,30,2,5,0,5,1,5,0,0,1,3,998,98
1,1.2,5925,44,1,2,8309,3,30,2,1,2,0,1,1,5,0,2,3,3,5
1,1.1,5925,46,1,2,8479,3,35,2,5,0,0,5,0,0,0,2,,,
1,1.1,5925,49,2,2,3901,3,30,2,5,0,0,5,0,0,1,1,,,
1,1.1,5925,52,1,2,8479,4,30,2,0,0,0,0,0,0,0,3,,,
1,1.1,5925,55,1,2,8882,2,30,2,0,0,0,0,0,0,0,2,,,
1,1.1,5925,193,2,3,4389,3,30,2,1,5,0,1,1,0,0,1,,,
1,1.1,5925,194,1,3,4389,4,30,2,0,0,0,0,0,0,0,0,,,
1,1.2,5926,37,2,2,3101,3,30,2,1,6,0,1,1,5,5,2,3,3.95,4
1,1.2,5926,38,1,2,4307,3,30,2,1,1,0,5,0,0,0,2,3,3.3,4
1,1.2,5926,39,1,2,5632,5,30,2,1,6,0,1,1,5,0,1,3,0,0
1,1.2,5938,35,2,2,7737,2,30,2,1,1,0,5,0,0,0,1,3,1.5,4
1,1.2,5938,36,1,2,982,4,30,2,5,0,0,5,0,0,0,2,3,2.9,4
1,1.2,5938,37,1,2,1312,2,30,2,1,3,0,5,0,0,5,1,3,0,0
1,1.2,5938,186,2,3,5976,2,30,2,5,0,0,5,0,0,0,1,3,998,98
1,1.1,5940,33,1,2,2754,3,30,2,1,4,5,5,0,5,0,2,,,
1,1.2,5940,34,1,2,4943,3,30,2,1,2,0,1,5,0,0,1,3,0,0
1,1.1,5940,35,2,2,2754,4,30,2,1,1,0,5,0,0,0,2,,,
1,1.1,5940,36,2,2,4943,4,30,2,1,4,0,5,0,0,0,2,,,
1,1.1,5940,37,2,2,4943,5,30,2,0,0,0,0,0,0,0,0,,,
1,1.2,5942,41,1,2,8937,2,30,2,5,0,0,5,0,0,0,0,3,0,0
1,1.1,5942,42,2,2,8937,3,30,2,0,0,0,0,0,0,0,0,,,
1,1.2,5942,175,1,3,8162,2,30,2,5,0,0,5,0,0,0,1,3,3.2,4
1,1.2,5959,39,2,2,1664,4,30,2,5,0,0,1,1,0,1,1,3,3.5,4
1,1.2,5959,40,1,2,4004,2,30,2,5,0,0,1,1,0,0,1,3,0,0
1,1.1,5959,43,1,2,4004,3,30,2,0,0,0,0,0,0,0,2,,,
1,1.2,5959,183,2,3,1664,3,30,2,5,0,0,5,0,0,0,1,3,3.1,4
1,1.2,5960,51,1,2,5216,2,30,2,5,0,0,5,0,0,0,1,3,3,4
1,1.1,5960,54,1,2,6173,5,30,2,5,0,0,5,0,0,5,1,,,
1,1.1,5960,56,1,2,7429,3,30,2,1,1,0,5,0,0,0,4,,,
1,1.1,5960,57,1,2,7125,2,30,2,5,0,0,5,0,0,0,0,,,
1,1.1,5960,58,1,2,7125,3,30,2,5,0,0,5,0,0,0,2,,,
1,1.1,5960,61,2,2,7893,4,30,2,0,0,0,0,0,0,0,4,,,
1,1.2,5960,193,1,3,6173,3,30,2,8,0,0,5,0,0,1,1,3,3.2,4.3
1,1.2,5960,194,2,3,6173,4,30,2,5,0,0,5,0,0,0,2,3,0,0
1,1.2,5962,33,2,2,4275,3,30,2,1,2,0,5,0,0,0,2,3,0,0
1,1.1,5962,34,1,2,4275,4,30,2,5,0,0,5,0,0,0,2,,,
1,1.2,5965,39,1,2,531,2,30,2,5,0,0,5,0,0,0,1,3,997,0
1,1.2,5965,40,2,2,5367,3,30,2,5,0,0,5,0,0,0,1,3,998,98
1,1.2,5965,41,1,2,5367,4,30,2,5,0,0,5,0,0,0,3,3,0,0
1,1.2,5965,42,2,2,531,3,30,2,5,0,0,5,0,0,0,2,3,0,0
1,1.1,5965,48,1,2,2657,2,30,2,0,0,0,0,0,0,0,1,,,
1,1.1,5969,35,1,2,8200,3,30,2,0,0,0,0,0,0,0,1,,,
1,1.1,5969,36,2,2,8200,4,30,2,0,0,0,0,0,0,0,2,,,
1,1.2,5977,37,2,2,2675,3,30,2,1,2,5,5,0,5,1,1,3,0,0
1,1.1,5984,37,2,2,4198,2,30,2,5,0,5,5,0,0,0,1,,,
1,1.1,5984,38,2,2,4796,3,30,2,0,0,0,0,0,0,0,2,,,
1,1.1,5984,181,1,3,4796,2,30,2,1,4,5,5,0,0,0,2,,,
1,1.2,5987,193,1,3,1573,2,60,2,5,0,0,5,0,0,0,1,3,2.8,4
1,1.2,5990,38,1,2,2406,2,30,2,5,0,5,5,0,0,0,1,3,3,4
1,1.2,5990,39,1,2,1603,3,35,2,5,0,0,5,0,0,5,2,3,0,0
1,1.2,5990,40,2,2,1279,2,30,2,1,6,5,1,1,0,5,1,3,0,0
1,1.1,5990,42,1,2,3123,3,30,2,0,0,0,0,0,0,0,5,,,
1,1.1,5990,43,1,2,1603,4,30,2,0,0,0,0,0,0,0,5,,,
1,1.1,5990,44,2,2,3415,3,30,2,0,0,0,0,0,0,0,2,,,
1,1.1,5990,47,2,2,3575,2,30,2,0,0,0,0,0,0,0,0,,,
1,1.1,5990,183,2,3,5339,3,60,2,1,6,5,1,1,0,0,2,,,
1,1.1,5994,33,1,2,8935,2,30,2,1,1,0,5,0,0,0,1,,,
1,1.2,5995,45,1,2,1476,2,30,2,5,0,0,5,0,5,0,5,3,999,4.2
1,1.2,5995,46,1,2,1714,3,30,2,5,0,0,5,0,0,0,2,3,0,0
1,1.1,5995,47,2,2,6419,2,30,2,5,0,5,5,0,5,0,5,,,
1,1.1,5995,48,1,2,6419,3,30,2,5,0,5,5,0,5,0,0,,,
1,1.1,5995,49,2,2,6419,4,30,2,5,0,0,5,0,0,0,0,,,
1,1.1,5995,50,2,2,3281,3,30,2,5,0,0,1,1,5,0,3,,,
1,1.1,5995,51,1,2,1934,2,30,2,5,0,0,5,0,0,0,0,,,
1,1.1,5995,52,2,2,3281,4,30,2,0,0,0,0,0,0,0,0,,,
1,1.1,5995,53,2,2,1934,3,30,2,0,0,0,0,0,0,0,0,,,
1,1.1,5995,54,1,2,3281,5,30,2,0,0,0,0,0,0,0,0,,,
1,1.1,5995,55,2,2,1400,3,30,2,0,0,0,0,0,0,0,2,,,
1,1.1,5995,56,2,2,5204,2,30,2,0,0,0,0,0,0,0,2,,,
1,1.2,6009,34,2,2,8463,3,30,2,1,5,0,1,1,0,0,2,3,0,0
1,1.1,6009,35,2,2,3871,4,30,2,5,0,0,1,1,5,0,4,,,
1,1.2,6026,38,2,2,8305,2,30,2,1,3,0,5,0,5,0,1,3,3.3,4.1
1,1.1,6028,47,1,2,2924,2,30,2,1,3,0,5,0,0,0,2,,,
1,1.1,6028,48,2,2,2924,3,30,2,1,1,0,5,0,0,0,2,,,
1,1.1,6028,49,1,2,2924,4,30,2,1,3,0,5,0,0,0,2,,,
1,1.1,6028,50,2,2,2924,5,30,2,5,0,0,5,0,0,0,2,,,
1,1.2,6028,51,1,2,2299,3,30,2,1,1,0,1,1,0,0,1,3,0,0
1,1.2,6028,52,2,2,2299,4,30,2,1,3,0,5,0,0,0,1,3,0,0
1,1.2,6028,53,2,2,2360,2,30,2,5,0,0,5,0,0,0,2,3,0,0
1,1.1,6028,54,1,2,2924,6,30,2,0,0,0,0,0,0,0,1,,,
1,1.1,6028,55,1,2,3657,2,30,2,1,3,5,5,0,0,0,2,,,
1,1.1,6028,56,2,2,3657,3,30,2,1,1,0,1,1,0,0,2,,,
1,1.1,6028,57,1,2,2299,5,30,2,1,1,0,5,0,0,0,2,,,
1,1.1,6028,58,2,2,2347,2,30,2,5,0,0,5,0,5,0,1,,,
1,1.1,6028,59,2,2,2360,3,30,2,0,0,0,0,0,0,0,2,,,
1,1.1,6028,60,2,2,5113,3,30,2,0,0,0,0,0,0,0,2,,,
1,1.1,6028,61,1,2,3657,4,30,2,0,0,0,0,0,0,0,0,,,
1,1.1,6028,62,1,2,2347,3,30,2,0,0,0,0,0,0,0,1,,,
1,1.1,6028,65,2,2,5113,4,30,2,0,0,0,0,0,0,0,2,,,
1,1.1,6028,66,1,2,2360,4,30,2,0,0,0,0,0,0,0,1,,,
1,1.2,6028,187,2,3,8724,2,30,2,5,0,0,5,0,0,0,1,3,0,0
1,1.2,6030,39,1,2,8469,2,30,2,1,3,0,5,0,5,5,2,3,2.5,98
1,1.2,6030,40,2,2,8459,5,30,2,1,2,5,1,1,0,0,1,3,0,0
1,1.2,6030,41,1,2,7592,3,30,2,5,0,0,5,0,0,0,1,3,0,0
1,1.2,6030,42,2,2,8469,3,30,2,1,4,0,1,1,5,0,2,3,0,0
1,1.1,6030,43,2,2,7592,4,30,2,5,0,0,5,0,5,0,2,,,
1,1.1,6030,44,1,2,7592,5,30,2,5,0,5,5,0,0,0,2,,,
1,1.1,6030,45,2,2,7415,5,60,2,0,0,0,0,0,0,0,2,,,
1,1.1,6030,47,2,2,8908,6,30,2,0,0,0,0,0,0,0,5,,,
1,1.1,6040,38,1,2,714,2,30,2,0,0,0,0,0,0,0,4,,,
1,1.2,6041,41,1,2,2430,2,30,2,5,0,0,5,0,0,0,2,3,3.5,4
1,1.2,6051,40,1,2,64,2,70,2,1,5,5,5,0,5,0,1,3,2,4
1,1.2,6051,42,2,2,1119,2,30,2,5,0,0,5,0,0,0,5,3,0,0
1,1.1,6051,43,2,2,1119,3,30,2,5,0,0,5,0,0,0,1,,,
1,1.2,6051,44,2,2,8933,2,30,2,5,0,0,1,1,5,1,2,3,0,0
1,1.1,6051,45,2,2,1119,4,30,2,0,0,0,0,0,0,0,0,,,
1,1.1,6051,46,1,2,1119,5,30,2,0,0,0,0,0,0,0,0,,,
1,1.1,6051,47,2,2,1119,6,30,2,0,0,0,0,0,0,0,0,,,
1,1.2,6051,199,1,3,431,3,30,2,1,5,0,5,0,0,0,1,3,998,98
1,1.2,6053,38,1,2,2617,3,30,2,5,0,0,5,0,5,0,0,3,2.8,4
1,1.2,6054,34,1,2,1874,4,30,2,5,0,0,1,5,5,0,1,3,0,0
1,1.1,6064,42,2,2,8081,2,30,2,5,0,0,1,5,0,0,3,,,
1,1.2,6064,44,2,2,5245,2,30,2,5,0,5,1,1,0,1,2,3,0,0
1,1.1,6064,45,1,2,8081,3,30,2,5,0,5,5,0,0,0,3,,,
1,1.1,6064,49,1,2,8081,4,30,2,0,0,0,0,0,0,0,1,,,
1,1.1,6064,50,2,2,8189,6,30,2,0,0,0,0,0,0,0,1,,,
1,1.1,6064,51,2,2,8189,7,30,2,0,0,0,0,0,0,0,0,,,
1,1.1,6064,193,2,3,5080,2,30,2,1,6,0,1,1,0,1,1,,,
1,1.1,6064,194,1,3,5080,3,30,2,5,0,0,5,0,5,0,3,,,
1,1.1,6069,30,2,2,5761,2,30,2,0,0,0,0,0,0,0,1,,,
1,1.1,6069,31,1,2,5434,3,30,2,0,0,0,0,0,0,0,2,,,
1,1.2,6073,39,1,2,3906,3,30,2,1,3,0,1,1,5,0,2,3,4.3,5
1,1.1,6073,40,1,2,4019,2,30,2,5,0,0,5,0,0,0,2,,,
1,1.1,6073,41,2,2,4019,3,30,2,5,0,0,5,0,5,0,1,,,
1,1.1,6073,42,2,2,5296,2,30,2,0,0,0,0,0,0,0,3,,,
1,1.1,6086,32,1,2,6075,3,60,2,0,0,0,0,0,0,0,2,,,
1,1.1,6093,46,2,2,3457,5,30,2,5,0,0,1,1,5,0,1,,,
1,1.1,6093,50,2,2,3161,2,30,2,5,0,0,5,0,0,0,1,,,
1,1.1,6093,52,1,2,3457,6,30,2,5,0,5,5,0,0,0,1,,,
1,1.1,6093,53,1,2,3161,3,30,2,5,0,0,5,0,0,0,2,,,
1,1.1,6093,56,2,2,3457,7,30,2,0,0,0,0,0,0,0,1,,,
1,1.1,6093,57,2,2,3016,2,30,2,0,0,0,0,0,0,0,1,,,
1,1.2,6093,172,1,3,4627,2,30,2,5,0,5,5,0,0,0,2,3,0,0
1,1.1,6103,44,2,2,3498,4,35,2,1,1,0,5,0,5,5,2,,,
1,1.2,6103,45,2,2,738,2,30,2,1,1,5,5,0,0,0,5,3,0,0
1,1.1,6103,46,1,2,3498,5,30,2,1,4,0,5,0,5,0,4,,,
1,1.1,6103,48,2,2,3498,6,30,2,0,0,0,0,0,0,0,2,,,
1,1.1,6103,49,2,2,738,3,30,2,0,0,0,0,0,0,0,4,,,
1,1.2,6103,187,1,3,3498,3,35,2,1,6,0,1,1,0,0,2,3,0,0
1,1.1,6103,191,2,3,2939,2,30,2,5,0,0,5,0,0,0,0,,,
1,1.1,6103,196,2,3,1998,3,30,2,0,0,0,0,0,0,0,2,,,
1,1.2,6107,49,2,2,1096,3,30,2,5,0,0,5,0,0,0,2,3,998,1.32
1,1.2,6107,51,1,2,1096,4,30,2,5,0,0,5,0,0,0,5,3,0,0
1,1.2,6107,52,1,2,1096,5,30,2,5,0,0,5,0,0,0,2,3,0,0
1,1.2,6107,53,1,2,252,3,35,2,5,0,0,5,0,0,0,3,3,0,0
1,1.1,6107,54,2,2,252,4,35,2,5,0,5,5,0,0,0,4,,,
1,1.1,6107,55,1,2,66,2,30,2,0,0,0,0,0,0,0,2,,,
1,1.1,6107,56,1,2,66,4,70,2,0,0,0,0,0,0,0,1,,,
1,1.1,6107,57,1,2,2566,3,30,2,0,0,0,0,0,0,0,1,,,
1,1.1,6107,58,2,2,6085,6,30,2,0,0,0,0,0,0,0,1,,,
1,1.1,6107,59,2,2,290,3,30,2,0,0,0,0,0,0,0,1,,,
1,1.1,6107,61,1,2,2566,4,30,2,0,0,0,0,0,0,0,1,,,
1,1.2,6107,209,2,3,66,5,70,2,5,0,0,5,0,0,0,5,3,0,0
1,1.2,6110,48,2,2,671,4,30,2,5,0,0,5,0,0,0,2,3,998,3.5
1,1.2,6110,49,2,2,671,5,30,2,5,0,5,5,0,0,5,2,3,0,0
1,1.1,6110,50,1,2,3437,3,35,2,5,0,0,1,1,0,0,0,,,
1,1.1,6110,51,1,2,762,4,60,2,0,0,0,0,0,0,0,0,,,
1,1.2,6112,37,2,2,1731,4,30,2,1,6,0,1,5,0,5,2,3,3.2,9.8
1,1.2,6112,38,2,2,1731,5,30,2,1,5,0,5,0,0,5,3,3,0,0
1,1.2,6112,39,2,2,2092,5,30,2,5,0,5,5,0,0,0,1,3,2,3.9
1,1.1,6112,40,2,2,4563,3,30,2,5,0,0,1,1,0,0,1,,,
1,1.2,6112,41,1,2,2958,3,30,2,5,0,0,5,0,0,0,5,3,0,0
1,1.1,6112,42,2,2,4563,4,30,2,5,0,0,5,0,0,0,1,,,
1,1.1,6114,57,2,2,561,3,30,2,5,0,0,1,5,0,5,3,,,
1,1.1,6114,58,1,2,4411,3,30,2,5,0,0,1,1,0,0,1,,,
1,1.1,6114,61,1,2,8740,3,33,2,0,0,0,0,0,0,0,0,,,
1,1.1,6114,62,2,2,8740,4,30,2,0,0,0,0,0,0,0,0,,,
1,1.1,6114,64,2,2,561,4,30,2,0,0,0,0,0,0,0,0,,,
1,1.1,6114,218,2,3,4880,2,30,2,0,0,0,0,0,0,0,1,,,
1,1.1,6115,55,2,2,6492,3,30,2,5,0,0,5,0,0,0,1,,,
1,1.2,6115,56,2,2,6171,3,33,2,5,0,0,1,5,0,0,2,3,2.8,3.5
1,1.1,6115,58,1,2,4996,2,30,2,5,0,5,5,0,0,0,2,,,
1,1.2,6115,59,2,2,5293,2,30,2,1,4,0,1,1,0,0,1,3,0,0
1,1.1,6115,61,1,2,4996,3,30,2,0,0,0,0,0,0,0,2,,,
1,1.1,6115,63,2,2,6171,4,30,2,0,0,0,0,0,0,0,2,,,
1,1.1,6115,64,2,2,4996,4,30,2,0,0,0,0,0,0,0,2,,,
1,1.1,6115,66,2,2,5476,2,30,2,0,0,0,0,0,0,0,3,,,
1,1.1,6115,67,1,2,7665,3,30,2,0,0,0,0,0,0,0,0,,,
1,1.2,6115,200,1,3,5293,3,30,2,5,0,0,5,0,0,0,1,3,0,0
1,1.2,6120,35,2,2,2833,2,30,2,5,0,0,5,0,0,0,2,3,3.5,4
1,1.1,6120,36,2,2,3489,2,60,2,0,0,0,0,0,0,0,2,,,
1,1.2,6121,64,2,2,839,4,30,2,5,0,0,5,0,0,0,4,3,3,4
1,1.2,6121,65,1,2,5161,5,30,2,5,0,0,5,0,0,0,1,3,0,0
1,1.2,6121,66,1,2,5161,6,30,2,5,0,0,5,0,0,0,1,3,0,0
1,1.2,6121,67,1,2,839,5,30,2,5,0,0,5,0,0,0,1,3,0,0
1,1.2,6121,68,1,2,5161,7,30,2,5,0,0,5,0,0,0,1,3,0,0
1,1.1,6121,72,2,2,4946,2,30,2,0,0,0,0,0,0,0,1,,,
1,1.1,6121,73,1,2,4946,4,30,2,0,0,0,0,0,0,0,1,,,
1,1.1,6121,74,2,2,4946,3,30,2,0,0,0,0,0,0,0,1,,,
1,1.1,6121,75,2,2,6210,2,30,2,0,0,0,0,0,0,0,1,,,
1,1.1,6121,76,1,2,6210,3,30,2,0,0,0,0,0,0,0,1,,,
1,1.1,6121,77,1,2,8069,4,30,2,0,0,0,0,0,0,0,5,,,
1,1.1,6121,78,2,2,4946,5,30,2,0,0,0,0,0,0,0,1,,,
1,1.2,6121,205,1,3,8051,3,30,2,5,0,0,1,1,0,0,2,3,0,0
1,1.2,6121,212,1,3,3854,2,30,2,5,0,0,5,0,0,0,3,3,0,0
1,1.2,6121,223,1,3,3603,5,30,2,1,3,5,5,0,0,0,1,3,0,0
1,1.1,6121,224,2,3,3603,3,30,2,1,3,5,5,0,0,0,1,,,
1,1.1,6121,225,2,3,3603,4,30,2,1,2,5,5,0,0,0,3,,,
1,1.1,6121,235,2,3,8069,2,30,2,5,0,0,5,0,0,0,2,,,
1,1.1,6125,38,2,2,1310,2,30,2,1,2,0,1,1,0,0,2,,,
1,1.1,6125,39,1,2,1191,3,30,2,0,0,0,0,0,0,0,0,,,
1,1.2,6125,199,1,3,8452,5,30,2,5,0,0,5,0,0,0,3,3,0,0
1,1.2,6125,200,1,3,8452,6,30,2,5,0,0,5,0,0,0,4,3,0,0
1,1.2,6125,201,2,3,8452,7,30,2,5,0,0,5,0,0,0,1,3,0,0
1,1.2,6127,41,2,2,3941,2,30,2,5,0,0,5,0,0,0,2,3,3.2,4
1,1.1,6127,43,2,2,7515,5,30,2,5,0,0,5,0,0,0,0,,,
1,1.1,6127,44,1,2,3700,2,30,2,5,0,0,5,0,0,0,3,,,
1,1.1,6127,45,1,2,8004,2,30,2,1,6,0,5,0,0,0,1,,,
1,1.1,6127,46,2,2,3700,3,30,2,0,0,0,0,0,0,0,2,,,
1,1.1,6127,47,2,2,4362,5,30,2,0,0,0,0,0,0,0,2,,,
1,1.1,6127,186,2,3,7515,3,30,2,1,4,0,5,0,0,0,0,,,
1,1.1,6127,193,2,3,4362,4,30,2,1,2,0,5,0,5,0,1,,,
1,1.2,6129,38,2,2,5621,4,30,2,5,0,5,5,0,0,0,1,3,3.3,4.2
1,1.1,6150,37,1,2,8401,3,30,2,0,0,0,0,0,0,0,1,,,
1,1.1,6150,38,1,2,7794,4,30,2,0,0,0,0,0,0,0,0,,,
1,1.1,6150,189,1,3,7794,3,30,2,0,0,0,0,0,0,0,5,,,
1,1.1,6154,37,2,2,7281,3,30,2,0,0,0,0,0,0,0,2,,,
1,1.1,6157,32,1,2,2516,3,30,2,1,5,0,1,1,5,0,1,,,
1,1.2,6159,41,1,2,2472,2,30,2,1,1,0,5,0,5,0,3,3,2,3
1,1.2,6159,42,2,2,4986,3,33,2,5,0,0,5,0,0,0,0,3,3.8,4.2
1,1.2,6159,43,1,2,4986,4,30,2,5,0,0,5,0,0,0,4,3,0,0
1,1.2,6159,44,1,2,4986,5,30,2,5,0,0,5,0,0,0,2,3,0,0
1,1.2,6159,45,1,2,4986,6,30,2,5,0,0,5,0,0,0,1,3,0,0
1,1.2,6159,46,2,2,2472,3,30,2,1,1,0,1,5,0,0,1,3,0,0
1,1.2,6159,47,2,2,2472,4,30,2,1,6,0,1,1,0,0,1,3,0,0
1,1.2,6159,48,2,2,4986,7,30,2,5,0,0,5,0,0,0,0,3,0,0
1,1.2,6159,49,1,2,2472,5,30,2,1,5,5,5,0,5,0,2,3,0,0
1,1.1,6159,50,1,2,4248,3,30,2,5,0,0,5,0,0,0,2,,,
1,1.2,6159,51,2,2,4986,8,30,2,5,0,5,5,0,0,5,2,3,0,0
1,1.2,6159,52,1,2,2472,6,30,2,1,5,5,5,0,0,0,1,3,0,0
1,1.1,6159,53,2,2,2472,7,30,2,1,5,5,5,0,0,0,2,,,
1,1.1,6159,54,1,2,4248,4,30,2,5,0,0,5,0,0,0,1,,,
1,1.1,6159,55,1,2,4986,9,30,2,0,0,0,0,0,0,0,2,,,
1,1.1,6159,56,2,2,2472,8,30,2,0,0,0,0,0,0,0,1,,,
1,1.1,6159,57,1,2,4248,5,30,2,0,0,0,0,0,0,0,2,,,
1,1.1,6159,58,1,2,2472,9,30,2,0,0,0,0,0,0,0,2,,,
1,1.1,6159,60,2,2,2319,3,30,2,0,0,0,0,0,0,0,1,,,
1,1.1,6161,35,1,2,3704,2,30,2,0,0,0,0,0,0,0,1,,,
1,1.2,6165,38,1,2,4703,2,30,2,5,0,0,5,0,0,0,2,3,0,0
1,1.2,6165,39,1,2,3432,6,30,2,5,0,0,5,0,0,0,2,3,3.2,4.3
1,1.1,6165,40,1,2,4703,3,30,2,5,0,0,5,0,0,0,2,,,
1,1.1,6165,41,2,2,4703,4,30,2,5,0,0,5,0,0,0,2,,,
1,1.2,6166,64,2,2,5684,4,60,2,5,0,0,5,0,0,0,2,3,3.2,4
1,1.2,6166,65,1,2,4727,3,60,2,5,0,0,5,0,0,0,1,3,998,4
1,1.2,6166,66,2,2,6456,2,30,2,5,0,5,1,1,0,5,1,3,3,98
1,1.2,6166,67,1,2,5308,3,30,2,5,0,0,5,0,5,0,3,3,2.8,4
1,1.2,6166,68,1,2,5676,3,30,2,1,6,0,1,5,0,0,2,3,0,0
1,1.2,6166,69,2,2,5755,3,30,2,1,6,0,1,1,0,0,1,3,0,0
1,1.2,6166,71,2,2,5097,3,30,2,5,0,0,5,0,0,0,1,3,0,0
1,1.2,6166,72,1,2,7236,2,30,2,1,2,0,5,0,0,5,2,3,0,0
1,1.1,6166,75,1,2,9031,5,30,2,0,0,0,0,0,0,0,3,,,
1,1.2,6166,182,2,3,5676,2,30,2,5,0,0,5,0,0,0,1,3,997,98
1,1.2,6166,187,2,3,8801,3,30,2,5,0,0,1,5,0,5,1,3,0,0
1,1.1,6166,195,2,3,9031,3,30,2,1,3,5,1,5,0,0,2,,,
1,1.1,6166,196,1,3,9031,4,30,2,0,0,0,0,0,0,0,1,,,
1,1.2,6171,199,2,3,2693,3,30,2,1,2,5,5,0,5,5,1,3,3.2,3.4
1,1.2,6171,200,1,3,2693,4,30,2,1,3,0,1,1,5,5,2,3,998,98
1,1.2,6179,42,2,2,4883,5,30,2,1,6,0,5,0,5,5,5,3,997,98
1,1.1,6179,45,1,2,7014,4,30,2,0,0,0,0,0,0,0,4,,,
1,1.2,6187,42,1,2,3060,2,30,2,1,1,0,5,0,0,0,1,3,0,0
1,1.1,6187,43,1,2,3060,3,30,2,1,6,5,1,1,5,0,3,,,
1,1.1,6187,44,1,2,6859,3,30,2,5,0,0,5,0,0,0,5,,,
1,1.1,6187,46,2,2,6859,4,30,2,0,0,0,0,0,0,0,0,,,
1,1.1,6187,47,2,2,6784,4,30,2,0,0,0,0,0,0,0,2,,,
1,1.1,6187,183,1,3,6784,3,30,2,0,0,0,0,0,0,0,3,,,
1,1.2,6191,32,1,2,5160,3,30,2,5,0,5,5,0,0,0,1,3,2,4
1,1.2,6191,33,1,2,4888,3,30,2,5,0,5,5,0,0,0,1,3,2.4,4
1,1.2,6191,34,2,2,6090,3,30,2,1,3,5,1,1,5,5,3,3,0,0
1,1.1,6191,35,2,2,5524,3,30,2,1,2,0,5,0,0,0,2,,,
1,1.2,6191,36,2,2,4630,3,30,2,1,3,5,1,1,0,0,3,3,0,0
1,1.1,6191,37,1,2,4630,4,30,2,5,0,5,1,1,0,0,1,,,
1,1.1,6200,42,2,2,8386,2,30,2,1,4,0,1,1,5,1,1,,,
1,1.1,6200,43,1,2,8386,3,30,2,5,0,0,5,0,5,1,2,,,
1,1.1,6203,39,1,2,5141,2,30,2,5,0,5,5,0,0,0,1,,,
1,1.1,6203,40,1,2,5141,3,30,2,1,5,0,5,0,0,0,1,,,
1,1.1,6203,41,1,2,5002,2,30,2,5,0,0,5,0,0,0,0,,,
1,1.1,6203,44,2,2,5002,3,30,2,0,0,0,0,0,0,0,0,,,
1,1.1,6203,45,1,2,5002,4,30,2,0,0,0,0,0,0,0,0,,,
1,1.2,6205,43,2,2,3319,2,30,2,5,0,5,1,1,0,0,2,3,3.2,6.5
1,1.2,6205,45,2,2,5189,2,30,2,5,0,0,5,0,0,5,1,3,3.5,4
1,1.1,6205,46,1,2,3319,3,30,2,1,6,0,5,0,0,5,3,,,
1,1.1,6205,47,2,2,4619,2,30,2,5,0,0,1,5,5,0,1,,,
1,1.1,6205,48,1,2,5189,4,30,2,5,0,0,5,0,0,5,2,,,
1,1.1,6205,49,2,2,4619,3,30,2,5,0,0,1,5,5,0,2,,,
1,1.1,6205,51,1,2,3319,4,30,2,0,0,0,0,0,0,0,2,,,
1,1.1,6205,52,1,2,4009,6,60,2,0,0,0,0,0,0,0,2,,,
1,1.1,6205,53,1,2,5364,3,30,2,0,0,0,0,0,0,0,2,,,
1,1.1,6205,201,1,3,4009,4,30,2,5,0,0,5,0,0,0,1,,,
1,1.1,6210,41,1,2,4416,3,30,2,5,0,0,5,0,0,0,1,,,
1,1.2,6210,42,1,2,4416,4,30,2,5,0,0,5,0,5,0,1,3,2.8,4
1,1.2,6210,44,2,2,6604,2,30,2,5,0,0,1,1,0,0,1,3,0,0
1,1.1,6210,45,2,2,8348,2,30,2,5,0,0,5,0,0,0,1,,,
1,1.1,6210,46,1,2,8577,3,30,2,0,0,0,0,0,0,0,5,,,
1,1.1,6210,205,2,3,7562,3,30,2,5,0,0,5,0,0,1,2,,,
1,1.1,6210,206,1,3,7562,4,30,2,0,0,0,0,0,0,0,1,,,
1,1.2,6212,43,1,2,3564,5,30,2,5,0,0,5,0,0,0,1,3,0,0
1,1.1,6212,46,2,2,7810,2,30,2,0,0,0,0,0,0,0,4,,,
1,1.1,6212,47,2,2,3564,6,30,2,5,0,0,5,0,0,0,0,,,
1,1.1,6212,48,2,2,3441,4,30,2,0,0,0,0,0,0,0,0,,,
1,1.2,6212,179,2,3,3441,3,30,2,5,0,0,5,0,5,0,0,3,0,0
1,1.2,6212,185,2,3,6401,2,30,2,5,0,5,5,0,0,0,0,3,0,0
1,1.1,6212,186,1,3,3564,3,30,2,5,0,0,5,0,0,0,0,,,
1,1.1,6217,37,2,2,6465,2,30,2,5,0,5,5,0,0,0,3,,,
1,1.1,6217,184,1,3,3328,3,30,2,0,0,0,0,0,0,0,1,,,
1,1.1,6228,38,1,2,4486,3,30,2,0,0,0,0,0,0,0,1,,,
1,1.1,6228,39,2,2,4486,4,30,2,0,0,0,0,0,0,0,1,,,
1,1.2,6228,181,2,3,4330,3,30,2,5,0,0,5,0,0,5,1,3,2.6,4.5
1,1.1,6228,188,2,3,8017,5,30,2,1,2,5,1,5,0,0,2,,,
1,1.2,6229,35,1,2,4041,2,30,2,5,0,5,1,1,0,0,4,3,0,0
1,1.2,6231,43,1,2,7201,2,30,2,5,0,0,5,0,0,0,1,3,2.1,4
1,1.2,6231,45,1,2,6684,2,30,2,5,0,0,5,0,0,0,1,3,0,0
1,1.2,6231,46,1,2,8597,3,33,2,1,5,0,1,1,0,0,1,3,0,0
1,1.1,6231,47,2,2,8865,2,30,2,5,0,0,5,0,0,0,4,,,
1,1.1,6231,49,1,2,6684,3,30,2,5,0,0,5,0,0,0,2,,,
1,1.1,6231,50,2,2,9029,3,30,2,0,0,0,0,0,0,0,3,,,
1,1.1,6232,50,2,2,8523,2,30,2,5,0,0,5,0,0,0,0,,,
1,1.2,6232,51,1,2,6842,2,30,2,5,0,5,5,0,0,0,2,3,0,0
1,1.1,6232,53,2,2,8523,3,30,2,5,0,0,5,0,0,1,1,,,
1,1.2,6232,54,1,2,6842,3,30,2,5,0,5,5,0,0,0,1,3,0,0
1,1.1,6232,55,1,2,6341,3,30,2,5,0,0,5,0,0,5,1,,,
1,1.1,6232,56,2,2,8715,5,60,2,0,0,0,0,0,0,0,2,,,
1,1.1,6232,57,1,2,8590,3,30,2,0,0,0,0,0,0,0,3,,,
1,1.2,6232,198,1,3,6496,2,95,2,5,0,0,5,0,0,1,5,3,0,0
1,1.1,6232,201,2,3,6341,2,30,2,5,0,0,5,0,0,5,2,,,
1,1.1,6233,38,2,2,8886,2,30,2,5,0,0,5,0,0,0,1,,,
1,1.2,6233,39,1,2,7483,3,30,2,1,6,0,1,5,5,0,1,3,998,4
1,1.1,6233,41,2,2,8886,4,30,2,5,0,5,5,0,0,0,1,,,
1,1.2,6233,43,2,2,6307,4,30,2,1,2,0,5,0,0,0,1,3,0,0
1,1.2,6233,44,2,2,7483,4,30,2,5,0,0,1,5,0,0,1,3,0,0
1,1.2,6233,185,2,3,8284,3,30,2,5,0,0,5,0,0,0,1,3,998,98
1,1.1,6243,31,1,2,6729,3,30,2,0,0,0,0,0,0,0,2,,,
1,1.1,6243,32,1,2,6729,4,30,2,0,0,0,0,0,0,0,2,,,
1,1.2,6262,39,1,2,7400,4,30,2,5,0,5,5,0,5,5,2,3,2.87,4
1,1.1,6262,40,2,2,7400,5,30,2,5,0,5,1,1,5,5,2,,,
1,1.1,6262,41,1,2,7400,6,30,2,1,3,0,5,0,0,1,1,,,
1,1.2,6287,46,1,2,1700,2,30,2,5,0,5,5,0,5,0,0,3,2.7,3.7
1,1.2,6287,47,1,2,1894,4,35,2,5,0,0,1,1,0,0,1,3,2.8,4.6
1,1.2,6287,48,1,2,1700,3,30,2,5,0,5,5,0,0,0,5,3,0,0
1,1.1,6287,50,1,2,2972,4,33,2,5,0,0,5,0,0,0,5,,,
1,1.2,6287,51,1,2,1700,4,30,2,5,0,5,5,0,0,0,5,3,0,0
1,1.1,6287,52,1,2,8428,3,30,2,5,0,0,5,0,0,0,5,,,
1,1.1,6287,53,1,2,3158,2,30,2,0,0,0,0,0,0,0,0,,,
1,1.1,6316,184,1,3,8334,4,30,2,5,0,0,5,0,0,0,2,,,
1,1.1,6316,185,2,3,8334,3,30,2,0,0,0,0,0,0,0,2,,,
1,1.2,6335,39,2,2,3390,4,35,2,5,0,5,5,0,0,0,1,3,3.5,4
1,1.2,6335,40,2,2,3390,5,35,2,1,4,0,1,1,0,0,1,3,0,0
1,1.2,6335,42,1,2,2550,2,30,2,1,3,5,1,5,0,1,2,3,0,0
1,1.1,6335,43,2,2,5210,2,30,2,5,0,0,5,0,5,0,0,,,
1,1.1,6335,44,1,2,3390,6,30,2,5,0,5,5,0,0,0,1,,,
1,1.1,6335,45,1,2,3390,7,30,2,5,0,5,5,0,0,0,1,,,
1,1.1,6335,46,2,2,5210,3,30,2,0,0,0,0,0,0,0,0,,,
1,1.1,6335,178,2,3,497,4,60,2,5,0,0,5,0,0,0,2,,,
1,1.2,6357,36,1,2,8336,3,30,2,1,2,5,5,0,0,0,1,3,0,0
1,1.2,6357,38,1,2,8336,4,30,2,1,4,5,1,5,0,0,1,3,0,0
1,1.1,6358,44,1,2,7663,2,30,2,5,0,0,5,0,5,5,3,,,
1,1.2,6365,60,2,2,8891,3,35,2,5,0,0,5,0,0,5,2,3,0,0
1,1.2,6365,62,1,2,7193,2,30,2,5,0,0,5,0,0,0,1,3,0,0
1,1.1,6365,63,1,2,6184,3,30,2,5,0,0,5,0,0,0,3,,,
1,1.1,6365,64,2,2,5239,4,33,2,5,0,5,5,0,0,0,2,,,
1,1.1,6365,65,1,2,8891,4,35,2,5,0,0,5,0,0,5,1,,,
1,1.1,6365,66,1,2,8891,5,35,2,5,0,0,5,0,0,0,1,,,
1,1.1,6365,67,2,2,3935,4,60,2,0,0,0,0,0,0,0,2,,,
1,1.1,6365,68,2,2,6184,4,30,2,0,0,0,0,0,0,0,3,,,
1,1.1,6365,69,1,2,8351,6,30,2,5,0,5,5,0,0,0,3,,,
1,1.1,6365,70,2,2,8891,6,30,2,0,0,0,0,0,0,0,0,,,
1,1.1,6365,71,2,2,6184,5,30,2,0,0,0,0,0,0,0,0,,,
1,1.1,6365,192,1,3,4070,2,60,,,,,,,,,,3,0,0
1,1.1,6365,193,1,3,5239,3,33,2,5,0,0,5,0,0,0,1,,,
1,1.2,6365,198,2,3,8351,2,30,2,5,0,5,5,0,0,0,3,3,0,0
1,1.2,6365,199,1,3,8351,3,30,2,5,0,5,5,0,0,0,2,3,0,0
1,1.2,6365,200,1,3,8351,4,30,2,5,0,5,5,0,0,0,3,3,0,0
1,1.2,6365,201,2,3,8351,5,30,2,1,5,5,5,0,0,0,2,3,0,0
1,1.1,6365,207,2,3,5239,5,30,2,0,0,0,0,0,0,0,1,,,
1,1.1,6366,34,2,2,7023,4,30,2,0,0,0,0,0,0,0,2,,,
1,1.1,6366,35,1,2,7023,3,30,2,0,0,0,0,0,0,0,0,,,
1,1.1,6367,37,2,2,6445,3,30,2,1,3,0,1,1,0,0,1,,,
1,1.1,6367,38,2,2,6445,4,30,2,5,0,0,1,1,0,0,1,,,
1,1.1,6367,39,2,2,6445,5,30,2,5,0,0,1,5,0,0,1,,,
1,1.2,6368,36,2,2,6898,2,30,2,5,0,5,5,0,5,0,1,3,2.2,4
1,1.1,6368,37,2,2,6898,3,30,2,5,0,5,5,0,5,0,4,,,
1,1.1,6368,38,2,2,6516,3,60,2,0,0,0,0,0,0,0,4,,,
1,1.1,6368,39,1,2,5795,3,60,2,5,0,0,5,0,0,0,2,,,
1,1.1,6368,40,2,2,5795,4,95,2,0,0,0,0,0,0,0,0,,,
1,1.2,6370,43,2,2,6693,2,30,2,5,0,0,1,1,0,1,2,3,998,4
1,1.2,6370,44,1,2,5212,4,30,2,1,4,5,5,0,0,0,4,3,998,98
1,1.2,6370,45,1,2,5416,2,30,2,5,0,5,1,5,0,0,2,3,0,0
1,1.2,6370,46,2,2,5118,3,30,2,5,0,0,5,0,5,0,0,3,0,0
1,1.1,6370,47,1,2,5212,5,30,2,5,0,0,5,0,5,1,5,,,
1,1.1,6370,49,1,2,4829,2,30,2,0,0,0,0,0,0,0,1,,,
1,1.1,6370,50,2,2,5212,6,30,2,0,0,0,0,0,0,0,5,,,
1,1.2,6375,35,1,2,7188,4,33,2,5,0,0,5,0,0,0,2,3,0,0
1,1.2,6377,38,2,2,8683,2,30,2,5,0,5,1,5,0,0,1,3,0,0
1,1.2,6381,42,1,2,3931,2,30,2,5,0,5,5,0,0,5,1,3,2.1,4
1,1.2,6381,43,2,2,5119,3,33,2,1,2,0,1,1,0,5,0,3,0,0
1,1.1,6381,44,2,2,5831,3,30,2,5,0,0,5,0,0,0,4,,,
1,1.1,6381,45,2,2,4677,3,30,2,5,0,0,1,5,0,0,5,,,
1,1.1,6381,46,2,2,5831,4,30,2,0,0,0,0,0,0,0,3,,,
1,1.1,6381,47,1,2,5119,4,30,2,0,0,0,0,0,0,0,0,,,
1,1.1,6381,48,1,2,5119,5,30,2,0,0,0,0,0,0,0,0,,,
1,1.2,6381,190,1,3,3905,2,30,2,5,0,0,5,0,0,0,1,3,2.1,4.5
1,1.1,6396,32,2,2,8134,2,60,2,0,0,0,0,0,0,0,4,,,
1,1.1,6396,179,1,3,6002,4,60,2,0,0,0,0,0,0,0,0,,,
1,1.1,6396,180,2,3,6002,5,60,2,0,0,0,0,0,0,0,0,,,
1,1.1,6409,37,2,2,3722,2,30,2,1,1,0,5,0,0,0,2,,,
1,1.1,6411,35,1,2,4853,3,30,2,5,0,5,1,1,0,0,1,,,
1,1.1,6411,36,2,2,4853,4,30,2,0,0,0,0,0,0,0,2,,,
1,1.2,6414,32,2,2,7892,3,30,2,5,0,5,5,0,0,0,1,3,0,0
1,1.2,6418,37,1,2,4301,2,30,2,1,2,0,5,0,5,0,1,3,0,0
1,1.1,6418,38,1,2,4301,3,30,2,5,0,0,5,0,0,0,2,,,
1,1.1,6431,35,1,2,7889,3,30,2,0,0,0,0,0,0,0,2,,,
1,1.2,6434,31,1,2,6311,3,30,2,5,0,5,5,0,0,0,1,3,3.4,4
1,1.2,6434,32,2,2,6311,4,30,2,5,0,5,1,5,0,0,2,3,3.5,5
1,1.2,6436,50,1,2,6448,3,30,2,5,0,0,5,0,0,0,2,3,2.5,4
1,1.2,6436,51,2,2,6448,4,30,2,1,1,0,5,0,0,0,2,3,0,0
1,1.2,6436,53,1,2,5826,4,30,2,5,0,0,5,0,0,0,2,3,0,0
1,1.1,6436,54,2,2,6448,5,30,2,1,5,0,5,0,0,0,2,,,
1,1.1,6436,55,2,2,5826,5,30,2,5,0,0,5,0,5,0,2,,,
1,1.1,6436,56,1,2,5826,6,60,2,0,0,0,0,0,0,0,1,,,
1,1.1,6438,33,2,2,8257,2,30,2,1,6,0,1,1,0,0,2,,,
1,1.1,6438,34,2,2,995,2,30,2,0,0,0,0,0,0,0,4,,,
1,1.2,6438,177,1,3,3197,4,30,2,1,5,0,1,1,0,0,4,3,0,0
1,1.2,6472,31,2,2,4735,2,30,2,5,0,0,1,1,0,0,5,3,0,0
1,1.1,6472,32,2,2,4735,3,30,2,5,0,0,5,0,0,0,5,,,
1,1.1,6472,33,1,2,4735,4,30,2,0,0,0,0,0,0,0,5,,,
1,1.2,6475,44,1,2,4179,3,30,2,5,0,0,1,5,0,0,1,3,998,4
1,1.2,6475,45,2,2,8084,2,30,2,5,0,0,1,5,0,5,2,3,998,4
1,1.2,6475,46,2,2,8084,3,30,2,5,0,0,5,0,0,5,2,3,998,4
1,1.2,6475,47,1,2,2961,2,30,2,5,0,5,5,0,0,0,2,3,0,0
1,1.2,6475,48,1,2,4179,2,30,2,5,0,0,5,0,0,0,1,3,0,0
1,1.1,6475,49,1,2,2365,2,30,2,5,0,0,5,0,0,0,0,,,
1,1.1,6475,50,2,2,2365,3,30,2,5,0,0,5,0,0,0,0,,,
1,1.2,6475,51,2,2,6076,3,30,2,5,0,5,1,5,0,0,1,3,0,0
1,1.1,6475,52,2,2,1482,2,30,2,5,0,0,5,0,5,0,2,,,
1,1.1,6475,53,2,2,1499,2,30,2,1,4,0,5,0,0,0,0,,,
1,1.1,6475,54,1,2,3729,3,60,2,0,0,0,0,0,0,0,0,,,
1,1.1,6475,55,1,2,2403,4,60,2,0,0,0,0,0,0,0,0,,,
1,1.1,6475,56,1,2,4179,4,30,2,0,0,0,0,0,0,0,0,,,
1,1.1,6475,212,1,3,2403,3,60,2,0,0,0,0,0,0,0,0,,,
1,1.1,6478,55,2,2,4166,3,30,2,1,3,0,1,5,0,0,4,,,
1,1.1,6478,56,1,2,4958,3,33,2,0,0,0,0,0,0,0,4,,,
1,1.1,6478,57,2,2,4332,3,30,2,0,0,0,0,0,0,0,1,,,
1,1.1,6484,48,2,2,3185,3,60,2,5,0,5,5,0,5,0,2,,,
1,1.1,6484,49,1,2,8542,2,30,2,0,0,0,0,0,0,0,1,,,
1,1.1,6484,51,2,2,8542,3,30,2,0,0,0,0,0,0,0,0,,,
1,1.2,6485,43,2,2,4199,3,33,2,5,0,0,5,0,0,5,4,3,4.3,5
1,1.2,6485,45,2,2,4359,3,30,2,5,0,0,5,0,0,0,2,3,0,0
1,1.2,6485,46,1,2,4199,4,30,2,5,0,0,5,0,5,0,1,3,0,0
1,1.2,6485,47,1,2,7338,2,30,2,1,3,0,5,0,0,0,2,3,0,0
1,1.1,6485,48,2,2,7338,3,30,2,5,0,0,5,0,0,5,2,,,
1,1.1,6485,49,2,2,8790,3,30,2,0,0,0,0,0,0,0,0,,,
1,1.1,6485,50,2,2,7338,4,30,2,0,0,0,0,0,0,0,2,,,
1,1.1,6485,51,2,2,7338,5,30,2,0,0,0,0,0,0,0,2,,,
1,1.2,6485,192,2,3,7876,2,30,2,5,0,0,5,0,5,0,2,3,0,0
1,1.1,6489,30,2,2,7901,3,30,2,1,3,0,5,0,5,0,3,,,
1,1.1,6495,171,1,3,6574,5,33,2,1,5,5,5,0,0,0,1,,,
1,1.1,6499,40,1,2,8928,3,30,2,1,2,5,1,5,0,0,2,,,
1,1.2,6509,31,1,2,2609,3,30,2,1,5,0,1,1,0,5,5,3,0,0
1,1.2,6509,32,2,2,2609,4,30,2,1,1,5,5,0,0,5,4,3,0,0
1,1.2,6509,33,2,2,2609,5,30,2,1,5,0,1,1,0,5,4,3,0,0
1,1.1,6519,41,2,2,5152,3,30,2,0,0,0,0,0,0,0,1,,,
1,1.2,6522,33,2,2,1146,4,35,2,1,1,0,5,0,0,0,0,3,0,0
1,1.1,6522,34,1,2,1146,7,97,2,0,0,0,0,0,0,0,2,,,
1,1.1,6537,41,2,2,2640,4,30,2,1,5,0,1,1,0,5,1,,,
1,1.1,6537,42,1,2,2640,5,30,2,1,5,5,1,1,0,1,1,,,
1,1.1,6537,43,2,2,1447,2,30,2,5,0,0,5,0,0,0,1,,,
1,1.1,6537,44,1,2,1447,3,30,2,0,0,0,0,0,0,0,1,,,
1,1.2,6539,30,1,2,5039,3,30,2,5,0,5,5,0,0,0,1,3,3.2,4
1,1.1,6539,31,2,2,5039,4,60,2,0,0,0,0,0,0,0,4,,,
1,1.1,6539,32,2,2,5039,5,60,2,0,0,0,0,0,0,0,4,,,
1,1.2,6541,32,2,2,4287,2,30,2,5,0,0,5,0,0,0,1,3,4,5
1,1.2,6541,33,1,2,5269,4,30,2,1,2,0,5,0,0,0,1,3,3,4
1,1.2,6541,34,2,2,4287,3,30,2,5,0,0,1,5,5,0,1,3,0,0
1,1.2,6545,43,1,2,4113,3,35,2,5,0,0,5,0,0,0,2,3,0,0
1,1.1,6545,45,1,2,8744,3,30,2,1,1,0,5,0,0,5,2,,,
1,1.1,6545,46,2,2,4017,2,30,2,0,0,0,0,0,0,0,2,,,
1,1.1,6545,47,1,2,8220,2,30,2,0,0,0,0,0,0,0,0,,,
1,1.1,6545,48,2,2,3916,3,30,2,0,0,0,0,0,0,0,0,,,
1,1.2,6545,186,1,3,4259,3,35,2,5,0,0,5,0,0,0,0,3,998,98
1,1.2,6546,38,1,2,5188,4,30,2,1,2,0,1,1,0,0,2,3,3.4,4
1,1.1,6546,39,1,2,8977,4,60,2,0,0,0,0,0,0,0,0,,,
1,1.2,6547,33,2,2,6753,2,30,2,5,0,5,1,1,0,0,1,3,998,98
1,1.1,6547,34,2,2,6753,3,30,2,5,0,5,1,5,5,0,2,,,
1,1.1,6549,32,1,2,2761,3,30,2,5,0,0,5,0,0,0,5,,,
1,1.1,6549,33,1,2,2761,4,30,2,0,0,0,0,0,0,0,5,,,
1,1.1,6560,34,2,2,8217,2,30,2,5,0,0,1,1,5,5,2,,,
1,1.1,6560,35,2,2,8217,3,30,2,5,0,0,5,0,5,5,2,,,
1,1.1,6560,36,2,2,8217,4,30,2,0,0,0,0,0,0,0,2,,,
1,1.2,6571,39,1,2,1754,3,30,2,5,0,0,5,0,0,0,2,3,2.5,4
1,1.2,6571,40,2,2,1754,4,30,2,5,0,0,5,0,0,0,2,3,2.5,4
1,1.2,6571,41,2,2,931,5,30,2,5,0,5,5,0,0,5,2,3,3.7,4
1,1.2,6571,42,1,2,665,3,30,2,1,3,0,1,1,0,5,3,3,0,0
1,1.1,6575,33,1,2,3532,3,30,2,5,0,0,5,0,0,0,3,,,
1,1.1,6575,34,2,2,3532,4,30,2,5,0,0,1,5,0,0,2,,,
1,1.1,6575,35,1,2,8719,2,30,2,0,0,0,0,0,0,0,2,,,
1,1.2,6577,42,2,2,6185,2,30,2,1,1,0,5,0,0,5,1,3,998,98
1,1.2,6577,43,1,2,6548,4,30,2,5,0,5,5,0,5,1,2,3,997,4
1,1.2,6577,44,1,2,6185,3,30,2,1,6,0,1,1,0,0,1,3,0,0
1,1.2,6577,45,2,2,6548,5,30,2,5,0,0,1,1,1,1,2,3,0,0
1,1.1,6577,46,2,2,6679,3,30,2,5,0,0,5,0,5,0,3,,,
1,1.1,6577,47,2,2,6679,4,30,2,0,0,0,0,0,0,0,2,,,
1,1.1,6577,48,1,2,6185,4,60,2,0,0,0,0,0,0,0,0,,,
1,1.2,6582,35,1,2,5581,3,30,2,5,0,5,5,0,0,5,0,3,0,0
1,1.2,6582,36,1,2,5581,4,30,2,5,0,5,5,0,0,5,0,3,0,0
1,1.1,6582,39,2,2,2731,2,30,2,0,0,0,0,0,0,0,0,,,
1,1.1,6582,40,1,2,8713,3,30,2,0,0,0,0,0,0,0,5,,,
1,1.2,6583,53,1,2,3949,2,30,2,5,0,0,5,0,0,5,0,3,3.5,4
1,1.1,6583,54,1,2,8013,4,30,,,,,,,,,,3,3,4.5
1,1.1,6583,59,1,2,7587,5,30,2,5,0,0,5,0,0,5,0,,,
1,1.2,6583,60,2,2,3646,2,30,2,5,0,0,5,0,0,0,0,3,0,0
1,1.2,6583,61,2,2,8915,3,30,2,5,0,0,5,0,0,5,5,3,0,0
1,1.2,6583,63,2,2,3949,3,30,2,5,0,0,5,0,0,5,0,3,3.5,3.7
1,1.1,6583,64,1,2,7587,3,30,2,5,0,0,5,0,0,5,0,,,
1,1.2,6583,65,2,2,3646,3,30,2,5,0,0,5,0,0,0,0,3,0,0
1,1.2,6583,66,1,2,3949,4,30,2,5,0,0,5,0,0,5,0,3,3.5,4
1,1.1,6583,67,2,2,4520,2,30,2,5,0,0,5,0,0,0,0,,,
1,1.2,6583,69,1,2,3949,5,30,2,5,0,0,5,0,0,5,0,3,0,0
1,1.2,6583,70,2,2,3949,6,30,2,5,0,0,5,0,0,5,0,3,0,0
1,1.1,6583,71,2,2,4520,3,30,2,5,0,0,5,0,0,0,0,,,
1,1.1,6583,72,2,2,7853,3,33,2,1,6,0,1,1,5,5,0,,,
1,1.1,6583,73,1,2,3613,2,30,2,0,0,0,0,0,0,0,2,,,
1,1.1,6583,74,2,2,7935,3,30,2,1,1,0,5,0,0,5,3,,,
1,1.1,6583,75,2,2,3949,7,30,2,0,0,0,0,0,0,0,5,,,
1,1.1,6583,76,2,2,8717,4,30,2,0,0,0,0,0,0,0,5,,,
1,1.1,6583,77,2,2,3646,4,30,2,0,0,0,0,0,0,0,0,,,
1,1.1,6583,78,2,2,4520,4,30,2,0,0,0,0,0,0,0,0,,,
1,1.1,6583,79,2,2,7935,4,30,2,0,0,0,0,0,0,0,2,,,
1,1.1,6583,80,2,2,8717,5,30,2,0,0,0,0,0,0,0,0,,,
1,1.2,6583,229,2,3,3788,2,30,2,5,0,0,1,5,0,1,5,3,0,0
1,1.1,6583,231,2,3,8717,3,30,2,5,0,0,5,0,0,0,4,,,
1,1.1,6588,178,2,3,8543,4,70,2,5,0,0,5,0,0,0,2,,,
1,1.2,6588,179,1,3,8543,5,70,2,5,0,0,5,0,0,0,2,3,0,0
1,1.1,6588,180,1,3,8543,6,70,2,5,0,0,5,0,0,0,2,,,
1,1.2,6589,36,2,2,7585,4,33,2,5,0,0,5,0,0,0,5,3,0,0
1,1.1,6589,37,2,2,6289,3,33,2,5,0,0,1,5,0,0,3,,,
1,1.2,6589,38,1,2,644,2,30,2,5,0,0,1,1,5,1,5,3,0,0
1,1.1,6589,40,2,2,6289,4,33,2,5,0,5,1,5,0,0,4,,,
1,1.2,6589,184,1,3,7585,3,33,2,5,0,0,5,0,0,0,2,3,3.1,4
1,1.2,6590,48,1,2,3370,3,30,2,5,0,0,5,0,0,0,1,3,998,3.8
1,1.2,6590,49,1,2,3052,3,30,2,5,0,0,5,0,0,0,5,3,997,98
1,1.2,6590,50,2,2,4542,3,60,2,1,6,0,1,1,5,0,1,3,0,0
1,1.2,6590,51,2,2,4542,4,60,2,1,6,0,1,1,5,0,2,3,0,0
1,1.1,6590,52,1,2,3370,4,30,2,5,0,5,5,0,0,0,0,,,
1,1.2,6590,53,2,2,3052,4,30,2,5,0,0,5,0,0,0,4,3,0,0
1,1.1,6590,54,2,2,3052,5,30,2,5,0,0,5,0,0,5,5,,,
1,1.1,6590,55,2,2,3052,6,30,2,0,0,0,0,0,0,0,0,,,
1,1.1,6590,56,2,2,3052,7,60,2,0,0,0,0,0,0,0,0,,,
1,1.2,6591,40,1,2,5747,3,33,2,5,0,0,1,5,0,0,4,3,2.5,4
1,1.1,6591,41,1,2,5012,3,30,2,1,3,5,5,0,0,5,2,,,
1,1.2,6591,43,1,2,5747,4,33,2,1,3,0,5,0,0,0,5,3,0,0
1,1.1,6591,46,2,2,8667,2,30,2,0,0,0,0,0,0,0,2,,,
1,1.1,6591,47,2,2,5135,4,30,2,0,0,0,0,0,0,0,3,,,
1,1.1,6591,185,2,3,6127,2,30,2,5,0,5,5,0,0,5,5,,,
1,1.1,6591,190,1,3,5135,3,30,2,5,0,0,5,0,0,0,5,,,
1,1.2,6602,44,1,2,3149,2,30,2,1,2,0,5,0,0,0,2,3,0,0
1,1.1,6602,47,1,2,3149,3,30,2,1,2,0,5,0,0,0,2,,,
1,1.1,6602,48,1,2,4322,2,30,2,0,0,0,0,0,0,0,5,,,
1,1.1,6602,49,2,2,4322,3,30,2,0,0,0,0,0,0,0,5,,,
1,1.1,6602,50,2,2,4322,4,30,2,0,0,0,0,0,0,0,5,,,
1,1.1,6605,41,2,2,3705,2,30,2,5,0,5,1,5,0,0,1,,,
1,1.1,6605,42,2,2,3705,3,30,2,5,0,5,1,5,0,0,1,,,
1,1.1,6605,43,1,2,7182,4,30,2,1,6,5,1,1,0,0,1,,,
1,1.1,6605,44,2,2,7182,5,30,2,5,0,0,5,0,0,0,0,,,
1,1.1,6605,45,2,2,3705,4,30,2,1,3,5,1,5,5,0,1,,,
1,1.1,6605,46,1,2,7182,6,30,2,0,0,0,0,0,0,0,1,,,
1,1.1,6607,31,1,2,1263,4,30,2,0,0,0,0,0,0,0,3,,,
1,1.2,6615,38,1,2,8984,3,30,2,5,0,5,5,0,5,5,1,3,3.5,4.5
1,1.1,6615,40,2,2,5250,6,30,2,1,1,0,1,5,0,0,3,,,
1,1.1,6615,41,1,2,5250,5,30,2,1,1,0,5,0,0,0,1,,,
1,1.1,6615,42,2,2,5250,7,30,2,0,0,0,0,0,0,0,1,,,
1,1.1,6615,43,1,2,5250,8,30,2,0,0,0,0,0,0,0,1,,,
1,1.1,6615,178,2,3,5250,4,30,2,1,1,0,1,5,0,0,3,,,
1,1.1,6616,37,2,2,5267,2,30,2,1,6,0,1,5,0,0,0,,,
1,1.2,6616,38,2,2,7838,3,30,2,5,0,0,5,0,0,0,2,3,3.8,4
1,1.1,6616,40,1,2,5057,2,30,2,5,0,0,5,0,0,0,5,,,
1,1.2,6616,41,2,2,8108,3,30,2,1,2,5,5,0,5,0,4,3,0,0
1,1.1,6616,42,2,2,6269,3,60,2,0,0,0,0,0,0,0,1,,,
1,1.1,6616,43,1,2,5523,3,30,2,0,0,0,0,0,0,0,0,,,
1,1.1,6616,44,2,2,8108,4,30,2,0,0,0,0,0,0,0,0,,,
1,1.1,6616,45,1,2,7172,3,30,2,0,0,0,0,0,0,0,0,,,
1,1.1,6616,203,2,3,5409,2,30,2,1,3,0,5,0,0,0,3,,,
1,1.1,6616,207,2,3,5430,3,30,2,0,0,0,0,0,0,0,0,,,
1,1.1,6624,35,2,2,4971,3,33,2,1,3,0,5,0,0,0,1,,,
1,1.1,6624,37,1,2,4971,4,33,2,1,4,0,5,0,5,0,4,,,
1,1.2,6633,38,1,2,3553,2,30,2,1,5,5,1,1,0,0,1,3,0,0
1,1.2,6635,55,2,2,4167,4,33,2,1,2,5,5,0,0,0,1,3,998,98
1,1.2,6635,56,2,2,3096,3,30,2,5,0,0,1,1,0,0,2,3,2.7,3.9
1,1.2,6635,57,1,2,2449,2,60,2,5,0,0,5,0,0,0,0,3,997,4
1,1.2,6635,60,1,2,8621,2,30,2,5,0,8,5,0,0,0,0,3,0,0
1,1.2,6635,61,1,2,4803,3,60,2,1,5,5,1,5,5,0,3,3,0,0
1,1.1,6635,64,1,2,4167,5,30,2,0,0,0,0,0,0,0,2,,,
1,1.1,6635,65,2,2,3096,4,60,2,0,0,0,0,0,0,0,1,,,
1,1.1,6635,66,1,2,8185,2,30,2,0,0,0,0,0,0,0,0,,,
1,1.1,6635,67,2,2,8621,5,30,2,0,0,0,0,0,0,0,0,,,
1,1.1,6635,195,2,3,8621,4,30,2,0,0,0,0,0,0,0,0,,,
1,1.2,6639,41,1,2,3858,3,30,2,5,0,0,5,0,0,0,1,3,0,0
1,1.2,6639,42,2,2,3858,4,30,2,5,0,0,1,5,0,0,1,3,0,0
1,1.2,6639,43,2,2,3858,5,30,2,5,0,0,1,5,0,0,1,3,0,0
1,1.2,6639,44,1,2,3858,6,30,2,5,0,0,1,5,0,0,1,3,0,0
1,1.2,6639,186,2,3,459,4,30,2,1,3,5,1,5,0,0,1,3,0,0
1,1.1,6639,187,2,3,2043,4,60,2,0,0,0,0,0,0,0,2,,,
1,1.2,6646,41,1,2,8939,3,30,2,5,0,0,5,0,0,0,2,3,2.1,3
1,1.2,6646,42,1,2,7192,3,60,2,5,0,0,5,0,0,0,2,3,2.5,4.6
1,1.2,6646,43,2,2,9075,2,30,2,1,1,0,1,1,0,0,5,3,0,0
1,1.2,6646,44,2,2,9075,3,30,2,1,5,5,1,1,0,0,2,3,0,0
1,1.1,6646,45,2,2,8939,4,30,2,1,3,0,5,0,0,0,2,,,
1,1.1,6646,46,1,2,7086,3,35,2,5,0,5,5,0,0,0,0,,,
1,1.1,6646,47,2,2,9015,2,30,2,0,0,0,0,0,0,0,1,,,
1,1.2,6655,43,1,2,4547,3,30,2,5,0,5,5,0,0,0,1,3,998,98
1,1.2,6655,45,2,2,1709,3,30,2,5,0,5,1,1,5,0,1,3,0,0
1,1.1,6655,46,2,2,7289,4,30,2,5,0,0,5,0,0,0,2,,,
1,1.1,6655,47,2,2,783,3,30,2,5,0,0,5,0,0,0,2,,,
1,1.1,6655,48,2,2,1709,4,30,2,5,0,0,1,1,0,0,2,,,
1,1.2,6674,35,2,2,4213,2,30,2,1,4,5,1,5,5,5,3,3,0,0
1,1.2,6674,36,2,2,4213,3,30,2,1,4,0,1,5,5,5,4,3,0,0
1,1.1,6674,37,2,2,4213,4,30,2,0,0,0,0,0,0,0,3,,,
1,1.2,6682,35,1,2,3771,3,30,2,5,0,0,5,0,0,0,1,3,998,98
1,1.2,6682,36,1,2,3771,4,30,2,5,0,0,5,0,0,0,2,3,998,98
1,1.1,6682,37,1,2,3771,5,30,2,5,0,0,5,0,5,0,5,,,
1,1.2,6682,38,1,2,2291,5,30,2,5,0,5,5,0,0,1,5,3,0,0
1,1.1,6682,39,2,2,3771,6,30,2,5,0,0,5,0,5,0,4,,,
1,1.1,6682,40,1,2,2291,6,30,2,5,0,0,5,0,0,1,5,,,
1,1.2,6682,178,1,3,2291,3,30,2,1,6,0,1,1,0,1,5,3,0,0
1,1.2,6682,179,2,3,2291,4,30,2,5,0,5,1,5,5,1,3,3,0,0
1,1.2,6684,44,2,2,3306,3,60,2,5,0,5,1,1,0,0,2,3,0,0
1,1.1,6684,45,1,2,8632,4,33,2,5,0,5,5,0,0,5,1,,,
1,1.1,6684,48,2,2,8632,3,30,2,0,0,0,0,0,0,0,1,,,
1,1.2,6706,39,1,2,6357,4,30,2,5,0,0,1,1,0,0,0,3,0,0
1,1.2,6706,40,2,2,6357,5,30,2,5,0,0,1,1,0,0,0,3,0,0
1,1.1,6706,41,1,2,4149,3,30,2,0,0,0,0,0,0,0,2,,,
1,1.1,6706,42,1,2,4149,4,30,2,0,0,0,0,0,0,0,2,,,
1,1.2,6721,36,1,2,8576,4,40,2,1,2,5,1,1,5,0,2,3,998,98
1,1.1,6722,32,2,2,4023,2,30,2,0,0,0,0,0,0,0,2,,,
1,1.2,6724,42,2,2,6960,2,30,2,1,3,0,5,0,5,5,1,3,3.5,4
1,1.2,6724,44,1,2,6960,3,30,2,5,0,5,5,0,0,5,1,3,0,0
1,1.1,6724,47,1,2,4634,3,60,2,0,0,0,0,0,0,0,0,,,
1,1.1,6724,48,2,2,7719,3,30,2,0,0,0,0,0,0,0,1,,,
1,1.2,6735,47,2,2,278,2,30,2,5,0,0,5,0,0,5,5,3,2.3,3
1,1.1,6735,48,2,2,677,4,30,2,5,0,5,5,0,0,0,1,,,
1,1.2,6735,49,2,2,278,3,30,2,5,0,0,5,0,0,0,1,3,998,98
1,1.1,6735,50,2,2,404,2,30,2,5,0,0,1,5,0,0,4,,,
1,1.1,6735,52,1,2,492,3,30,2,1,5,0,1,1,0,0,2,,,
1,1.1,6735,53,2,2,404,3,30,2,5,0,0,5,0,0,0,5,,,
1,1.1,6735,54,2,2,6003,3,30,2,5,0,0,5,0,0,0,5,,,
1,1.1,6735,55,1,2,6003,4,30,2,5,0,0,5,0,0,0,0,,,
1,1.1,6735,56,1,2,1215,3,30,2,5,0,5,5,0,0,0,3,,,
1,1.1,6735,57,1,2,492,4,30,2,0,0,0,0,0,0,0,2,,,
1,1.1,6735,58,1,2,404,4,30,2,0,0,0,0,0,0,0,0,,,
1,1.1,6735,59,2,2,6003,5,30,2,0,0,0,0,0,0,0,0,,,
1,1.1,6735,60,2,2,1215,4,30,2,0,0,0,0,0,0,0,2,,,
1,1.1,6735,61,1,2,1215,5,30,2,0,0,0,0,0,0,0,3,,,
1,1.1,6735,62,2,2,332,4,60,2,0,0,0,0,0,0,0,2,,,
1,1.1,6735,193,2,3,5851,3,30,2,1,4,0,5,0,0,0,5,,,
1,1.1,6735,194,1,3,5851,4,30,2,1,5,0,5,0,0,0,5,,,
1,1.1,6736,41,2,2,7607,3,30,2,5,0,0,5,0,0,0,3,,,
1,1.1,6738,38,1,2,3824,4,30,2,0,0,0,0,0,0,0,0,,,
1,1.1,6738,40,1,2,3824,7,95,2,0,0,0,0,0,0,0,0,,,
1,1.1,6738,189,1,3,3824,3,30,2,5,0,0,5,0,0,0,0,,,
1,1.1,6740,37,2,2,1886,3,30,2,0,0,0,0,0,0,0,2,,,
1,1.1,6740,38,2,2,3762,3,30,2,0,0,0,0,0,0,0,5,,,
1,1.1,6750,39,1,2,5321,3,30,2,0,0,0,0,0,0,0,2,,,
1,1.2,6765,38,1,2,5571,4,30,2,5,0,0,1,1,5,0,1,3,3.8,4
1,1.2,6765,39,1,2,3214,4,30,2,1,1,5,5,0,0,0,4,3,0,0
1,1.1,6765,40,2,2,6025,2,30,2,0,0,0,0,0,0,0,4,,,
1,1.1,6765,41,1,2,7211,2,30,2,0,0,0,0,0,0,0,1,,,
1,1.2,6772,32,2,2,3229,3,33,2,5,0,0,1,5,0,5,1,3,0,0
1,1.2,6779,49,1,2,3170,7,30,2,5,0,0,5,0,0,0,5,3,2.45,4
1,1.1,6779,53,2,2,2794,3,30,2,5,0,5,5,0,0,0,5,,,
1,1.1,6779,55,1,2,2794,2,30,2,0,0,0,0,0,0,0,5,,,
1,1.2,6779,218,2,3,2794,4,30,2,1,5,0,1,1,0,0,2,3,0,0
1,1.2,6785,39,2,2,6129,3,60,2,5,0,0,5,0,0,0,1,3,0,0
1,1.2,6785,40,2,2,6998,2,30,2,1,2,0,5,0,5,0,1,3,0,0
1,1.1,6785,41,2,2,6998,3,30,2,1,1,0,5,0,5,0,1,,,
1,1.1,6785,42,1,2,6251,4,30,2,1,5,0,1,1,0,0,2,,,
1,1.1,6785,43,2,2,6129,4,60,2,1,6,5,1,1,0,0,0,,,
1,1.1,6785,44,1,2,6129,5,60,2,1,6,5,1,5,0,0,0,,,
1,1.1,6785,45,1,2,8302,2,30,2,1,3,0,1,5,0,0,1,,,
1,1.1,6785,47,2,2,6433,3,30,2,0,0,0,0,0,0,0,2,,,
1,1.1,6785,48,1,2,6251,5,30,2,5,0,5,1,1,0,0,2,,,
1,1.1,6785,49,1,2,6433,4,30,2,0,0,0,0,0,0,0,2,,,
1,1.1,6785,50,2,2,6251,6,30,2,0,0,0,0,0,0,0,2,,,
1,1.1,6785,51,1,2,6187,4,33,2,0,0,0,0,0,0,0,3,,,
1,1.1,6785,180,2,3,6251,2,30,,,,,,,,,,3,998,4
1,1.1,6785,181,1,3,6251,3,30,,,,,,,,,,3,0,0
1,1.2,6789,33,2,2,6829,3,30,2,5,0,5,5,0,0,0,1,3,3.5,4.5
1,1.1,6790,38,2,2,7533,3,33,2,1,2,5,5,0,0,0,3,,,
1,1.1,6790,41,1,2,2830,2,30,2,0,0,0,0,0,0,0,2,,,
1,1.1,6790,42,2,2,7533,4,30,2,0,0,0,0,0,0,0,2,,,
1,1.1,6793,42,2,2,339,3,30,2,5,0,5,1,1,0,0,0,,,
1,1.1,6793,43,1,2,339,4,30,2,5,0,5,5,0,0,0,0,,,
1,1.1,6793,45,2,2,339,5,30,2,5,0,5,5,0,0,1,3,,,
1,1.1,6793,47,1,2,6761,3,30,2,0,0,0,0,0,0,0,1,,,
1,1.2,6798,41,2,2,5047,4,30,2,5,0,5,1,5,0,0,1,3,0,0
1,1.2,6798,42,1,2,5047,5,30,2,5,0,5,5,0,0,0,1,3,0,0
1,1.1,6798,43,1,2,8699,2,30,2,0,0,0,0,0,0,0,2,,,
1,1.1,6801,42,1,2,4713,2,30,2,5,0,0,5,0,0,0,2,,,
1,1.1,6801,43,1,2,4814,4,95,2,0,0,0,0,0,0,0,0,,,
1,1.1,6802,36,1,2,5274,2,30,2,5,0,0,5,0,5,0,1,,,
1,1.2,6820,38,2,2,3847,3,30,2,5,0,5,5,0,0,0,5,3,0,0
1,1.1,6820,40,1,2,1852,3,60,2,0,0,0,0,0,0,0,2,,,
1,1.1,6820,41,2,2,1940,3,30,2,0,0,0,0,0,0,0,4,,,
1,1.1,6826,34,1,2,1607,3,30,2,1,4,0,1,1,0,0,2,,,
1,1.1,6826,35,1,2,6942,2,30,2,0,0,0,0,0,0,0,1,,,
1,1.2,6832,46,1,2,4988,3,60,2,5,0,0,1,1,0,0,0,3,998,4
1,1.2,6832,47,2,2,4988,4,60,2,1,4,0,5,0,0,5,5,3,2.5,4
1,1.2,6832,49,1,2,4546,2,30,2,5,0,0,5,0,0,5,1,3,0,0
1,1.2,6836,30,1,2,894,4,30,2,1,5,0,1,1,0,0,1,3,998,4
1,1.1,6836,31,1,2,894,5,30,2,1,6,5,1,1,0,0,2,,,
1,1.1,6838,34,1,2,143,4,30,2,5,0,0,5,0,0,0,3,,,
1,1.1,6838,35,2,2,143,5,30,2,5,0,0,5,0,0,5,2,,,
1,1.1,6839,44,1,2,3282,2,30,2,5,0,0,1,1,0,0,3,,,
1,1.1,6839,45,1,2,6015,2,30,2,0,0,0,0,0,0,0,1,,,
1,1.1,6839,46,1,2,3282,3,30,2,0,0,0,0,0,0,0,1,,,
1,1.1,6839,47,1,2,3246,3,30,2,0,0,0,0,0,0,0,2,,,
1,1.1,6839,48,2,2,8725,4,30,2,0,0,0,0,0,0,0,1,,,
1,1.1,6839,49,2,2,8725,5,30,2,0,0,0,0,0,0,0,1,,,
1,1.2,6839,187,2,3,8725,3,30,2,1,1,0,1,5,0,0,1,3,4.1,4
1,1.2,6839,194,2,3,4386,3,30,2,5,0,0,5,0,5,0,3,3,0,0
1,1.2,6841,32,1,2,8637,4,30,2,1,5,5,1,1,0,5,1,3,0,0
1,1.1,6841,33,2,2,8637,5,30,2,5,0,0,1,1,0,5,1,,,
1,1.1,6841,34,2,2,2435,3,30,2,0,0,0,0,0,0,0,5,,,
1,1.1,6841,35,2,2,2435,4,30,2,0,0,0,0,0,0,0,5,,,
1,1.1,6841,36,2,2,8637,6,30,2,0,0,0,0,0,0,0,0,,,
1,1.1,6841,37,2,2,2435,5,30,2,0,0,0,0,0,0,0,5,,,
1,1.2,6843,36,1,2,8867,4,70,2,5,0,5,5,0,0,0,3,3,0,0
1,1.1,6845,46,1,2,2881,3,30,2,0,0,0,0,0,0,0,4,,,
1,1.1,6845,48,2,2,6576,3,30,2,0,0,0,0,0,0,0,0,,,
1,1.2,6845,185,2,3,5950,5,60,2,1,1,5,1,5,0,0,1,3,4,4
1,1.1,6853,35,2,2,7895,4,30,2,5,0,0,5,0,0,0,3,,,
1,1.1,6853,36,1,2,7895,5,30,2,0,0,0,0,0,0,0,0,,,
1,1.1,6857,32,1,2,2643,4,97,2,0,0,0,0,0,0,0,1,,,
1,1.1,6862,48,2,2,8941,3,30,2,9,0,0,9,0,0,0,0,,,
1,1.1,6862,49,2,2,6485,2,30,2,5,0,0,5,0,0,0,5,,,
1,1.1,6864,36,2,2,7010,3,30,2,1,5,0,5,0,0,5,0,,,
1,1.1,6864,40,1,2,7010,4,30,2,0,0,0,0,0,0,0,0,,,
1,1.1,6867,41,2,2,6763,3,30,2,0,0,0,0,0,0,0,1,,,
1,1.1,6872,33,1,2,1985,4,30,2,5,0,0,5,0,0,1,3,,,
1,1.1,6872,34,2,2,2973,2,30,2,5,0,0,1,5,5,0,2,,,
1,1.1,6872,35,1,2,3769,3,30,2,5,0,0,5,0,0,0,2,,,
1,1.1,6872,36,1,2,1985,6,30,2,5,0,0,5,0,0,1,1,,,
1,1.1,6872,37,1,2,1985,7,30,2,0,0,0,0,0,0,0,1,,,
1,1.1,6872,38,1,2,3769,4,30,2,0,0,0,0,0,0,0,1,,,
1,1.1,6872,181,1,3,1985,3,30,2,5,0,0,5,0,0,1,3,,,
1,1.1,6872,185,2,3,1985,5,30,2,5,0,0,5,0,0,1,3,,,
